Nom de l'établissement;Adresse;Site Web;;;;;;;;;;Status
Israe Beauty House;salon beauty house Rue RIF Mohammédia 28800 Maroc;;;;;;;;;;;
Ladies Spot beauty lounge and spa;9 LOT NASR ALMOUSTAKBAL (RTE FOUARAT) T Témara 470 MAG Maroc;https://instagram.com/ladiesspotbeautylounge?utm_medium=copy_link;;;;;;;;;;Traité
layali spa;no 50 Av. Mohamed VI El Jadida 24000 Maroc;;;;;;;;;;;
Le 16éme SPA;IMM 20 LOT ONE HILLS LES ORCHIDES MAG 20 Bouskoura Maroc;https://www.le16emespa.ma/;;;;;;;;;;Traité
Les Oiseaux du Paradis;Kamal parc center immeuble A/1er étage 2 numéro 2 Mohammédia Maroc;;;;;;;;;;;
Magnolia Luxury Spa;3011 Oulad benamer RP KM 6 route de bouskoura Casablanca 27182 Casablanca Bouskoura 27182 Maroc;http://greensportspark.ma/;;;;;;;;;;Traité
Maison Boughlala : Hammam & Spa;6X9V+3P2 S311 Taza Maroc;https://www.instagram.com/ghizlane.boughlala?igsh=dmRqdnNocWhrZzFk;;;;;;;;;;Traité
Maison de beauté Dahlia;Deroua Maroc;;;;;;;;;;;
Maison Elaine Beauty Center & Spa;63W4+PVX Al Hoceïma Maroc;;;;;;;;;;;
Majesty's Pleasure;Immeuble 4 RDCH Guy ville Plage Magasin 2 Résidence Islah Témara 12000 Maroc;;;;;;;;;;;
Signature By leila & Spa;bureau 4 7C44+8R5 résidence Palace Mimosa Av. Mohamed El Qori Kénitra Maroc;https://instagram.com/signature_by_leila_spa?igshid=YmMyMTA2M2Y=;;;;;;;;;;Traité
Spa Dar Merrakchia;FX67+383 276 Av. Hassan II Asilah 90050 Maroc;;;;;;;;;;;
spa la bella rose;layali 2 121 Berrechid 26100 Maroc;https://spalabellarose.com/;;;;;;;;;;Traité
Spa Zahra;Azrou 53000 Maroc;;;;;;;;;;;
Toty Beauty Center - ???? ????? | Coiffure • Esthétique • Massage | 100% Femmes;E06 Oued Zem 25350 Maroc;;;;;;;;;;;
Villa La Siesta;121 lotissement Mohammédia 28800 Maroc;https://villalasiesta.simplybook.me/;;;;;;;;;;Traité
???? ?????? ??????? ? ???????# Estheperla #;PXMW+8VG Demnate Maroc;;;;;;;;;;;
Centre Venisia : Coiffure & Ésthétique;BVD EL MOUTANABI N°228 béni Mellal Beni-Mellal 23000 Maroc;https://www.facebook.com/ahlam.elmratek;;;;;;;;;;Traité
Freya beauty & spa;230 Secteur 2 Temara 12012 Maroc;https://www.instagram.com/freyaspa.rabat?igsh=b2ltNXU1Ym43bjEx;;;;;;;;;;Traité
Hammam Paris;7JMV+W6 Azemmour Maroc;;;;;;;;;;;
Hammam sultan ???? ???????;X9PX+XPW Mojamaa Settat Maroc;;;;;;;;;;;
Salon Batoul Beauty de Coiffure & Ésthetique;Berrechid Maroc;http://batoulbeauty.com.mx/;;;;;;;;;;Traité
Sara Hair;5VJ4+PVM Larache Maroc;;;;;;;;;;;
SARAH BEAUTY;XWVP+VH6 Guelmim 81000 Maroc;;;;;;;;;;;
???? ????? ??????? ???????? ???????;Biougra Maroc;;;;;;;;;;;
Arctic Spas - Spas par BOFFO;Zone d'Activité SIRIUS CD47 57360 57360 Amnéville France;http://arcticspas-alsace.fr/;;;;;;;;;;Traité
Centre al amal;177 Riad Zitoun Lakdim Marrakech 40000 Maroc;;;;;;;;;;;
Centre Assil;imm D appt 2 souss 2 Massira 1 A? Marrakesh 40140 Maroc;;;;;;;;;;;
centre ayoub hijama;Lot. 8 N° 78 Rdpt Chahdia Casablanca 20240 Maroc;https://anasovj.github.io/Centre-Ayoub-Hijama/;;;;;;;;;;Traité
Centre Hijama;Marrakech 40160 Maroc;;;;;;;;;;;
Centre Hijama Sehati - ????? ???????? ????;ATTADAMOUN Meknes 50040 Maroc;;;;;;;;;;;
Centre physioterapie Alae ???? ?????? ??????? ????;9GHC+PR2 Drarga 80000 Maroc;;;;;;;;;;;
Coliseo Beauty Center;5RVW+P5C Larache Maroc;https://www.instagram.com/coliseo_beauty.center?igsh=MTZxdDFxZGkwY3o4eQ==;;;;;;;;;;Traité
Dar chifaa;143 secteur5 Ben Guerir 43150 Maroc;;;;;;;;;;;
Dar Laaroussa;22 Rue Meknès Hay Al Houboub 2éme Étage 25000 Khouribga Maroc;;;;;;;;;;;
Hammam lhajja;VFRX+VQM Meknès Maroc;;;;;;;;;;;
Lady Citty;Nador Selouane oumran 62700 Maroc;;;;;;;;;;;
Les Bains de Suifia;25 Derb Slima Marrakech 40000 Maroc;http://www.suifia.com/;;;;;;;;;;Traité
MollyNorthClinic;n 1 residence chakirin Rue ahmed lahrizi Tetouan 93000 Maroc;https://mollynorthclinic.ma/;;;;;;;;;;Traité
Pearl touch marrakesh;Centre d affaire toubkal Marrakech 40000 Maroc;http://www.pearltouch.ma/;;;;;;;;;;Traité
Saman Hijama;N° 138 Av. Allal El Fassi Dcheira El Jihadia 80000 Maroc;;;;;;;;;;;
Societe Du Thermalisme Marocain;étage 11 bâtiment C Park Tour ANFA Casa Business Towers 55 avenue MAINSTREET Casablanca Maroc;;;;;;;;;;;
Spa Tazarzit Agadir;Boulevard du 20 Aout Agadir 80000 Maroc;;;;;;;;;;;
talibi shop;Kénitra 14000 Maroc;;;;;;;;;;;
Vitalife;lot kortoba APPT 16 IMM 41 Moulay Bouazza 68350 Maroc;;;;;;;;;;;
???? ??? ??????;Q599+MQ8 Av. Layt Bnou Saad Tanger 90060 Maroc;;;;;;;;;;;
???? ???????? ??????? ? ?????? ???????;Av. Moulay Ali Cherif Inezgane 88000 Maroc;;;;;;;;;;;
???? ?????? ??????? ?????? ???????;Lotissement Haj Fath rue 10 Nm24 Casablanca 20220 Maroc;;;;;;;;;;;
???? ?????? ??? ???? ?????? ?????? ? ???????;imm. Ema 25 1 comp al bassatine Tangier 90000 Maroc;;;;;;;;;;;
???? ?????? ??????? ????????? ????????;???? ????????? ????????? ??? ?8 ?????? ??????? ????? ????? ?43 Agadir 86360 Maroc;;;;;;;;;;;
???? ????? ??????? ?????? ?????? ???;nr 667 tassoultante Marrakesh 40000 Maroc;;;;;;;;;;;
????? ??????? ??? ????;8FQW+59H? ???? ?????? Ait Melloul 80000 Maroc;;;;;;;;;;;
Centre eljirare;résid. Saada 4 boulevad Ibn Sina - ex Avicenne 20230 Maroc;;;;;;;;;;;
Exemple bus;fin kayn local Dakhli hnaya Bouskoura 27682 Maroc;;;;;;;;;;;
Hammam Essaada;W3CP+P64 Ouarzazate 45000 Maroc;;;;;;;;;;;
Source Thermale de Fezouane;Hammam La Route de Fezouane Fezouane Maroc;;;;;;;;;;;
??????? ???????;62PR+683 Mosquée Erradi Ben Guerir Maroc;;;;;;;;;;;
???????? ?????;Rue le Bastard 35000 Rennes France;;;;;;;;;;;
AQUA STUDIO;554 Rue du Collège 42370 Renaison France;https://www.aquastudio42.fr/;;;;;;;;;;Traité
AQUA TRAINING HUB;145 Rue Pierre Simon Laplace in 13290 Aix-en-Provence France;http://planet-aqua.fr/;;;;;;;;;;Traité
Aquabecool Martigues;4 All. Pablo Picasso 13500 Martigues France;https://aquabecoolmartigues.fr/;;;;;;;;;;Traité
Aquabike Toulon;77 Bd Louis Charles Delescluze 83200 Toulon France;https://mjaquabiketoulon.wixsite.com/83200;;;;;;;;;;Traité
AQUAGYM NATATION SOPHROLOGIE BIEN-ETRE LIFFRE;12 All. Olympe de Gouges 35340 Liffré France;https://aqua-sophro.fr/;;;;;;;;;;Traité
Aquarium de Saint Chamond - L'Aquaramiaud;Espace Pablo Neruda Route du coin - Bd des Echarmeaux 42400 Saint-Chamond France;http://www.aquaramiaud.com/;;;;;;;;;;Traité
Biodiversarium;Observatoire Océanologique de Av. Pierre Fabre 66650 Banyuls-sur-Mer France;http://www.biodiversarium.fr/;;;;;;;;;;Traité
Centre aquatique intercommunal Pays des Sorgues Monts de Vaucluse;Av. Napoléon Bonaparte 84800 L'Isle-sur-la-Sorgue France;https://www.paysdessorgues.fr/;;;;;;;;;;Traité
City de nathalie;18800 Gron France;;;;;;;;;;;
Cize;1 Rte du Moulin 01250 Cize France;;;;;;;;;;;
Fosse de plongée Loïc Leferme Dunkerque;2 Rue du Tornegat 59430 Dunkerque France;https://www.ville-dunkerque.fr/decouvrir-sortir-bouger/sports/les-piscines/la-fosse-de-plongee-loic-leferme;;;;;;;;;;Traité
La piscine de Mag;6 Ancienne route de Montpellier 34820 Teyran France;http://www.lapiscinedemag.com/;;;;;;;;;;Traité
Le parc de la plage/ pizza Nicouette;193 Rte des Frères Montgolfier 42300 Villerest France;;;;;;;;;;;
Loc Piscine Occitanie;3 Av. de Coulombet 30350 Moulézan France;https://loc-piscine-occitanie.vercel.app/;;;;;;;;;;Traité
Piscine Aquabulle;58 All. de Grangeneuve 33470 Le Teich France;http://www.aquabulleleteich.com/;;;;;;;;;;Traité
Piscine Le Roumingue;60 Av. de la Libération 33138 Lanton France;;;;;;;;;;;
Sensation Jura canyon;1 place du chalet 39520 Foncine-le-Bas France;https://sensation-jura-canyon.fr/;;;;;;;;;;Traité
Sport & O' Montaigu;9 Rue Denis Papin 85600 Montaigu-Vendée France;http://www.sport-et-o.fr/;;;;;;;;;;Traité
Sports De Plage;Unnamed Road 11560 Fleury France;;;;;;;;;;;
Centre Nautique de l'Espace Bernard Pellarin;465 Rte du Lac 74350 Cruseilles France;http://www.ccpaysdecruseilles.org/services/centre-nautique;;;;;;;;;;Traité
L'Îlobulle;14 Rue de la Libération 41700 Le Controis-en-Sologne France;https://www.piscine-lilobulle.fr/;;;;;;;;;;Traité
Far'Aquatique;18 Rue de la Planquette 62138 Auchy-les-Mines France;https://faraquatique.fr/;;;;;;;;;;Traité
L'Hippocampe - Grand Cubzaguais;275 Av. Boucicaut 33240 Saint-André-de-Cubzac France;https://lhippocampe.grand-cubzaguais.fr/;;;;;;;;;;Traité
Aqua'Mat;12 Rue de la Gare 16260 Chasseneuil-sur-Bonnieure France;;;;;;;;;;;
OMEGA - Centre Aquatique - Forme - Bien-être;1 rue Pierre-Gilles de Gennes 91190 Gif-sur-Yvette France;https://omegagif.fr/;;;;;;;;;;Traité
Sport & O' Cugand;Le Mortier 85610 Cugand-la-Bernardière France;https://sport-et-o.fr/;;;;;;;;;;Traité
Aqualomois by Vicky;49 Av. de Paris 51700 Dormans France;http://www.aqualomois.fr/;;;;;;;;;;Traité
Espace Aquatique Lilo;Forum des sports 01700 Saint-Maurice-de-Beynost France;https://www.espaceaquatiquelilo.fr/;;;;;;;;;;Traité
Piscine Intercommunale Aqualis;1 All. de la Piscine 60270 Gouvieux France;https://piscineaqualis.fr/;;;;;;;;;;Traité
L'Hippocampe;quartier Roqua 1 Chem. du Coton 07200 Aubenas France;http://www.lhippocampe-aqua.fr/;;;;;;;;;;Traité
Centre aquatique de la Pépinière;95 Rue des 2 Communes 86180 Buxerolles France;;;;;;;;;;;
Centre aquatique intercommunal;Fbg de Belfort 90100 Delle France;https://www.centre-aquatique-delle.fr/;;;;;;;;;;Traité
Centre Aquatique Olympique Métropole du Grand Paris;361-363 Av. du Président Wilson 93200 Saint-Denis France;http://cao-metropolegrandparis.fr/;;;;;;;;;;Traité
Centre Aquatique L'Eau Vive;105 Rue de Paris 77220 Tournan-en-Brie France;https://leauvive.lesportesbriardes.fr/;;;;;;;;;;Traité
Aqua Sénart;All. Jacques Mayol 91210 Draveil France;https://aqua-senart.fr/;;;;;;;;;;Traité
Espace Baignade du Port aux Cerises;Chem. des Mousseaux 91270 Vigneux-sur-Seine France;https://le-port-aux-cerises.iledeloisirs.fr/lespace-baignade-reste-ferme-cet-ete/;;;;;;;;;;Traité
Union Nautique;21 Rte d'Epinal 88400 Gérardmer France;https://www.mairie-gerardmer.fr/tourisme/union-nautique;;;;;;;;;;Traité
Centre Aquatique L'Odyss;40 Rue de la Plaine 85110 Chantonnay France;https://www.centreaquatiquelodyss.fr/;;;;;;;;;;Traité
Piscine à Gouex;3 Rue de la Mairie 86320 Gouex France;http://www.vienneetgartempe.fr/;;;;;;;;;;Traité
Complexe Aquatique de Saint-Renan;Pl. du Dr Paul Guyader 29290 Saint-Renan France;https://spadium-saint-renan.fr/;;;;;;;;;;Traité
Prestalis;5 bis rue Pl. des Gates 35410 Châteaugiron France;https://prestalis.com/;;;;;;;;;;Traité
Aqua Bien-être et Naître Anne Duterme;20 Rue Maurice Ravel 38920 Crolles France;;;;;;;;;;;
Centre ludo-sportif Les Hermines : Espace aquatique;Centre ludo-sportif Les Hermines Ronde de Vassivière 63610 Besse-et-Saint-Anastaise France;https://superbesse.com/activite/indoor/;;;;;;;;;;Traité
Centre Aqualudique Rivéa;Rte de Beauraing 08600 Givet France;http://www.rivea.fr/;;;;;;;;;;Traité
L'Oréade;4 Av. du Général de Gaulle 77170 Brie-Comte-Robert France;https://loreade.fr/;;;;;;;;;;Traité
E'Caux Bulles;1 Av. Micheline Ostermeyer 76190 Yvetot France;https://www.e-caux-bulles.fr/;;;;;;;;;;Traité
Akwamouv;130 Rue du Dr Dion 26110 Nyons France;https://akwamouv.com/;;;;;;;;;;Traité
AQUA DU PIC;36B Chem. de l'Escale 34380 Viols-le-Fort France;;;;;;;;;;;
Aquabecool;RN113 13127 Vitrolles France;http://www.aquabecool.com/;;;;;;;;;;Traité
Centre Aquatique La Salamandre;1 Av. du Quai des Fontaines 51300 Vitry-le-François France;https://www.vitry-le-francois.net/;;;;;;;;;;Traité
Stade nautique Youri Gagarine;67 Rue Youri Gagarine 94800 Villejuif France;https://sortir.grandorlyseinebievre.fr/sport-et-loisirs/piscines/stade-nautique-youri-gagarine-villejuif;;;;;;;;;;Traité
AQUAFIT-SQY;10 Av. Ampere 78180 Montigny-le-Bretonneux France;https://aquafitsqy.fr/;;;;;;;;;;Traité
Centre aquatique Linéo;1092 Rue d'Herzeele 59470 Wormhout France;https://lineo.cchf.fr/;;;;;;;;;;Traité
Natur'elle forme;1541 Rte de Mézériat 01540 Vonnas France;http://www.naturelle-forme.fr/;;;;;;;;;;Traité
Parc Aquatique Aquamonts;14 Pl. du 19 Mars 1962 81330 Saint-Pierre-de-Trivisy France;https://www.stpierredetrivisy.fr/parc-aquatique-aquamonts;;;;;;;;;;Traité
Piscine de Villeneuve-Saint-Georges;18-20 Av. de l'Europe 94190 Villeneuve-Saint-Georges France;https://www.grandorlyseinebievre.fr/centre-nautique-villeneuve-saint-georges;;;;;;;;;;Traité
Centre aquatique des Grands Prés;23 Rue Geoffroy Martel 41100 Vendôme France;https://www.vendome.eu/pratique/sport/centre-aquatique-des-grands-pres/;;;;;;;;;;Traité
Centre aquatique Villedieu Intercom;Rue du 08 Mai 1945 50800 Villedieu-les-Poêles-Rouffigny France;https://www.centreaquatique-villedieuintercom.fr/;;;;;;;;;;Traité
WATER SPLASH;Plage de la Baie Saint Michel 05230 Chorges France;http://www.watersplash.fr/;;;;;;;;;;Traité
L’Aquatik;Plage de la Voilerie 05160 Savines-le-Lac France;;;;;;;;;;;
Espace aquatique l'Azuréo;13 Rue de la Gare 53170 Meslay-du-Maine France;http://www.espace-aquatique-lazureo.com/;;;;;;;;;;Traité
Base de Loisirs de Souppes sur Loing;40 Rue des Varennes 77460 Souppes-sur-Loing France;https://www.souppes.fr/tourisme/la-base-de-loisirs/;;;;;;;;;;Traité
Piscines du Domaine de la Sablière;7985+62 30430 Saint-Privat-de-Champclos France;;;;;;;;;;;
Centre Aquatique Neptuneo;2 b Av. Théodore Aubanel 13210 Saint-Rémy-de-Provence France;https://www.centre-aquatique-neptuneo.com/;;;;;;;;;;Traité
Adonara Thionville;2 Rue Abel Gance 57100 Thionville France;http://adonara.fr/;;;;;;;;;;Traité
Kalinéo;Av. de la Tour Maury 91280 Saint-Pierre-du-Perray France;https://www.kaline-o.com/;;;;;;;;;;Traité
Aquaspace;7 Rue Antonio de Hojas 60000 Beauvais France;http://www.aquaspace.fr/;;;;;;;;;;Traité
Centre Aquatique Auguste DELAUNE;34 Av. Jean Cagne 69200 Vénissieux France;https://centre-aquatique.venissieux.fr/;;;;;;;;;;Traité
AQUA SAUVIAN;9 BIS Av. du Stade 34410 Sauvian France;;;;;;;;;;;
Le French Club;69 Av. de l'Aquitaine 33560 Sainte-Eulalie France;https://le-frenchclub.com/;;;;;;;;;;Traité
Aqua FIT' Rouen;12 Rue Saint-Etienne des Tonneliers 76000 Rouen France;http://www.aquabike-rouen.fr/;;;;;;;;;;Traité
L'Aquarelle;Chem. des Hazelles 51800 Sainte-Menehould France;http://www.laquarelle-piscine.com/;;;;;;;;;;Traité
Base d'activités d'Ômaya;Le Muleney 73500 Val-Cenis France;https://evolution2.com/val-cenis;;;;;;;;;;Traité
Parc Aquagliss;Plan d'eau du Champsaur Rte du Domaine 05500 Saint-Julien-en-Champsaur France;http://www.cc-champsaur.fr/index.php/Plan-d-eau-du-Champsaur?idpage=43;;;;;;;;;;Traité
Centre Aquatique La Baignade;36 Rue du Patis 89130 Toucy France;https://www.la-baignade.com/;;;;;;;;;;Traité
Oxyforme;853 Rue Charles de Gaulle 59840 Prémesques France;http://oxyforme.fr/;;;;;;;;;;Traité
L'Instant Aquatique;20 Rte de l'Escalette 31820 Pibrac France;https://www.linstantaquatique.fr/;;;;;;;;;;Traité
Jeux d'Eau;2 D159 47140 Penne-d'Agenais France;https://www.fumelvalleedulot.com/fr/page/260/espace-aqua-ludique-a-penne-d-agenais-jeux-deaux;;;;;;;;;;Traité
Ingreo - Salle de sport & Bien-être Montauban;Bd Edouard Herriot 82000 Montauban France;https://ingreo.fr/;;;;;;;;;;Traité
Total Jump (Siège);5 Rte de Kirchheim 67520 Odratzheim France;https://www.total-jump.fr/de/infos/;;;;;;;;;;Traité
aquaclub80;4 Rue Jean Dupuy 80500 Montdidier France;;;;;;;;;;;
Silhouette & Bicyclette - Aquabike Marseille;227 Av. Pierre Mendès France 13008 Marseille France;http://www.aquabikemarseille.com/;;;;;;;;;;Traité
Centre aquatique communautaire;1 Rue Pierre de Coubertin 71000 Mâcon France;http://www.mb-agglo.com/;;;;;;;;;;Traité
Aqua'Seven - Cours Aquafitness - Grimaud Gwendoline;1 Rue Carvoeira 33880 Saint-Caprais-de-Bordeaux France;https://aquaseven33.wixsite.com/aquagym;;;;;;;;;;Traité
Centre Aquatique Sallanches Mont-Blanc;82 Rue Charly Mottet 74700 Sallanches France;https://sallanchesmontblanc.com/centre-aquatique-sallanches-mont-blanc;;;;;;;;;;Traité
So Swim Venelles;43B Av. de Mouliero 13770 Venelles France;https://www.so-swim-venelles.com/;;;;;;;;;;Traité
Aquarium Location Services;6 Rue Louis Delourmel 35230 Noyal-Châtillon-sur-Seiche France;http://www.aquariumlocationservices.fr/;;;;;;;;;;Traité
Agadir Dolphin World;Front de mer Anza Agadir 80000 Maroc;http://dolphinworldagadir.com/;;;;;;;;;;Traité
Almina Aqua Fun;QMR2+458 Fnideq Maroc;;;;;;;;;;;
Aqua park;Km 15 Route de l'Ourika Marrakesh 40005 Maroc;https://www.pickalbatros.com/aqua-fun-club-resort-marrakech/aqua-fun;;;;;;;;;;Traité
Aqua Pirate;Aqua Pirate Mehdia Rte de Mehdia Kénitra Maroc;;;;;;;;;;;
Aqualand Meknes Parc;Sortie ouest de l’autoroute Meknes Maroc;https://aqualandmeknes.ma/;;;;;;;;;;Traité
Aquamania Souani;6455+42 PLAGE SFIHA KM7 Ajdir 35052 Maroc;;;;;;;;;;;
Aquaparc Alpamare Saïdia;Aquapark Alpamare Saïdia 60600 Maroc;http://alpamaresaidia.ma/;;;;;;;;;;Traité
Aquapark Guelmim ???? ???? ?????;Route Agadir 81000 Maroc;https://web.facebook.com/profile.php?id=61559621346377;;;;;;;;;;Traité
Aquasis Parc;Hey Bd Mohamed 5 Zagora 47900 Maroc;;;;;;;;;;;
Aquazen Water Park;QCPX+JQ Ouazzane Maroc;;;;;;;;;;;
ATLANTICA PARK water park;H6QX+785 Imi Ouaddar Maroc;http://www.atlanticaparc.com/;;;;;;;;;;Traité
Brek Aqua Park;W8XV+G5V Khénifra Maroc;https://www.facebook.com/AQUAPARKBREK/?locale=fr_FR;;;;;;;;;;Traité
Danialand Waterpark;Danialand waterpark Agadir 80000 Maroc;https://www.danialand.com/;;;;;;;;;;Traité
Dino Land Aqua Park;Route national 8 mghila Béni Mellal 23000 Maroc;;;;;;;;;;;
Eden Aquapark Marrakech;Marrakech 40000 Maroc;https://www.edenaquapark.com/;;;;;;;;;;Traité
L'univers aquatique;87 lot Menzeh CYM Rabat Avenue Al Mohit Al Hadi Rabat 10120 Maroc;http://www.univers-aquatique.ma/;;;;;;;;;;Traité
M'nar Aqua Park;Tanger Maroc;;;;;;;;;;;
Oasiria Water Park Marrakech - ????? ??????? ??????? ?????? ?????;Km 4 Route d'Amizmiz Marrakech Maroc;http://www.oasiria.com/;;;;;;;;;;Traité
Oualidia Aqua'land;PXQC+453 22000 Oualidia Maroc;;;;;;;;;;;
Palmiya Fun and Water Land;Marrakech Maroc;https://www.palmiya.com/;;;;;;;;;;Traité
Parc Aquatique;JJ8C+JHV Province de Mohammédia Maroc;http://dreamvillage.ma/;;;;;;;;;;Traité
Parc Aquatique d'Aglou;Aglou Plage Tiznit 85000 Maroc;https://www.camping-aglou.com/parc-aquatique-aglou/;;;;;;;;;;Traité
Parc Aquatique El Hajeb;Av marche verte El-Hajeb 51000 Maroc;;;;;;;;;;;
Parc des jeux deauville;N1 Maroc;;;;;;;;;;;
Smir aquapark;PMV3+5PX M'diq Maroc;https://smirpark.com/;;;;;;;;;;Traité
Ain Selmani;Tanger Maroc;;;;;;;;;;;
Aquaparc Aquamiss;XQG4+G9G Mtalssa Aasel Maroc;;;;;;;;;;;
AquaPlay;Oujda Maroc;;;;;;;;;;;
Cabo Aqua Joy;JPMG+WV Martil Maroc;;;;;;;;;;;
Centre Aquatique;Al Hoceïma Maroc;;;;;;;;;;;
chateau d'eau;9R5J+G3 Chouirij Maroc;;;;;;;;;;;
Complexe Socio-Sportif;FVXX+7F6 P2014 Tameslohte Maroc;;;;;;;;;;;
La Grande Piscine OCP;V3FW+W48 Bd 2 Mars Khouribga Maroc;;;;;;;;;;;
Landoria;F5JG+F7C Tamaris Maroc;;;;;;;;;;;
Piscine 1;G42V+H5H Tamaris Maroc;;;;;;;;;;;
Tower Water TANANT ???? ?????;V374+3XP Tanant Maroc;;;;;;;;;;;
??? ???? ????;VGG3+MQ Azrou Rezmouka Maroc;;;;;;;;;;;
?????? ?????? ???? ???????;Hay Soufia al warda 280 Marrakech 40000 Maroc;;;;;;;;;;;
?????;X9X5+4C4 Ighir N wabod Maroc;;;;;;;;;;;
???? ????;M928+V9 Aït Ouazik Maroc;;;;;;;;;;;
??? ?????;J4C5+G5 Ladilate Maroc;;;;;;;;;;;
??? ????? ??????;PXC7+FJX Unnamed Road Demnate Maroc;;;;;;;;;;;
??? ???;324Q+XQM Fes Maroc;;;;;;;;;;;
??? ??? ??????;Q484+PH Arg Karouel Maroc;;;;;;;;;;;
???? ??????;CR83+5J Oulad Teima Maroc;;;;;;;;;;;
????? ?????;M4FF+FP Touna Niaaraben Maroc;;;;;;;;;;;
????? ???????? ????;RF7H+75H Tamellalt 40400 Maroc;;;;;;;;;;;
?????? ?????? ?????? ??????;5JP8+VJ M'rirt Maroc;;;;;;;;;;;
?????? ? ????? ?????? ? ?????;4MJ4+VH Ouiouane Maroc;;;;;;;;;;;
?????? ????? ?????? ??????;4JHR+Q3 Ouiouane Maroc;;;;;;;;;;;
??? ?????? ??? ??????;4JJ5+HX El Hammam Maroc;;;;;;;;;;;
??? ??????? ??? ???????????;4H5R+JW7 Afrirwa M'rirt Maroc;;;;;;;;;;;
????? ????? ?????? ????? ???????? ???????;4JW6+MC M'rirt Maroc;;;;;;;;;;;
????? ????? ????? ?????;5H2V+92 El Hammam Maroc;;;;;;;;;;;
????? ??????;5JJG+P86 Igr awragh M'rirt Maroc;;;;;;;;;;;
??? ????? ???? ??????;5HMP+CV8 Igr Awragh M'rirt Maroc;;;;;;;;;;;
ERIC SAUNIER - CENTRE DE MASSAGE & DE BIEN ETRE - PALAISEAU;56 Av. du 8 Mai 1945 91120 Palaiseau France;https://www.esformation.org/;;;;;;;;;;Traité
H2O-Hydrothérapie;Chemin Des Houches 91150 Roinvilliers France;http://www.h2o-hydrotherapie.com/;;;;;;;;;;Traité
HIPPOCRATES;1 Rue du Clos René 34000 Montpellier France;http://www.hippocrates.fr/;;;;;;;;;;Traité
SHAKTI 34;8 Av. de la Fontvin 34970 Lattes France;https://www.shakti34.fr/;;;;;;;;;;Traité
Les Rituels d'Ô Hammam massage et soin visage;1110 Av. de Saint-Maur 34000 Montpellier France;https://www.lesrituelsdo.fr/;;;;;;;;;;Traité
La Maison Yvonne;88 Chem. de Notre Dame À Saint-Martin 34300 Agde France;https://www.ideosens.fr/lamaisonyvonne/?utm_source=gmb;;;;;;;;;;Traité
Val''Hõll;5 Bis Rue sur la ville 70110 Les Magny France;https://valhollmassages.wixsite.com/website;;;;;;;;;;Traité
Le Repos de la Tortue (E.I);27 Rue de la République 31620 Fronton France;https://www.planity.com/le-repos-de-la-tortue-31620-fronton;;;;;;;;;;Traité
Massage bien-être;5 Rue de la Justice 57570 Puttelange-lès-Thionville France;https://massage-bien-etre.webnode.fr/reservation/;;;;;;;;;;Traité
ZhenWell — Massage & Bien-être Cannes;14 Rue Lecerf 06400 Cannes France;https://zhenwell.fr/;;;;;;;;;;Traité
Spa Océane - Le Dôme de Vincennes;20 Av. des Murs du Parc 94300 Vincennes France;https://ledomedevincennes.fr/espace-1320-spa-oceane.html;;;;;;;;;;Traité
L'espace bien-être /praticienne en massages bien être ET ventouses/diplomée;12 La Daviais 50240 Saint-James France;;;;;;;;;;;
Nature et bien-être à Sauvigney;Grande rue 70140 Sauvigney-lès-Pesmes France;https://natureetbienetre-sauvigney.com/;;;;;;;;;;Traité
Ici & Ailleurs;285 Chem. Sainte-Marie 26190 Saint-Jean-en-Royans France;http://www.icietailleurs.sitew.com/;;;;;;;;;;Traité
HARMONIA Massages Bien-être - Marmande;268 Rte De La Fuge 47200 Montpouillan France;https://www.harmonia47.fr/;;;;;;;;;;Traité
MB Atelier du Soin;245 Cherchory 23000 Saint-Sulpice-le-Guérétois France;;;;;;;;;;;
Bangkok Thailand Traditional;Résidence Maria B1 Rue de Damas Kenitra Maroc;http://www.bttmassage.com/;;;;;;;;;;Traité
Centre de Hijama Israe Bouskoura;local 4 Dyar Yassir 2  immeuble 2 Bouskoura Maroc;;;;;;;;;;;
Galerie Birikh : Centre de Massage & Hijama pour femmes;Bd El Gara Berkane Maroc;https://www.instagram.com/galerie_birikh_officiel2?igsh=eTludHZ3ZHV2N2c=;;;;;;;;;;Traité
Hammam Ben Abbad ???? ??????;20 Rue Kattanine Fes 30200 Maroc;;;;;;;;;;;
Laï Thaï Centre de Bien Etre;Tajziat Bassou Bd Biranzarane Tinghir Maroc;;;;;;;;;;;
Les Massages Berbères;135 Rue Mohamed El Qorry Essaouira Maroc;http://lesmassagesberberesessaouira.com/;;;;;;;;;;Traité
Massage Fès;22J4+V69 Fès 30050 Maroc;;;;;;;;;;;
Massage Martil à domicile;;https://www.tiktok.com/@massagetetouan?_t=ZM-8yEnCQNOqso&_r=1;;;;;;;;;;Traité
Mellow Massage and Hammam Taghazout Tamraght;Ait Soile Tamraght Agadir Maroc;https://mellowmassag.com/;;;;;;;;;;Traité
Prestigia Clinic and Spa;Rue de Grenoble Nador 62000 Maroc;;;;;;;;;;;
spa douce;Av. Fal Ould Oumeir Rabat 10090 Maroc;http://spadouce.com/;;;;;;;;;;Traité
Spa Rayhane;24 Rue Laalouj Essaouira 44000 Maroc;https://www.spariadrayhane.com/;;;;;;;;;;Traité
Spa Tamraght;;https://spatamraght.com/;;;;;;;;;;Traité
TAGHAZOUT GOLDEN SPA;Rue Ait Soual Tamraght 80023 Maroc;http://www.taghazoutgoldenspa.com/;;;;;;;;;;Traité
???? ???? ????? ????;imm arwa? 10 Bd General Kettani Settat 26000 Maroc;;;;;;;;;;;
???? ????? ??????? ??????? ?????? ???????????;R5MC+MXC Sefrou Maroc;;;;;;;;;;;
???? ???? ??????? ???????? ?????;M7R5+XPM Midelt Maroc;;;;;;;;;;;
Centre de massage;7F5M+RQX Rue 549 El Jadida Maroc;;;;;;;;;;;
Doha : Massage & Spa;Ahmet Rue Ibn Zaidoun Maroc;;;;;;;;;;;
??Serenity Wellness Home??;20 Rue Paul Vaillant Couturier 59217 Cattenières France;https://www.planity.com/serenity-59217-cattenieres;;;;;;;;;;Traité
ZN Wellness Meudon | Massage, Acupuncture & Soins MTC;9 Rue Paira 92190 Meudon France;http://www.znwellness.com/;;;;;;;;;;Traité
Wellness’home;4 Cité Sainte-Barbe 57440 Algrange France;https://www.planity.com/stylhome-wellnesshome-57440-algrange;;;;;;;;;;Traité
Wellness Studio;6 Rue du Dr Henri Vanuxeem 59850 Nieppe France;https://linktr.ee/wellnessstudionieppe;;;;;;;;;;Traité
Wellness Room - Drainage lymphatique & Madérotherapie;36 Rue de Chartres 28630 Morancez France;https://wellnessroommorancez.my.canva.site/praticienne-certifi-e;;;;;;;;;;Traité
Wellness Institut;128 Rue de Tournai 59780 Baisieux France;https://www.planity.com/wellness-institut-59780-baisieux;;;;;;;;;;Traité
Wellness By Nel - Drainage lymphatique Renata França | Massage sur-mesure | Soin visage;68 Rue du Général de Gaulle 77181 Courtry France;https://www.planity.com/wellness-by-nel-77144-montevrain;;;;;;;;;;Traité
SPA, NATURE & PRESTIGE by Wellness Addict;5001F Pl. Alexis Gruss 54150 Val de Briey France;https://www.wellnessaddict.fr/;;;;;;;;;;Traité
Nomad Wellness;14 All. des Tilleuls 67230 Sermersheim France;https://www.nomad-wellness.com/;;;;;;;;;;Traité
Nina Wellness & Beauty;4 ter Rue de la République 95570 Bouffémont France;https://www.ninawellnessandbeauty.com/;;;;;;;;;;Traité
Nature & Wellness;2 Rue Bernard de Girard 33185 Le Haillan France;https://www.naturewellness.fr/;;;;;;;;;;Traité
Les Sources d'Hon - Gîte de charme & Espace wellness privatif;Rue Maxime Ansieau 21 59570 Hon-Hergies France;https://www.lessourcesdhon.com/;;;;;;;;;;Traité
Le Prana maison et chambres d'hotes wellness et centre de soins;18 Rue de l'École Centrale 57160 Rozérieulles France;http://www.leprana-metz.com/;;;;;;;;;;Traité
Le Club Forme & Wellness La Grande Terrasse;Av. de la Falaise 17340 Châtelaillon-Plage France;https://www.la-grande-terrasse.com/club-forme-wellness/;;;;;;;;;;Traité
Laurent Mottet: Hypnomassages. Massages relaxants. MÔ Wellness;77 Bis All. de la Pépinière 33450 Saint-Sulpice-et-Cameyrac France;;;;;;;;;;;
La Belle Vie - St Martin de Belleville - Sport&Wellness Les Belleville;107 Rue des Ravines 73440 Les Belleville France;https://www.sportwellnesslesbelleville.com/lieux/la-belle-vie/;;;;;;;;;;Traité
L’Aventurine Wellness;Le Studio 127 127 Route du Puits de l’Homme 74330 Sillingy France;https://www.planity.com/laventurine-wellness-74960-meythet;;;;;;;;;;Traité
L’Argalyde Wellness & Cycling;2 All. du Bergons 65400 Ayzac-Ost France;https://largalyde.com/;;;;;;;;;;Traité
Kiareva Wellness;2 Rue Alexandre Gander 74200 Thonon-les-Bains France;https://www.instagram.com/kiareva.wellness?igsh=MzA1ZHhpZXI2amV1&utm_source=qr;;;;;;;;;;Traité
Kayna Wellness;52 Bd Dethez 13800 Istres France;http://www.kaynawellness.com/;;;;;;;;;;Traité
Holis'Wellness;Chem. des Romains 55100 Haudainville France;https://www.planity.com/holiswellness-55100-haudainville;;;;;;;;;;Traité
Gîte Wellness Le Six H - Sauna - Proche de Colmar - Réservez votre hébergement touristique - 6 personnes;1A Rue des Cordiers 68280 Andolsheim France;http://www.lesixh.com/;;;;;;;;;;Traité
Gîte Wellness Chez Léon - Allerey-Sur-Saone;1A Rue du Pâquier 71350 Allerey-sur-Saône France;https://www.wellness-chez-leon.fr/;;;;;;;;;;Traité
FLO'WELLNESS;Box 6rue Rolland Pilain ZA LA LOGE 37190 Azay-le-Rideau France;http://www.flowellness.fr/?utm_source=gmb;;;;;;;;;;Traité
Cocoon wellness;2 bis Rte Forestière 33750 Beychac-et-Caillau France;https://cocoon-wellness.fr/;;;;;;;;;;Traité
Chateau de Lavail / Mahawellness;Le Château Lavail 11320 Labastide-d'Anjou France;https://www.planity.com/mahawellness-11320-labastide-danjou;;;;;;;;;;Traité
CENTRE WELLNESS;3 Rte de la Nauve 24100 Creysse France;https://www.centre-wellness.com/;;;;;;;;;;Traité
CENTRE MINCEUR UNIQUE WELLNESS ORANGE;Résidence Alexandre 6 Av. Henri Fabre 1er 84100 Orange France;https://www.facebook.com/uniquewellnessminceur.orange/;;;;;;;;;;Traité
bodywellness- drainage lymphatique renata franca;Rue Fontaine 91580 Étréchy France;https://www.planity.com/body-wellness-91580-etrechy;;;;;;;;;;Traité
BioZen Wellness Nonancourt;38 Rue des Châteaux 27320 Nonancourt France;http://bio-zen-wellness.com/;;;;;;;;;;Traité
AUM SHANTI centre de soins ayurvedique et Wellness;18 Rue de l'École Centrale 57160 Rozérieulles France;https://www.ayurveda-metz.com/?utm_source=google&utm_medium=wix_google_business_profile&utm_campaign=6274060102117799633;;;;;;;;;;Traité
???????????? ?????????? – Massothérapeute spécialisée en massages bien-être visage & corps;Uniquement sur RDV 3 Rue de la Gare 79000 Niort France;http://www.maisonazuraspa.fr/;;;;;;;;;;Traité
ZinAmara - Centre de Bien-être et de Massages;5 Rue Frédéric Mistral 13100 Aix-en-Provence France;http://zinamara.com/;;;;;;;;;;Traité
ZenpourSoi, massages, espace bien-être avec jacuzzi et Vital Dôme sauna;80 IMPASSE DES BOULEAUX Chem. de la Gallee 26160 La Bégude-de-Mazenc France;https://www.zenpoursoi.fr/;;;;;;;;;;Traité
Zen et Bien par'Être;14 Rue Louis Pasteur 10100 Romilly-sur-Seine France;http://www.zenetbienparetre.fr/;;;;;;;;;;Traité
Yzalie bien-être;159 Rue Chèvre 77160 Chalautre-la-Petite France;https://www.facebook.com/profile.php?id=100066417948993;;;;;;;;;;Traité
YouKha Thaï Massage : Praticienne en massage bien-être et thérapie manuelle proche Auray;22 Rue Kerjulien 56690 Landaul France;http://www.youkhathaimassage.com/;;;;;;;;;;Traité
Ylang Bien Etre;13 Rés du Parc du Château 78430 Louveciennes France;;;;;;;;;;;
Yim Siam Institut Bien - être;2 Rue Van Loo 13100 Aix-en-Provence France;http://www.yimsiam-aix.fr/;;;;;;;;;;Traité
YANAMUNDHAE, Energéticienne - Praticienne Bien-être;21 Rue Jean Jaures 34140 Loupian France;;;;;;;;;;;
Wi-Thaï Bien-être;9 Rue du Commandant Lamy 06110 Le Cannet France;https://wi-thaibienetre.com/;;;;;;;;;;Traité
Voyage bien-être;7 Rue d'Aquitaine 33990 Hourtin France;https://www.voyagebienetre.fr/;;;;;;;;;;Traité
VotreMomentBien-Être ByMarion;204 Chem. de la Source 38460 Chozeau France;https://marionbergerby.wixsite.com/votremomentbienetre;;;;;;;;;;Traité
Vos instants précieux - Massages & Bien-être à Dijon;2 bis Rue Viollet le Duc 21000 Dijon France;http://vos-instantsprecieux.com/;;;;;;;;;;Traité
Volcanic Bien Etre;10 Rue des Bourguignons 92600 Asnières-sur-Seine France;https://volcanic-bien-etre.fr/;;;;;;;;;;Traité
Vitalys Massages Bien-Etre;52 Rue de Melun 77220 Liverdy-en-Brie France;;;;;;;;;;;
VITALAM-BIEN-ETRE, Véronique Miège;121 Mnt du Château 73630 Le Châtelard France;https://www.vitalam-bien-etre.com/;;;;;;;;;;Traité
Villa Athena, séjour bien-être et éthique;1 Rue du Couvent 14960 Meuvaines France;;;;;;;;;;;
Vibrâmnima : Praticienne en massages bien-être, myopraticienne, sonothérapeute, énergéticienne, fleurs de Bach.;4 Rue Emile Planchon 34190 Ganges France;http://www.vibramnima.com/;;;;;;;;;;Traité
Vanessa Montigny E.I - Massages personnalisés et drainage lymphatique bien-être;1 Imp. Pujeau Rabe 31410 Lavernose-Lacasse France;https://www.alalueurdelaura31.com/;;;;;;;;;;Traité
Vanessa Contentin bien-être;239 Chemin du Brulet Le Bletenay 38440 Meyrieu-les-Étangs France;https://www.facebook.com/vanessabienetre38;;;;;;;;;;Traité
Vanarom's nature Institut Bien Etre et Flottaison;102 Bd de la République 47000 Agen France;https://vanaroms.fr/;;;;;;;;;;Traité
VALERIE PRADEL FORMATION MASSAGES Bien-être;1420 Rue Pasteur 60700 Pont-Sainte-Maxence France;https://valeriepradelmassage.com/;;;;;;;;;;Traité
Valérie Evrard, praticienne en massages bien-être;3 ALLEE DE L'ABBE SUIRE 79000 Sciecq France;;;;;;;;;;;
Vague de Bien-être;Place de l'Eglise 29242 Ouessant France;;;;;;;;;;;
V Bien-Naître;1 Lot. Keroulin 56550 Locoal-Mendon France;https://www.vbiennaitre.fr/;;;;;;;;;;Traité
Un Zeste de Bien Etre;7 All. Alain Guénant ESPACE COMMERCIAL 5 AVENUE 85180 Les Sables-d'Olonne France;http://www.unzestedebienetre.com/;;;;;;;;;;Traité
Un rendez-vous pour soi - massage bien-être et soin énergétique;1889 Av. Roger Salengro 92370 Chaville France;http://unrdvpoursoi.fr/;;;;;;;;;;Traité
Un océan de bien-être;5 Chem. de Montsalson 42530 Saint-Genest-Lerpt France;https://www.planity.com/un-ocean-de-bien-etre-42100-saint-etienne;;;;;;;;;;Traité
Un nuage de coton Massage bien-être;422 Les Fenêtres 49140 Jarzé Villages France;;;;;;;;;;;
Un Monde De Bien Etre;2 All. du Centaure 64600 Anglet France;https://www.unmondedebienetre.com/;;;;;;;;;;Traité
Un Monde Ailleurs-Massage en duo-Soin énergétique-voyage sonore-Séjours bien-être;Bd de la Plage 66440 Torreilles France;https://www.massages-perpignan.fr/;;;;;;;;;;Traité
Un Doux Moment A Soi-Praticienne Massages Ayurvédiques, Bien-être, Corbère Les Cabanes, PyrénéesOrientaleGéraldine HUC-DUMAS;1 Imp. Cournellane 66130 Corbère-les-Cabanes France;https://www.facebook.com/profile.php?id=100088144880841;;;;;;;;;;Traité
Un air de bien-être ...;40 Av. Charles de Gaulle 24120 Terrasson-Lavilledieu France;https://www.facebook.com/unairdebienetre/;;;;;;;;;;Traité
Ton Bien Etre Massage;105 Rue Sinoël 77860 Couilly-Pont-aux-Dames France;https://www.tonbienetremassage.com/;;;;;;;;;;Traité
To'massage Bien-Être;1 Place De L’Azuré Centre Aquatique X’eau 16100 Châteaubernard France;https://tomassage-bien-etre.webador.fr/;;;;;;;;;;Traité
Toile & Lumière - L'écrin de l'Âme (Chromo-luminothérapie musicale, massage bien-être et exposition) Saint-Lô;16 Rue de la Poterne 50000 Saint-Lô France;https://www.marie-helene-mallet.fr/;;;;;;;;;;Traité
Tiroma Bien-Etre;378 Chemin de bourgnanen 3 l'Orée des grands pins 84550 Mornas France;;;;;;;;;;;
Timerelax Massage Bien-Être;Rue Jules Ferry 91160 Longjumeau France;https://timerelax.fr/;;;;;;;;;;Traité
Thiané TL massage bien-être;105 Rue de Villiers Adam 95630 Mériel France;http://www.thiane-tl-massage.com/;;;;;;;;;;Traité
TherapyZEN - massages & soins bien-être;Les Bories 120 route jean benigne milhau 6 34800 Clermont-l'Hérault France;https://www.planity.com/therapyzen-34800-clermont-lherault;;;;;;;;;;Traité
The Body by Ami – Facialiste & Massages Bien-Être à Amiens;58 Rue des Jacobins 1er étage 80000 Amiens France;https://www.planity.com/mon-compte;;;;;;;;;;Traité
Thaï-bien-etre;4 Rue des Noyers 77220 Liverdy-en-Brie France;https://wanida-bien-etre.wixsite.com/monsite;;;;;;;;;;Traité
Thaï Massage Bien-être Cosne;18 Rue Saint-Jacques 58200 Cosne-Cours-sur-Loire France;https://www.thaimassage-cosne.fr/;;;;;;;;;;Traité
Thai Massage Bien-Être Champagnole;62 Av. de la République 39300 Champagnole France;https://www.thaimassage-bien-etre.com/;;;;;;;;;;Traité
TERRE DE SOINS Massage Bien-être;57 Av. du Maréchal Foch 16600 Ruelle-sur-Touvre France;http://terredesoins.fr/;;;;;;;;;;Traité
Terre de Bien-Être;8 Rue de l'Ile de France 80260 Cardonnette France;https://www.facebook.com/terredebienetreamiens/;;;;;;;;;;Traité
TERRE DE BIEN-ETRE;33 Rue de Besle 44290 Guémené-Penfao France;https://www.planity.com/terre-de-bien-etre-44290-guemene-penfao;;;;;;;;;;Traité
Terramassa - Salon de massages et bien-être;3 A rue de la Polka 57130 Jouy-aux-Arches France;http://www.terramassa.fr/;;;;;;;;;;Traité
Terra Sansa, Maison de bien-être;2 bis Rue du Moulin 47800 Allemans-du-Dropt France;https://terrasansa.experience-beaute.com/?fbclid=IwY2xjawTC8pRleHRuA2FlbQIxMABicmlkETBRNFVzSnZPbTJaU2lsbGt4c3J0YwZhcHBfaWQQMjIyMDM5MTc4ODIwMDg5MgABHqBhrUH2yiLhKFJD7EJWk0JxEf5iEJLjlPAMZJ4IOngqH2FoW_5fBYYeycjO_aem_cjBmOWILwPtPIr-aroRC-w;;;;;;;;;;Traité
Terr Do Zen Coiffure Beauté Bien-être;155 Chaussée Jules César Pl. du Marché 95250 Beauchamp France;https://terrdozen.fr/;;;;;;;;;;Traité
Terapeya - Centre bien-être & remise en forme | Rambouillet, Yvelines (78);Pas Fleurie 109 Rue du Général de Gaulle 78120 Rambouillet France;http://www.terapeya.fr/;;;;;;;;;;Traité
Temple du bien etre;3 La Nouvelle France 53290 Bouère France;https://www.treatwell.fr/salon/temple-du-bien-etre/;;;;;;;;;;Traité
TARANISA - Massages Bien-Etre;4 Rue Marguerite Duras 22650 Beaussais-sur-Mer France;http://www.taranisa.com/;;;;;;;;;;Traité
Tania Felder Provenchere - Massages et conseils bien-être;8 Rue de la Renaissance 26120 Montélier France;;;;;;;;;;;
Symphonie du bien-être;11 Rue de la Frm Quirin 67370 Stutzheim-Offenheim France;;;;;;;;;;;
Symbiose & Plénitude by Fanny - Massages bien-être à Coëx;18 All. des Parulines 85220 Coëx France;;;;;;;;;;;
Swann Bien-être;185 Rue Saint-Clair 50260 Négreville France;https://www.planity.com/swann-bien-etre-50260-negreville;;;;;;;;;;Traité
Suzanne - l’Artisane du Bien-Être;34 Rue du Grand Pont 28230 Épernon France;https://suzannebien-etre.fr/;;;;;;;;;;Traité
Suwana bien-être;14 Bis Rue de Nachey 21240 Talant France;;;;;;;;;;;
Sue-Dimension Bien-Etre;481 Rue Albert Perrière 73210 La Plagne Tarentaise France;https://www.sue-dimension.com/;;;;;;;;;;Traité
Sublim'Gaïa | Massages Bien-être, Longévité & Minceur | Drainage Lymphatique • Remodelage Corps & Visage | Niort;4 Rue Gambetta 79000 Niort France;https://www.sublimgaia.fr/;;;;;;;;;;Traité
Sublime Bien-être;296 Av. Aristide Briand 93320 Les Pavillons-sous-Bois France;https://sublimebienetre.fr/;;;;;;;;;;Traité
Stéphanie Massage Bien-être Conflans;1 Rue Eugène Berrurier 78700 Conflans-Sainte-Honorine France;https://www.stephaniemassagebienetre.fr/;;;;;;;;;;Traité
Stephanie Massage bien-être;66B Dom. de Montvoisin ZA 91400 Gometz-la-Ville France;https://wwwstephaniemassagebienetre.squarespace.com/;;;;;;;;;;Traité
Steffany Marx massages bien-être;21 Rte de la Ferté Gaucher 77320 Choisy-en-Brie France;http://www.steffanymarx-massotherapeute.com/;;;;;;;;;;Traité
Stef Massage Bien-être;24 Rue Bordin 78500 Sartrouville France;https://www.stefmassage.fr/;;;;;;;;;;Traité
Sport Santé et Bien-Être;14 Rue Jean Cariven 19240 Allassac France;http://sportetbienetre201.wixsite.com/monsite;;;;;;;;;;Traité
Source de Bien-Être;44 Rue Domino 74140 Douvaine France;http://www.source-de-bien-etre.com/;;;;;;;;;;Traité
Source bien-être - Charlotte MONTALBANO YOGA - MASSAGE AMMA Assis - DO-IN (Auto-Massage);AGEN FR 1 Rue Saint-Exupéry D 47520 Le Passage France;https://www.sourcebienetre.fr/;;;;;;;;;;Traité
Sosso Bien-être Massage;15 Rue Béranger 42300 Roanne France;;;;;;;;;;;
sosbienetrebretagne, Laëtitia Le Vée : massages à domicile et en entreprises;22160 le bourg 22160 Bulat-Pestivien France;http://www.sosbienetrebretagne.fr/;;;;;;;;;;Traité
Sorelle Bien Etre;25 Rue Jean Jaurès 38350 La Mure France;https://www.sorellebienetre.com/;;;;;;;;;;Traité
Sophie Brossaud Massages bien-être & Kinésiologie TFH;Hôtel Particulier 12 Rue de la Liotterie 2ème étage 44430 Le Loroux-Bottereau France;http://sbrossaud.fr/;;;;;;;;;;Traité
SOMIA Esthétique & Bien-Être;33 Quai des Escoucières 81800 Rabastens France;;;;;;;;;;;
Sologne Bien Etre;30 Bis Rue des Poulies 45240 La Ferté-Saint-Aubin France;;;;;;;;;;;
Soleil Bien Etre;101 Rue du Chemin Vert 75011 Paris France;;;;;;;;;;;
Soléa Soins & bien-être;81000 Albi France;https://www.timee.fr/c/therapeute-holistique-sonia-torres/votre-etablissement;;;;;;;;;;Traité
Sokaly Reiki - Massage bien-être à Carpentras;197 Bd Albin Durand 84200 Carpentras France;https://www.sokaly-reiki.fr/;;;;;;;;;;Traité
Soins Energétiques et Bien Etre par Vanessa;4 All. des Camélias 56800 Campénéac France;https://soins-energetiques-et-bien-etre.webnode.fr/?utm_source=gmb;;;;;;;;;;Traité
Soins byô Massage bien-être, Beauté des mains /pieds;16 Rue de la Vesgre 28260 Oulins France;https://www.soinsbyo.fr/;;;;;;;;;;Traité
Sô’Zen bien-être Massages&Relaxation Bagnoles de L’Orne;Imp. du Loup Pendu 61140 Bagnoles de l'Orne Normandie France;https://www.facebook.com/profile.php?id=61552724331800;;;;;;;;;;Traité
SO' Instant Bien-être;2 Av. Edouard Herriot 91440 Bures-sur-Yvette France;http://www.soinstantbienetre.com/;;;;;;;;;;Traité
So Glad Beauté, Bien-être & Parfumerie;9 Av. Abbé Barbedet 35690 Acigné France;http://www.soglad.fr/;;;;;;;;;;Traité
SINAÏA Bien-Être, Méthode RENATA FRANÇA, Drainage lymphatique, KOBIDO, Madérotherapie, Massage détente sur-mesure;4 Rue des Cordeliers 39000 Lons-le-Saunier France;;;;;;;;;;;
Sérénité et Bien-Être;Gare de 77000 Melun France;https://shorturl.at/rce3g;;;;;;;;;;Traité
SENSOA - Massages bien-être & soin visage Kobido - Tours;9 Quai des Maisons Blanches 37540 Saint-Cyr-sur-Loire France;https://www.sensoa-massage.fr/;;;;;;;;;;Traité
SENSATIONS Bien Etre;60 Rue Léon Lhermitte 02400 Château-Thierry France;http://www.sensations-aisne.com/;;;;;;;;;;Traité
Secrets du bien-être;55 Rue Jean Jaurès 83340 Le Luc France;https://www.google.com/url?sa=t&source=web&rct=j&opi=89978449&url=https://sercretdubienetrekarine.fr/&ved=2ahUKEwjVuuyBttKUAxVv-QIHHWN5F3AQFnoECB0QAQ&sqi=2&usg=AOvVaw338Us2KOmP8vqADujcLACH;;;;;;;;;;Traité
Secrets de bien-être;87 Rue nationale 57230 Éguelshardt France;https://www.facebook.com/secretsdebienetre/;;;;;;;;;;Traité
Santala Bien-Être Fusion;5973 Rte de Jouques 83560 Rians France;http://www.santala-fusion.com/;;;;;;;;;;Traité
Sandie Cheucle CorCorazon - Massages Bien-être;155 Dsc de Bourbouillon 01400 Sulignat France;https://www.corcorazon.fr/;;;;;;;;;;Traité
Sand Bien-être 13 – Sandrine Ducret-Essayan;22 Lot. la Tuilerie 13550 Noves France;https://sand-bienetre13.e-monsite.com/;;;;;;;;;;Traité
SALON PARENTHESE BIEN-ÊTRE - SANDRINE LE FUR;27 Rue du Dr Laennec 56550 Belz France;;;;;;;;;;;
Salon L’escale Bien-être Ajaccio;Résidence La rocade 19 Av. Maréchal Lyautey bâtiment C 20090 Ajaccio France;https://www.lescalebienetre-ajaccio.com/;;;;;;;;;;Traité
Salon du bien-être et de la nature;Av. du Midi 47031 Agen France;http://bienetre-agen.com/;;;;;;;;;;Traité
Salon bien-être & esthétique;1 bis Rue du Ribéral 66290 Cerbère France;https://reservationbeaute.fr/bienetreetesthetique-66290/institut-cerbere-66290-massage;;;;;;;;;;Traité
Saine de vie, centre bien-être & naturopathie à Portbail;4 Rue Robert Asselin 50580 Portbail France;https://centre-bien-etre-cotentin.fr/#;;;;;;;;;;Traité
Saifon Massage Bien Etre;23 Rue Diego Velazquez 77176 Savigny-le-Temple France;;;;;;;;;;;
SAHIRI BIEN-ÊTRE;Sahiri Demougin 60 Av. des Lilas 64000 Pau France;;;;;;;;;;;
Sagesse du bien-être;Pôle santé du Parc 281 Rue Marcel Thomas 60600 Agnetz France;https://www.sagessedubienetre.fr/;;;;;;;;;;Traité
Sa Ta Na Ma Studio Bien Etre;1 Rue Fernand Galmiche 70500 Corre France;http://www.satanamastudio.fr/;;;;;;;;;;Traité
S' Madiana ( praticienne massage bien-être);26 bis Rue du 19 Mars 1962 42680 Saint-Marcellin-en-Forez France;https://smadiana42.wixsite.com/monsite;;;;;;;;;;Traité
ROSE BIEN ETRE massage Laval;35 Rue du Mans 53000 Laval France;https://rosebienetre-laval.now.site/home;;;;;;;;;;Traité
Rêves d'éclat Beauté & Bien-être;4 Imp. des Houx 85140 Chauché France;https://revesdeclat.kalendes.com/;;;;;;;;;;Traité
Rev'ailes Tes Sens | Institut de massage et centre bien-être;4 Chem. des Buissons 91150 Abbéville-la-Rivière France;https://revailestessens.fr/;;;;;;;;;;Traité
Ressources & moi - Gîte & Soins bien-être à Coulx;679 route de 47260 Coulx France;https://www.facebook.com/share/17ECBjwpwF/;;;;;;;;;;Traité
Renata Lima- Massages et bien-être;3 Pl. du Terrail 81380 Lescure-d'Albigeois France;https://renata-massages.fr/;;;;;;;;;;Traité
Relaxation & Bien-etre Piscine de Habsheim;5 Rue de l'Industrie 68440 Habsheim France;;;;;;;;;;;
Refuge Association Fight For Animals maison du bien etre et de la protection animale;449 chemin alezane 39230 Recanoz France;https://association-fight-for-animals.fr/;;;;;;;;;;Traité
Réflexologue, masseuse bien-être Laura Leprevost (L'Instant Zen);996 Rte du Beau Soleil 76640 Terres-de-Caux France;https://laurareflexologie76.fr/;;;;;;;;;;Traité
REFLEXOLOGIE BIEN-ETRE;97 Rte d'Aroffe 88170 Aouze France;https://www.reflexologie-bien-etre.fr/;;;;;;;;;;Traité
Reflex bien etre;20 Rte d'Amfreville 27400 La Vacherie France;http://reflexbienetre.fr/;;;;;;;;;;Traité
Rachel bien-être;37 Rte de Pierrepont 54260 Longuyon France;https://www.rachelbienetre.com/;;;;;;;;;;Traité
Prenez Une Pause – massage bien-être & espace détente;4 Chem. du Loup 31100 Toulouse France;https://www.prenezunepause.fr/;;;;;;;;;;Traité
Praticienne Euphoniste Energéticienne ,Massages énergétiques bien-être, Reiki Tao To Qi, Yoga de Samara au Jardin des Roses;JARDIN DES ROSES SANTE ET BIEN ETRE 15 Rue Edmond Jaeger 67140 Andlau France;http://www.soins-essentiels-esther.com/;;;;;;;;;;Traité
Praticienne en Relaxation - HOLISTIQUE BIEN-ÊTRE LUCHEUX RELAXATION;Résidence du Chêne 34 Rue Jean Baptiste Delecloy 80600 Lucheux France;;;;;;;;;;;
Praticienne en massage bien-être et accompagnatrice en libération émotionnelle coeur d'étoile by Caroline;54 Rue des Deux Moulins 62152 Neufchâtel-Hardelot France;;;;;;;;;;;
Praticienne Bien-être Diplômée Et Déclarée;Rue Colette Besson 80450 Camon France;https://www.facebook.com/instantdouceurbysandie;;;;;;;;;;Traité
Pranandi Bien-être;Imp. du Botscav 56550 Belz France;;;;;;;;;;;
Pranadev - Massages bien-être - Ayurveda - Yoga'Danse - Retraites Ayurvédiques/Yoga - Corinne Blat;170 Rue de la Fromagerie 73120 Courchevel France;https://pranadev.fr/;;;;;;;;;;Traité
Pour mon bien-être;21 Rte du Neubourg 27400 Louviers France;https://www.planity.com/pour-mon-bien-etre-27400-louviers;;;;;;;;;;Traité
Point Soleil Rueil-Malmaison - Centre de Bronzage UV, Amincissement, Sport & Bien-Être;2 Av. Georges Clemenceau 92500 Rueil-Malmaison France;https://www.pointsoleil.com/rueil-malmaison;;;;;;;;;;Traité
Point Soleil Meudon - Centre de Bronzage UV, Amincissement, Sport & Bien-Être;40 Rue de la République 92190 Meudon France;https://www.pointsoleil.com/meudon;;;;;;;;;;Traité
Plein vent Bien-être à Barneville-Carteret;55 Bd Maritime 50270 Barneville-Carteret France;https://www.pleinventbienetre.com/;;;;;;;;;;Traité
Piscine et espace bien-être du Sauze;244 Rue de la Savonnette 04400 Enchastrayes France;https://www.enchastrayes.fr/vivre-commune/sports-loisirs;;;;;;;;;;Traité
Piscine et Bien Etre;ZCAE du Moulin 3 Rue des Prés Pécate Bâtiment 2 88580 Saulcy-sur-Meurthe France;https://www.piscineetbien-etre.com/?utm_source=gmb;;;;;;;;;;Traité
Philosophie bien-être;10 Rue des Primeveres 68130 Carspach France;https://philosophiebienetre.kalendes.com/;;;;;;;;;;Traité
Philippe Mercier - Massage Bien-être;16 Pl. Pey Berland 33000 Bordeaux France;https://philippemercier-bienetre.fr/;;;;;;;;;;Traité
Petite parenthèse bien-être;3 Sente Du Prince 60300 Aumont-en-Halatte France;;;;;;;;;;;
Pearl bien dans son être;15 bis Rue Pierre et Marie Curie 22590 Pordic France;https://www.planity.com/pearl-spa-22590-pordic;;;;;;;;;;Traité
Pause Bien-être;10 All. Deutsch de la Meurthe 02610 Moÿ-de-l'Aisne France;http://atpoupart.wixsite.com/mapausebienetre;;;;;;;;;;Traité
Patricia Marquis Massages Bien-être Relaxants Ma Douceur Zen-Drainant minceur-Liftant visage-Réflexologie plantaire-EVJF;Maison De Santé Kielyno 21 Rue des écoles 91600 Savigny-sur-Orge France;http://patriciamarquis91.com/;;;;;;;;;;Traité
Patrice MARQUIS Massage Bien-être;18 Chem. d'en Couyoulet 31250 Revel France;https://patmrevel.wixsite.com/massage;;;;;;;;;;Traité
Parna Massages et Bien-être ayurvédique;6 All. du Verger 35310 Chavagne France;https://www.snehapaul.com/parna-bienetre;;;;;;;;;;Traité
Parles en à mon étoile-Massage Bien-être et Énergétique Intuitif - Massage Prénatal;1350 Rte d'Avignon 84320 Entraigues-sur-la-Sorgue France;;;;;;;;;;;
parenthèse bien-être;1 Av. de Chaussand 43200 Yssingeaux France;https://parenthese43200.e-monsite.com/;;;;;;;;;;Traité
Parenthèse BienEtre;9 Tour du Village 28700 Châtenay France;http://www.parenthese-massage.com/;;;;;;;;;;Traité
Parapharmacie Bien-Être et Santé;25 Rue du Faubourg 25370 Jougne France;https://parapharmaciebees.fr/;;;;;;;;;;Traité
OZ'VivreBien - Massages Bien-Être et soins Énergétiques Reiki - Karine PAQUOT;21 Rue du Rocher 44450 Divatte-sur-Loire France;https://ozvivrebien.fr/;;;;;;;;;;Traité
Ô'Zen...Centre de Bien-Être;8 Pl. Jules Ferry 91240 Saint-Michel-sur-Orge France;http://www.ozen91.com/;;;;;;;;;;Traité
O'soi - Loisirs, Piscine et Bien-être;Rte de Cotteriat 73500 Aussois France;https://www.aussois360.com/piscine/;;;;;;;;;;Traité
OSMOSYA - CENTRE DE BIEN–ÊTRE PAR FLOTTAISON;17 Rue de la Petite Fin 21121 Fontaine-lès-Dijon France;https://www.osmosya.com/?utm_source=google&utm_medium=GMB;;;;;;;;;;Traité
Osmose ostéopathie sport & bien-être;316 Av. du Marensin 40170 Lit-et-Mixe France;http://osmose-landes.com/;;;;;;;;;;Traité
Osmose bien-être;Le Sud Ouest 2A Rte de Lyon 69530 Brignais France;http://www.osmose-bien-etre.fr/;;;;;;;;;;Traité
Osez massage duo - Kobido - Bien-être Rennes (Mirévas);18 Rue Danton 35700 Rennes France;http://www.osez-massage.fr/;;;;;;;;;;Traité
Orneline bien-être - Massages à Mériel 95630 val d'oise- enfants, adultes et seniors.;Rés les Coteaux 95630 Mériel France;http://www.ornelinebienetre.com/;;;;;;;;;;Traité
ORI MASSAGE & BIEN-ETRE;2 Avenue Dr Fernand Aurientis 13100 Aix-en-Provence France;;;;;;;;;;;
Oré Sens Massages Bien-être;244 Rue des Hôpitaux 07100 Boulieu-lès-Annonay France;https://www.facebook.com/profile.php?id=61574581387403;;;;;;;;;;Traité
Ophézen massage de bien-être pour homme femme enfant bébé femme enceinte sportif minceur;La Font Valade 16410 Torsac France;http://ophezen.fr/;;;;;;;;;;Traité
Opaline Centre de Bien-Etre;22 Pl. Jean Baptiste Rouillon 55400 Étain France;;;;;;;;;;;
Ondes Marines | Massage bien-être | Spécialiste Kobido | Beauté | Cosmétiques naturels bio | Bordeaux Bastide - Rive droite;6 Pl. Calixte Camelle 33100 Bordeaux France;https://www.instagram.com/ondesmarines/profilecard/?igsh=MWozZW1qczF5aXk4bA==;;;;;;;;;;Traité
OMZEN Massage Sportif,relaxant,energetique therapie Bien-être;2 All. Jean Moulin 94340 Joinville-le-Pont France;;;;;;;;;;;
Olymféa Centre de bien-être;2 Rue Pasteur 54240 Jœuf France;https://www.olymfea.com/;;;;;;;;;;Traité
Olowan Bien-être | Massages personnalisés à domicile ou au salon | Esthétique traditionnelle;160 route du Dourdou 12330 Mouret France;https://olowanbienetre.fr/;;;;;;;;;;Traité
Oléa Massages Bien-être;27E Rue des Mésanges 07100 Annonay France;https://www.olea-massages.com/;;;;;;;;;;Traité
Ohm massage bien-être à domicile;3 Rue de la Rotonde 34290 Alignan-du-Vent France;;;;;;;;;;;
ODE AU BIEN-ETRE;11 Chem. des Châtaigniers 91620 La Ville-du-Bois France;http://www.ode-au-bien-etre.com/;;;;;;;;;;Traité
Océane Bien-Être - Massages et Soins au Puy-en-Velay;La Passerelle du Bien-Être 4 Rue de la Passerelle 43000 Le Puy-en-Velay France;https://oceanebien-etre.fr/;;;;;;;;;;Traité
Océan de Bien-être;8 Rue de Nantes 44680 Chaumes-en-Retz France;https://www.planity.com/ocean-de-bien-etre-44680-chaumes-en-retz;;;;;;;;;;Traité
objectif bien etre dijon EI;Et Leurs Camarades 9 R Des Rue Normaliens Fusillés Camarades 21000 Dijon France;https://www.objectifbienetre21.com/contact;;;;;;;;;;Traité
O’MANAVA Lodge & bien-être;5 route du stade 81640 Virac France;https://www.omanavalodge.fr/;;;;;;;;;;Traité
O Tsukimi - Massage Bien-être;17 Imp. Fidéli 62160 Bully-les-Mines France;https://otsukimimassagebienetre.fr/;;;;;;;;;;Traité
O Sens Bien Etre;4 Rue Romain Rolland 87600 Rochechouart France;;;;;;;;;;;
Ô Mains Sages - Massage Bien-être & Sportif | Aix Les Bains;298 Av. Marie de Solms 73100 Aix-les-Bains France;https://o-massage-aixlesbains.fr/;;;;;;;;;;Traité
Ô Délices Du Bien-Être;1 Rte du Petit Mesnil 27400 Louviers France;;;;;;;;;;;
Ô de Sermaize - Séjours bien-être en Normandie;7 Rue Demeufve 77590 Bois-le-Roi France;https://www.odesermaize.fr/infos/;;;;;;;;;;Traité
O' Corps & O' Cœur - Massages Bien-Être;2 Av. Edmond Michelet 19260 Treignac France;;;;;;;;;;;
Ô Cœur du Bien-Être;Rue des Quinquenays 37500 Chinon France;https://www.facebook.com/profile.php?id=100024740333102;;;;;;;;;;Traité
Ô coeur du bien - naître;541 Rue des Dadots 45200 Amilly France;http://www.ocoeurdubien-naitre.fr/;;;;;;;;;;Traité
Ô bien-être massage;16 B Stréat Groazoc 29840 Porspoder France;http://www.obienetremassage.fr/;;;;;;;;;;Traité
Ô Bien-être;148 Chem. du Château 06330 Roquefort-les-Pins France;https://obienetre-roquefort.fr/;;;;;;;;;;Traité
O BIEN ETRE Géraldine FABRE;Au bout du chemin 395 bis Chem. de Tout Blanc 84210 Althen-des-Paluds France;;;;;;;;;;;
Ô Beauté Péronne 80, Océane esthéticienne et praticienne bien-être;27 Rue du Quinconce 80200 Péronne France;http://obeaute80.fr/;;;;;;;;;;Traité
Nymphéa Thérapies Bien Etre;15 Rue Tristan Bernard 25000 Besançon France;https://www.planity.com/nymphea-therapies-bien-etre-25000-besancon;;;;;;;;;;Traité
NYA Institut – Épilation laser Magalas | Centre esthétique bien-être | Beauté | Proche Béziers;2 Rue des Terrasses de Montfo 34480 Magalas France;https://www.nyainstitut.fr/;;;;;;;;;;Traité
Nuages de Bien Etre;62 Av. du Général de Gaulle 77330 Ozoir-la-Ferrière France;https://nuagesdebienetre.kalendes.com/;;;;;;;;;;Traité
Nuage de bien-être;La Villa des Golf.e.s 5 Saint-Goustan route de 56450 Theix-Noyalo France;https://www.facebook.com/profile.php?id=100087363174017;;;;;;;;;;Traité
Novae bien-être;1 Rte de Bucy 02340 Clermont-les-Fermes France;;;;;;;;;;;
Nolly’Angel - Espace Bien-être et Mieux-être;195 Rue Angela Duval 29280 Plouzané France;http://nollyangel.fr/;;;;;;;;;;Traité
Niort Bien-etre;68 Rue de la Gare 79000 Niort France;;;;;;;;;;;
Nicole Frayssinet - Réflexologie/Bien-être;11rue des romarins 32220 Lombez France;http://www.toulouse-reflexologie-bien-etre.fr/;;;;;;;;;;Traité
Nicole Barbier - Réflexologie & Massage Bien-être à Autun;1 Rue du Bourg 71400 Autun France;https://www.nicole-barbier.fr/;;;;;;;;;;Traité
Nicolas Giron - massages bien-être et deep tissue;26 Rue du Commerce 56300 Le Sourn France;http://www.nicolasgiron.fr/;;;;;;;;;;Traité
Névènka Cely, Massages bien-être;Le Cubersel Rte de Nabinas 06660 Saint-Étienne-de-Tinée France;;;;;;;;;;;
NAYA Massage bien-être Eveil psycho-corporel. Soin énergétique Reiki;1 Rue du Dr Mercier 30100 Alès France;http://www.naya-massage.fr/;;;;;;;;;;Traité
Naty Beaute & Bien-Etre;37 Bd de la Marne 32600 L'Isle-Jourdain France;https://www.planity.com/naty-beaute-bien-etre-32600-lisle-jourdain;;;;;;;;;;Traité
Naturôsens : Massages bien-être - Réflexologie - Sophrologie - Naturopathie;9 Lot. Les Jardins du Bosc 11120 Saint-Nazaire-d'Aude France;http://resalib.fr/p/103269;;;;;;;;;;Traité
NATUR'OREL - Naturopathe - Praticienne Bien Etre - Massages;4 bis Rue Neuve 62173 Ransart France;https://www.naturorel.fr/;;;;;;;;;;Traité
Naturopathe Massages bien-être, Anaïs BAZIN Couratin, Retour ? Sources;19 Rue des Lavoirs 44440 Pannecé France;http://www.anaiscouratinnaturopathe.com/;;;;;;;;;;Traité
Nature et Sens: Minceur et Bien-Etre - Conseillère Ménopause à JONZAC;5 Av. Chanzy 17500 Jonzac France;https://natureetsens17.fr/;;;;;;;;;;Traité
Nature Et Bien-être;La 52 Rte Nationale 41260 La Chaussée-Saint-Victor France;https://www.nature-et-bien-etre-blois.com/;;;;;;;;;;Traité
Nature & Moi- salon de thé- centre bien-être et énergétique- vente de produits naturels;2 Rue Darnaud Bernard 82170 Grisolles France;https://natureetmoi.fr/;;;;;;;;;;Traité
NaTuraL'l praticienne en Maderotherapie, Drainage Lymphatique, massage Kobido et massage Tui Na massages bien-être;112 Rue de l'Hysope 13300 Salon-de-Provence France;https://naturallbyamelie.fr/;;;;;;;;;;Traité
Natur O Bien-être;La Haute Vieuville 35133 Landéan France;http://naturobienetre35.fr/;;;;;;;;;;Traité
NATBEL | Institut de massage bien-être | Soin et conseil bien-être | Saint-Étienne - Loire - Auvergne-Rhône-Alpes;24 Rue des Francs Maçons 42100 Saint-Étienne France;http://www.natbel.fr/;;;;;;;;;;Traité
Nat bien-être 37;21 Rue de la Côté Chaude 37400 Amboise France;;;;;;;;;;;
Nat' Bien Etre Apprieu;Rte les Hauts de Plambois 38140 Apprieu France;;;;;;;;;;;
NAO massage bien-être;6 Lot. du Moguérou 29241 Locquirec France;;;;;;;;;;;
NAMASTÉ LE BIEN-ÊTRE AU NATUREL;22 Rue de Nancy 57915 Woustviller France;;;;;;;;;;;
Namasté bien-être et vitalité;Rue de L’Accordeon 15200 Jaleyrac France;http://namastebienetreetvitalite.com/;;;;;;;;;;Traité
NADYWELL Institut de Massage bien-être Unieux Firminy | Saint-Etienne Loire Rhône-Alpes | FRANCE;6 Rue Jean Zay 1er Etage 42240 Unieux France;http://www.nadywell.fr/;;;;;;;;;;Traité
Nadia Robert Massages Bien-Être;126 Imp. du Vignot 12270 Saint-André-de-Najac France;http://www.nadiarobert-bienetre.com/;;;;;;;;;;Traité
My Cocooning – Laser, Cryolipolyse & Bien-être Le Raincy;13 All. Clémencet 93340 Le Raincy France;https://my-cocooning.fr/;;;;;;;;;;Traité
MUSE I Massages Bien-Être Drainage Lymphatique Madéro'Ice Madérothérapie - Visage & Corps. Paris/Issy-Les-Moulineaux;89 Rue du Gouverneur Général Éboué 92130 Issy-les-Moulineaux France;https://www.planity.com/severine-muse-bien-etre-holistique-92130-issy-les-moulineaux;;;;;;;;;;Traité
MP Bien-être;39 Grande Rue 72240 Conlie France;https://rdvenligne.dylentab.fr/institut/mp-bien-etre-72240-conlie-33650361095/;;;;;;;;;;Traité
Moyo bien-être;8 Pass. du Cid 77186 Noisiel France;https://www.kalendes.com/site/asili/welcome;;;;;;;;;;Traité
Mon Temple du Bien-Etre;365d Rue de la Forge 38200 Villette-de-Vienne France;https://www.facebook.com/montempledubienetre;;;;;;;;;;Traité
Mon Nid'éal de Bien-être;330 Chem. des Oirées 69490 Saint-Forgeux France;https://monidealbienetre.fr/;;;;;;;;;;Traité
Mon Instant massage bien-être;1 Rue Mangin 4ème étage 57000 Metz France;https://www.mon-instant.fr/;;;;;;;;;;Traité
Mon Envolée Bien-Etre;résid 10 Rue Suzanne Césaire Rue Leroy Mary 27400 Louviers France;http://monenvolee.fr/?utm_source=gmb;;;;;;;;;;Traité
Moment de douceur - Massages Bien-être;6 Pl. de l'Église 83720 Trans-en-Provence France;https://www.momentdedouceur-massages.fr/;;;;;;;;;;Traité
Mille et Un Bien Etre;21 Rue Ferrandière 69002 Lyon France;https://www.1001-bienetre.com/;;;;;;;;;;Traité
Méthode Renata Franca Drainage Lymphatique /KOBIDO/Experte en massage du visage/Centre Minceur et Bien-être By Sophie;50 Rue du Val d'Or 95240 Cormeilles-en-Parisis France;https://drainagerenatabysophie.com/;;;;;;;;;;Traité
Mes rituels bien-être;90 chemin de Montmirail 84150 Violès France;http://bio.site/mesrituelsbienetre;;;;;;;;;;Traité
Mercier de Montigny - Les Chambres du Beffroi - Espace Bien-être Massage et Sauna;9 Rue du Beffroi 35300 Fougères France;http://mercierdemontigny.com/;;;;;;;;;;Traité
Meng UNG - Masseur Bien-Être et Sportif à Juvisy-sur-orge;4B Rue de Châtillon 91260 Juvisy-sur-Orge France;https://mengmassage.fr/;;;;;;;;;;Traité
Mélissa ô naturel - Massage et soins bien-être;8 Rue Auguste Brizeux 29300 Arzano France;https://xn--melissanaturel-6ob.my.canva.site/;;;;;;;;;;Traité
Méli Bien-être;64 Rue du Bois Savary 44600 Saint-Nazaire France;https://www.instagram.com/melicolombani987?igsh=cGhuNnFvZjAwcHJ6;;;;;;;;;;Traité
Mel Beauty&Harmony massage Bien-être, Kobido et Aromathérapie;4 Rue du N 66200 Alénya France;https://www.canva.com/design/DAGbKBJwDhE/aU600hcqZzKdTq9vtZmD-w/view?utm_content=DAGbKBJwDhE&utm_campaign=designshare&utm_medium=link2&utm_source=uniquelinks&utlId=hc139d56ea6;;;;;;;;;;Traité
Médiane Bien-être;8 La Cassouaille 33730 Villandraut France;https://www.planity.com/mediane-bien-etre-33730-villandraut;;;;;;;;;;Traité
Maud MOAL esthéticienne-masseuse - Pause Cocoon & Bien-être;6 Rue Jean Jaurès 07600 Vals-les-Bains France;https://maudmassages.addock.co/?utm_source=gmb;;;;;;;;;;Traité
Mathilde Massages - Massages bien-être et drainage lymphatique;10 Bd de la Liberté 89100 Sens France;https://www.resalib.fr/praticien/43244-mathilde-legrand-praticien-en-massage-bien-etre-sens;;;;;;;;;;Traité
Massérénité - Massages bien-être - Beauté;4 coteaux du Lot. Les Coteaux du Colombier 31460 Caraman France;http://www.masserenite31.fr/;;;;;;;;;;Traité
Massatho Bien-être;4 Rue des Fayards 39800 Fay-en-Montagne France;https://www.massatho-bien-etre.fr/;;;;;;;;;;Traité
Massages, Conseils Bien-Être et Santé SOZENWELL;38 Av. de l'Armée Leclerc 91600 Savigny-sur-Orge France;http://sozenwell.com/;;;;;;;;;;Traité
Massages et soins Énergétiques de Bien-Etre. Caudebec-les-Elbeuf;124 Rue de la République 76 320 76320 Caudebec-lès-Elbeuf France;;;;;;;;;;;
Massages et bien-être L'harbage;8 route de loye 18200 Arcomps France;http://www.coiffuremarion.fr/;;;;;;;;;;Traité
Massages bien-être, réflexologie plantaire EI;11 Rue de la Chapelle 57510 Hilsprich France;http://www.cjbienetre.e-monsite.com/;;;;;;;;;;Traité
Massages bien-être Soledad CASTILLO;2 Av. Georges Clemenceau 83190 Ollioules France;http://www.massage-therapeutique.fr/;;;;;;;;;;Traité
Massages Bien-Être Roanne - SHENGXIAMENG;17 Rue Jean Jaurès 42300 Roanne France;;;;;;;;;;;
Massages bien-être et énergétiques - Edwige Martin;4 Bd du Général de Gaulle 44510 Le Pouliguen France;;;;;;;;;;;
Massages bien-être et énergétiques;Tharon-Plage 7 Av. de la Petite Bretagne 44730 Saint-Michel-Chef-Chef France;https://massagepornic.com/;;;;;;;;;;Traité
Massages Bien-être en Roulotte | La Biohème | Saché 37;8 Rte de la Basse Chevrière 37190 Saché France;https://marionsureau.wixsite.com/labioheme;;;;;;;;;;Traité
Massages bien-être Anahata;180 Av. du Stade Bât A 2è étage 42170 Saint-Just-Saint-Rambert France;http://www.massage-anahata.com/;;;;;;;;;;Traité
massages bien-être adaptés;1 Pl. du Centre 22540 Louargat France;https://adelaide-mesenge.ti-nuage.fr/;;;;;;;;;;Traité
Massages bien-être à Noisy-Le-Sec;21 Rue Anatole France 93130 Noisy-le-Sec France;https://massagesnoisylesec.fr/;;;;;;;;;;Traité
"Massages bien-être ""Soyons zen""";1026 Chemin de la Garrigue S 84870 Loriol-du-Comtat France;http://www.soyonszen.org/?utm_source=google&utm_medium=wix_google_business_profile&utm_campaign=6253780991493848224;;;;;;;;;;Traité
Massages Bienaturelax;20 Av. Philippoteaux 08200 Sedan France;https://bienaturelax-massages.site-vistalid.fr/;;;;;;;;;;Traité
Massages & Bien-Être - Albi;159 bis Rte de Fauch 81000 Albi France;;;;;;;;;;;
massage-bienetre-beaupreau;3 Sq. Barbara 49600 Beaupréau-en-Mauges France;http://massage-bienetre-beaupreau.com/;;;;;;;;;;Traité
Massage-bien-être - Sophie Bourgeois;12 Av. du Stand 21000 Dijon France;https://massage-bien-etre-dijon.fr/;;;;;;;;;;Traité
Massage, énergie, bien-être;487 Rte de Mérindol 84110 Puyméras France;http://www.massageenergiebienetre.fr/;;;;;;;;;;Traité
Massage Thai Thérapie bien-être;8 Rue de Brunstatt 68200 Mulhouse France;http://www.massagethaitherapie.fr/;;;;;;;;;;Traité
Massage Ruby Relaxation bien-être;76 Rue Jean Jaurès 17300 Rochefort France;https://sites.google.com/view/massage-ruby-relaxation/accueil;;;;;;;;;;Traité
massage relaxant chinois bien-etre 11400;9 Rue de Dunkerque 11400 Castelnaudary France;;;;;;;;;;;
Massage la Tour du Pin - Bien-être;3 bis Chem. de Coiraton 38110 Rochetoirin France;https://valeriemagnard.fr/nouveaux-les-massages-bien-etre/;;;;;;;;;;Traité
Massage Fabien-Être;Rue des Faubourgs 77370 La Croix-en-Brie France;https://massagefabienetre.fr/;;;;;;;;;;Traité
Massage du monde et Bien-être;12 bis Rue aux Moines 78700 Conflans-Sainte-Honorine France;https://massagedumondetbienetre.com/;;;;;;;;;;Traité
Massage de bien-être et relaxation;36 Rue de Chausey 50590 Hauteville-sur-Mer France;https://massagedebienetre51587524.wordpress.com/;;;;;;;;;;Traité
Massage bien-être, Reiki et Magnétisme à Conchil-le-Temple | Douceur Opaline;19 Rue de Tigny 62180 Conchil-le-Temple France;https://www.douceuropaline.fr/;;;;;;;;;;Traité
Massage Bien-Etre Pyrénées Massages Détente et Sportif Hautes-Pyrénées 65;Le Relais d'Isaby 24 Rue de Couscouillet 65260 Villelongue France;https://massages-bien-etre-sportif-hautes-pyrenees.com/;;;;;;;;;;Traité
Massage bien-être M'iPause;15 Rue de la Grave 11260 Espéraza France;;;;;;;;;;;
Massage bien-être ligia;15 Rue des Jacinthes 91380 Chilly-Mazarin France;;;;;;;;;;;
Massage bien-être Juliette - Deep tissue;22 Route de St Mathieu 24360 Piégut-Pluviers France;https://massage-juliette.fr/;;;;;;;;;;Traité
Massage Bien-Être Energyzen - Ajaccio;Chemin du Docteur Miniconi Rte de Mezzavia 20167 Ajaccio France;https://massage.ivof.com/massage-bien-etre-energyzen/;;;;;;;;;;Traité
Massage Bien-Être de Relaxation;12 Chem. des Hauts Provins 91310 Longpont-sur-Orge France;http://massage91.fr/;;;;;;;;;;Traité
Massage Bien-être Centre Bretagne;7 Rue du Hamboud 22110 Rostrenen France;https://sites.google.com/view/massage-centre-bretagne;;;;;;;;;;Traité
Massage Bien-être Bio;11 Rue des Îles 31500 Toulouse France;http://www.massage-bien-etre-bio.com/;;;;;;;;;;Traité
Massage bien-être 78 - Laurence Bidal/Doula/Femmes et Périnatalité - Rebozo;Pl. Georges Seurat 78280 Guyancourt France;http://www.massage-bienetre78.fr/;;;;;;;;;;Traité
Massage Bien-Être - La Cachette;33 Rue Brun Larochette 26220 Dieulefit France;https://www.hotellacachette.fr/spa-bien-etre-hotel-drome/;;;;;;;;;;Traité
Massage bien-être - Aux sources de ma nature;616 Rte de la Mauguinière 61380 La Ferrière-au-Doyen France;;;;;;;;;;;
MASSAGE BIEN-ETRE - ANIUTA - Relaxation & Réflexologie;3 Rue Charles Garnier 79000 Niort France;http://www.aniuta-bienetre.fr/;;;;;;;;;;Traité
Massage Bien-être;41 Rue de Saint-Memmie 10700 Vinets France;http://massage-bien-etre-vinets.blogspot.com/;;;;;;;;;;Traité
Massage Bien-Etre;ZAC du Fray Redon 83136 Rocbaron France;;;;;;;;;;;
Massage Bien_etre;Rue Marcel Bourdarias 94140 Alfortville France;;;;;;;;;;;
Massage à domicile région Aix en Provence - Marseille - Marignane - Bien-être By Claudia;350 Rue Jean René Guillibert Gauthier de la Lauzière Bât 7 13290 Aix-en-Provence France;https://www.bien-etre-by-claudia.fr/;;;;;;;;;;Traité
Massage à Angers, Kobido & bons cadeaux | Traditions du Bien-être;19 Rue Thiers 49100 Angers France;https://traditionsdubienetre.fr/;;;;;;;;;;Traité
Marybelle - Espace bien-être;137 Rue nationale 56300 Pontivy France;https://institut-marybelle-pontivy.fr/;;;;;;;;;;Traité
Marion massage bien-être;8 Rue de la Gare 57370 Phalsbourg France;https://marionmassagebienetre.bookinbeautiful.fr/r/2VR46D;;;;;;;;;;Traité
Marion Collot - Naturo & Bien-être Thouars;Station T 1 Rue Danton 79100 Thouars France;;;;;;;;;;;
Marie Milan | Coaching & Bien-être | Massage, EFT, Reiki | Fontainebleau;26ter Rue du Général de Gaulle 77780 Bourron-Marlotte France;https://massage-fontainebleau.fr/;;;;;;;;;;Traité
Marie Le Bras - Massages bien-être;La Coudraie 29690 Huelgoat France;https://www.larivieredargent.com/massage/;;;;;;;;;;Traité
Marie Bélotti - Relaxologue - Massage bien-être et réflexologie - NIORT -;12 Rue Charles Gounod 79000 Niort France;https://belotti-massage.com/;;;;;;;;;;Traité
Marianne Dermine - Une Bulle de Bien-être et de Sérénité - Soins et massages à Kerlouan;415 Hent Lezerider 29890 Kerlouan France;http://www.kerlouan.net/;;;;;;;;;;Traité
Maria Butera - My Happiness Massages bien-être - Soins énergétiques - Guidances Sur rdv et uniquement femmes et enfants;27 Av. Billaud Varenne 17000 La Rochelle France;http://www.my-happiness.fr/;;;;;;;;;;Traité
Marc masseur bien-être et Shiatsu;8 Rue Francine Fromond 93260 Les Lilas France;http://marcmasseur.fr/;;;;;;;;;;Traité
Manasa Bien-être - Praticienne Bien-être - Psycho-praticienne EFT;9 Rue de Pontault 77330 Ozoir-la-Ferrière France;https://www.manasa.fr/;;;;;;;;;;Traité
Mallory Massage bien-être;9B Rue de Beau Soleil 53210 Argentré France;https://www.mallorymassage.fr/;;;;;;;;;;Traité
Maison Santé Bien-être - Centre Heliodore;32 Rue Victor Hugo 31390 Carbonne France;https://sante31.fr/;;;;;;;;;;Traité
Maison Prana- Soin du visage & Bien-être Holistique;1946 Route de Sorgues D907 84130 Le Pontet France;https://www.maisonprana.fr/;;;;;;;;;;Traité
Maison Palma Bien-être Ballainvilliers;16 Rue Normande 91160 Ballainvilliers France;;;;;;;;;;;
Maison du Bien-être du Val d'Abondance;54 Rue du Pré 74360 Abondance France;;;;;;;;;;;
Maison de Bien Etre Et de Beaute;132 Bd Emmanuel Rouquier 06130 Grasse France;http://www.bienetre06.com/;;;;;;;;;;Traité
Maison de beauté & bien-être Mona Lisa;36 Rue du Saint-Esprit 34370 Maraussan France;https://www.planity.com/maison-de-beaute-bien-etre-mona-lisa-34370-maraussan;;;;;;;;;;Traité
Mains en Or - Massage & Bien-être;24 Bd Emile Zola 69600 Oullins-Pierre-Bénite France;https://www.planity.com/mains-en-or-69600-oullins-pierre-benite;;;;;;;;;;Traité
Mahila Essence - Accompagnement & Retraite Bien-Être féminin SAVOIE;610 Rte de Nances 73470 Novalaise France;https://www.mahilaessence.com/;;;;;;;;;;Traité
Mahilà Bien-être;49 Rue du Château fürst 57730 Folschviller France;;;;;;;;;;;
Maheva’na - massages bien-être;30 Rue des Moissons 59520 Marquette-lez-Lille France;https://www.mahevana.fr/;;;;;;;;;;Traité
MAGNETISME MASSAGE BIEN ETRE;16 Rue Achille Carlier 59530 Le Quesnoy France;;;;;;;;;;;
Magnétiseur Massage bien-être Cordeil Valerie;32 Rte de Mivoie 26400 Aouste-sur-Sye France;https://www.soinsenergiespirituelle.com/;;;;;;;;;;Traité
Magali Massage Bien-Être & Osthéothérapie - Moustiers-Sainte-Marie;2 Route des Salles - Aups 04360 Moustiers-Sainte-Marie France;https://refletdiris.fr/qui-suis/;;;;;;;;;;Traité
Magali Bien Naitre;95 route de Laumière 12200 Martiel France;http://magali-bien-naitre.fr/;;;;;;;;;;Traité
Maëthan - Espace Bien-Être;27 Rue Notre Dame 45450 Fay-aux-Loges France;http://www.maethan.fr/;;;;;;;;;;Traité
Madina Bien-être Massages Castelnau-Le-Lez;7 Rue des Jardins de Cléopâtre 34170 Castelnau-le-Lez France;https://www.madinabienetre.com/;;;;;;;;;;Traité
Madeleine on l’aime - Magali - Massage bien-être/relaxant - Drainage lymphatique - Massage visage - Massage ventre;32 Rue Charles Pathé 77173 Chevry-Cossigny France;https://madeleineonlaime.wordpress.com/;;;;;;;;;;Traité
Ma Parenthèse Bien-Être;Av. Lénine 78260 Achères France;https://www.instagram.com/maparenthesebienetre_?igsh=MXE2ZTNza2E4MTVkdQ==;;;;;;;;;;Traité
Ma parenthèse Bien-Etre;9 Rue Jean Mermoz 77174 Villeneuve-le-Comte France;https://www.ma-parenthese-bien-etre.fr/;;;;;;;;;;Traité
Ma Parenthèse Bien Etre;14 Chem. des Marais 78250 Mézy-sur-Seine France;https://ma-parenthese-bien-etre.odoo.com/;;;;;;;;;;Traité
Ma bulle de bien-être;23 Rue de Coole 51300 Maisons-en-Champagne France;;;;;;;;;;;
M INSTITUT - Soins de Bien-être - Prestations Mariage;Place Lieut Robert Louéssard 35137 Bédée France;http://www.planity.com/m-institut-35137-bedee;;;;;;;;;;Traité
M Beauté Bien-Être - Massages et Soins Esthétiques à Dampierre-en-Yvelines, Mylène St-Pierre;1 bis rue de la Brèche  Dampierre-en-Yvelines 78720 DAMPIERRE France;https://bien-etre-vallee-de-chevreuse.fr/;;;;;;;;;;Traité
LZ Bien-Être;541 Rte de Villeveyrac 34140 Loupian France;https://www.facebook.com/share/1CE5v4Dhkm/?mibextid=wwXIfr;;;;;;;;;;Traité
Lutopia : Boutique Bien-être Nature et Artisanat;1 bis Rue du N 72500 Luceau France;https://www.reverenvalleeverte.fr/;;;;;;;;;;Traité
L'Univers Du Bien Etre;69 Rue de la République 69170 Tarare France;https://www.institutluniversdubienetre.fr/;;;;;;;;;;Traité
Lucy Schang EI Onolulu massage bien-être et myofascialogie;36 B Rue du 26 Novembre 1944 57730 Valmont France;https://www.onolulu.fr/;;;;;;;;;;Traité
LUANGXAY BIEN-ÊTRE - Massage & Sonothérapie;1 Rue Chevreul 94600 Choisy-le-Roi France;;;;;;;;;;;
Lp Bien-etre;3 Rue de la Martinière 37600 Perrusson France;https://lp-bienetre.fr/;;;;;;;;;;Traité
Lorévalie Massages Bien-Etre | Vanessa Rainaud;3 Rue de la Poterne 26780 Châteauneuf-du-Rhône France;https://www.lorevalie.com/;;;;;;;;;;Traité
l'or du temps massage bien-être;en face de la cour arrière du collège 2 Av. Anatole France 2B rue Anatole France 32500 Fleurance France;https://www.lor-du-temps-lharmonie.com/;;;;;;;;;;Traité
Lola Savatofski - Massage bien-être : Séances individuelles / Entreprises / Formations;53 Rue Girardot 93170 Bagnolet France;http://www.lolasavatofski.com/;;;;;;;;;;Traité
LOFT NATURE & BIEN ETRE MONTCARET;Rte de Montvert 24230 Montcaret France;https://ocoeurdesmains.fr/;;;;;;;;;;Traité
Loélune massage bien-être - Laurie Fourot;5 Rue du Four 21410 Mâlain France;http://www.loelune.fr/;;;;;;;;;;Traité
L'oasis bien-être Les Vignes;Route du Cap de l'Homy 40170 Lit-et-Mixe France;;;;;;;;;;;
L'O L'art du Bien-Etre - Massages Bien-être et Réflexologie;150A Chem. des Plaines 83910 Pourrières France;https://lo-bienetre.fr/;;;;;;;;;;Traité
LM Bien-Être & Massages;293 Chem. de Saint-Aurens 31600 Lherm France;;;;;;;;;;;
Lm Bien-Etre;6 Av. de la Vendée 44140 Aigrefeuille-sur-Maine France;;;;;;;;;;;
LISOU Massages Bien ETRE;6 Av. de la Vendée 44140 Aigrefeuille-sur-Maine France;;;;;;;;;;;
L'intempor'elle Esthéticienne Praticienne en Massage Bien-être;131 Av. Paul Machy 62215 Oye-Plage France;https://lintempor-elle.wixsite.com/lintempor-elle;;;;;;;;;;Traité
L'Institut du Bien Etre;12 Rue de Laval 53970 L'Huisserie France;http://www.linstitutdubienetre.fr/;;;;;;;;;;Traité
L'institut Bien-Être;52 Rue de Benon 17170 Courçon France;http://www.clicrdv.com/linstitut-bien-etre;;;;;;;;;;Traité
L'Instant De Bien Etre;30c Rue Venus 53470 Martigné-sur-Mayenne France;http://www.facebook.com/Linstant-de-bien-%C3%AAtre-713018012144692/?ref=aymt_homepage_panel&utm_source=gmb;;;;;;;;;;Traité
L'instant Bio - Centre de Thérapies et de Bien-Etre;644 Av. de Craponne 13370 Mallemort France;https://www.facebook.com/linstantbiomallemort;;;;;;;;;;Traité
L'instant bien-être, Esthéticienne, 78;3 Rue Jacques Brel 78260 Achères France;https://instagram.com/bienetrealamaison.celine?igshid=1fewx2vy4opq7;;;;;;;;;;Traité
L'instant bien-être;8 Av. des Poilus 17500 Jonzac France;;;;;;;;;;;
L'Instant Bien-Etre;Zac du val d'orson 1 Rue de la Blanche Hermine 35770 Vern-sur-Seiche France;http://linstantbienetre35.com/;;;;;;;;;;Traité
L'INNOVATION BIEN-ÊTRE;16 Rue Michelet 30100 Alès France;https://www.linnovationbienetre.fr/;;;;;;;;;;Traité
Lindórie Bien-être (EI);1 Rue Maurice Dejean 78730 Saint-Arnoult-en-Yvelines France;;;;;;;;;;;
Lil'O Bien-être;30 Pl. de l'Église 56390 Grand-Champ France;https://www.planity.com/lilo-bien-etre-56390-grand-champ;;;;;;;;;;Traité
Ligne et Endorphines : Cryothérapie - Remise en Forme - Beauté - Bien-être - Issy-les-Moulineaux - Paris;26 Rue Marceau 92130 Issy-les-Moulineaux France;http://www.ligneetendorphines.com/;;;;;;;;;;Traité
Liberyl Bien-Être;31 Av. Carnot 52000 Chaumont France;https://francemassage.org/places/liberyl-bien-etre-2/;;;;;;;;;;Traité
L'Horizon du Bien-être;15 Rue Prosper Mérimée 67170 Brumath France;;;;;;;;;;;
L'Heure Douce massages bien-être;Impasse des Châtaigniers Cordes 43370 Bains France;https://heuredouce.fr/;;;;;;;;;;Traité
L'éveil des roses- Massages et soins bien-être;2 Rue Gabriel Compayre 81000 Albi France;https://leveildesroses.wixsite.com/bien-etre;;;;;;;;;;Traité
L'Evasion - Massages Bien-être;Le Petit Aulnay 708 route de Saint Julien 72550 Coulans-sur-Gée France;https://levasion72.fr/wp-login.php?redirect_to=http%3A%2F%2Flevasion72.fr%2F&reauth=1;;;;;;;;;;Traité
Leticia Bien-être - Praticienne en massage bien-être - Agen - Bon-encontre;4 Rue Jourdain 47240 Bon-Encontre France;http://www.leticiabienetre.fr/;;;;;;;;;;Traité
L'Essentiel, pour bien manger;292 Av. de Rodez 12450 Luc-la-Primaube France;;;;;;;;;;;
L'essence - Massage bien-être à Arras & domicile;13 Rue Maximilien Robespierre 62000 Arras France;https://lessencedadeline.fr/;;;;;;;;;;Traité
L'Espace Bien-être - Sauna & Bain nordique;La Côte 19170 Saint-Merd-les-Oussines France;https://www.anthr2.com/un-lieu-de-ressourcement-plateau-de-millevaches/;;;;;;;;;;Traité
L'EscApade Bien-être Masseuse et réflexologue plantaire - Valence & Alentours;2 All. Germinal Centre Aquakinesport 26320 Saint-Marcel-lès-Valence France;https://www.lescapade-bien-etre.fr/;;;;;;;;;;Traité
L'Escale Bien-Etre Relaxante;22 Av. Albert Thomas 80130 Friville-Escarbotin France;https://www.facebook.com/profile.php?id=61559730662129;;;;;;;;;;Traité
L'Escale Bien-être massages&amincissement;96 Bd Magiresti 44150 Ancenis-Saint-Géréon France;http://lescalebienetre.free.fr/;;;;;;;;;;Traité
L'Escale Bien-Être;66 bis Rue nationale 85250 Saint-Fulgent France;http://www.lescalebienetre.com/;;;;;;;;;;Traité
Les trésors du bien-être;6 All. d'Hiram Villa 33460 Macau France;https://www.lestresorsdubienetre.fr/;;;;;;;;;;Traité
Les Sources du Bien-être;2 Rte de Verneix 03410 Saint-Victor France;https://sourcesdubienetre.fr/;;;;;;;;;;Traité
Les Sens Du Bien-Etre 35;26B Rue de Fougères 35340 Liffré France;https://www.lessensdubienetre35.fr/;;;;;;;;;;Traité
LES SENS DU BIEN-ETRE;Quai Paul Bert Pass. de la Moquette 37100 Tours France;https://lessensdubienetre37.fr/;;;;;;;;;;Traité
LES SENS - beauté & bien-être;3 Pl. Charles de Gaulle 42530 Saint-Genest-Lerpt France;http://www.institutlessens.fr/;;;;;;;;;;Traité
Les portes du bien-être-Centre bien-être - Piscine - Saint Paulien;Chem. du Stade de Chomeil 43350 Saint-Paulien France;;;;;;;;;;;
LES PORTES DU BIEN ETRE;16 Rue de Pacy 27220 Saint-André-de-l'Eure France;https://www.planity.com/les-portes-du-bien-etre-27220-saint-andre-de-leure;;;;;;;;;;Traité
Les petits bien-être;14 Rue de Varanval 60680 Jonquières France;http://www.les-petits-bien-etre.fr/;;;;;;;;;;Traité
Les Përles de bien-être;Rte du Bayle 47800 Agnac France;https://karkarof.axiom.usbx.me/noelly/#abonnements;;;;;;;;;;Traité
Les Mèresveilles Centre de bien-être;10 Rue des Walcourt 57330 Kanfen France;https://lesmeresveilles.bookinbeautiful.fr/;;;;;;;;;;Traité
Les Massages d’Am - Naturopathe, Massage bien-être & drainage lymphatique - Amandine Jacquard;63 Pl. de Vavres 01800 Saint-Jean-de-Niost France;https://www.les-massages-dam.fr/;;;;;;;;;;Traité
Les Mains Sages De Violetta | Massages Bien-être et Formations;7 Imp. au Vermesson 57860 Montois-la-Montagne France;https://www.facebook.com/profile.php?id=61558655027679;;;;;;;;;;Traité
Les mains de Marie – Bien-être & beauté;15 Rue des Vignes 85580 Saint-Michel-en-l'Herm France;https://mainsdemarie.fr/;;;;;;;;;;Traité
Les mains de Lucie massage bien-être;162 Rue Alphonse Baudin 01400 Châtillon-sur-Chalaronne France;https://lesmainsdeluciemassage.com/;;;;;;;;;;Traité
LES FEES DU BIEN-ETRE;28 Rue François Mansard 09110 Ax-les-Thermes France;https://les-fees-du-bien-etre.com/;;;;;;;;;;Traité
Les Fées Bien-Être, espace de soins du corps et de l'esprit;2 Imp. Mathurin Méheut 35150 Janzé France;https://www.lesfees-bienetre.fr/;;;;;;;;;;Traité
Les continents du bien-être;1 Imp. en Pesse Monture 25310 Hérimoncourt France;https://les-continents-du-bien-etre.com/;;;;;;;;;;Traité
Les Clés du bien-être;9bis Rue Droite 30140 Anduze France;https://lesclesdubienetre-uzes.fr/;;;;;;;;;;Traité
Les Clés du Bien Etre;830 Gr Grande Rue 76520 Ymare France;;;;;;;;;;;
Les Charmes du Bien-Être;3 Imp. du Saule 57140 Woippy France;http://www.lescharmesdubienetre.fr/;;;;;;;;;;Traité
Les bienfaits du massage;43 Rue Jules Guesde 62138 Auchy-les-Mines France;https://www.facebook.com/Les-bienfaits-du-massage-101541772109366/;;;;;;;;;;Traité
Les Arches du Bien Etre - VOSGES (entre EPINAL et REMIREMONT);93 Allee des Frenes 88380 Arches France;https://lesarchesdubienetre.my.canva.site/?fbclid=IwY2xjawN-2HpleHRuA2FlbQIxMABzcnRjBmFwcF9pZBAyMjIwMzkxNzg4MjAwODkyAAEe4SqAVRe434Gd1J_5p7e9FyMeRV5gS6lluAMPcbZ43gMC4GY0SQqT89y8G1g_aem_Nzjq2I8rTfp6AsNLDwmLnw;;;;;;;;;;Traité
Les 100 Ciel Bien-être;121 Rue Joannes Callet 42740 La Terrasse-sur-Dorlay France;https://les100cielbienetre.fr/;;;;;;;;;;Traité
Lena Lesouëf Massage bien-être;1 Rue ar Mor 29460 Logonna-Daoulas France;;;;;;;;;;;
L'émeraude Salon de Bien-être privatif Lorient l Digipuncture l Drainage l Massages Visage et Corps l Soins esthétiques;119 Bd Léon Blum 56100 Lorient France;http://planity.com/lemeraude-56600-lanester;;;;;;;;;;Traité
L'Élixir Institut (Elixir bien-être);Art et style coiffure Ctre Commercial Canigou 66240 Saint-Estève France;https://www.planity.com/elexir-bien-etre-66240-saint-esteve;;;;;;;;;;Traité
L'Écrin du Bien-Être;23 Rue de Nibas 80210 Ochancourt France;;;;;;;;;;;
L'Ecrin Bien-Être;68 Rue Saint-Martin 56610 Arradon France;http://www.lecrin-bien-etre.com/;;;;;;;;;;Traité
L'Écorce du Bien-Être;3 Chem. de Rieutort 31350 Cardeilhac France;https://www.lecorcedubienetremassage.com/;;;;;;;;;;Traité
Le Tout Va Bien;17 Rue du Bourg 45140 Boulay-les-Barres France;http://www.letoutvabien.fr/;;;;;;;;;;Traité
LE TEMPS D'UNE PAUSE Massages bien-être MURES 74540;1581 Rte des Rippes 74540 Mûres France;http://www.letemps-dunepause.fr/;;;;;;;;;;Traité
Le Temps d'un encens - Massage bien-être et sportif;19 Pl. de la Mairie 49540 Lys-Haut-Layon France;https://www.letempsdunencens.fr/;;;;;;;;;;Traité
Le temps d'aime bien-être;10 Bd de l'Hospice 72800 Le Lude France;https://www.planity.com/le-temps-daime-bien-etre-72800-le-lude;;;;;;;;;;Traité
LE TEMPLE DU BIEN-ÊTRE ET DE LA BEAUTÉ;Les Pyramides 16 Av. de Saint-Germain 78560 Le Port-Marly France;https://alexis-masseur-bien-etre.hubside.fr/;;;;;;;;;;Traité
Le Temple du Bien-être;16 Rue du Général Lecourbe 25000 Besançon France;https://www.hammam-templedubienetre.fr/;;;;;;;;;;Traité
Le Souffle Sacré - Elsa Barrere Praticienne en massage bien-être- Conseillère agréée en fleurs de Bach & Relaxologue;18 Rue des Volcans Deux Frères lieu-dit 63980 Échandelys France;https://lesoufflesacre.fr/;;;;;;;;;;Traité
Le Souffle des Horizons - Massage bien-être Valenciennes (réservé aux femmes);37 Pl. de la Barre 59300 Valenciennes France;http://www.lesouffledeshorizons.fr/;;;;;;;;;;Traité
Le Secret - Massages & Soins bien-être - par Elsa - Casteljaloux;62 chemin de poumeyrot 47420 Pompogne France;https://lesecretbienetre.fr/;;;;;;;;;;Traité
Le Salon de Noëmie - Massages Bien-Etre;14 Rue du Port 44115 Basse-Goulaine France;http://www.lesalondenoemie.com/;;;;;;;;;;Traité
Le Refuge Zen et Bien-être;268 ROUTE DE LAFUGE 47200 Montpouillan France;http://www.harmonia47.fr/;;;;;;;;;;Traité
Le Reflet Du Bien Etre;260 Pl. de la Mairie 76230 Quincampoix France;https://www.lerefletdubienetre.com/;;;;;;;;;;Traité
Le Qu4tre Bien-être et beauté au naturel;4 Rue du Ruisseau 68130 Schwoben France;https://s.3ci.fr/s/gI;;;;;;;;;;Traité
Le p'tit atelier - Massages bien-être et tatouages;12 Pl. de la Liberté 85560 Longeville-sur-Mer France;http://www.leptitatelier.eu/;;;;;;;;;;Traité
Le Patio Du Bien-être;10 Rue Charles Gallet 85230 Beauvoir-sur-Mer France;http://www.lepatiodubienetre.fr/;;;;;;;;;;Traité
le papillon du bien etre;Rue Jean Jaurès 60570 Andeville France;;;;;;;;;;;
Le palais du bien-être;5 clos du relais 51130 Chaintrix-Bierges France;https://www.lepalaisdubienetre.com/;;;;;;;;;;Traité
Le Moulin Du Bien-Etre;12 Rue d'Yverdon 14210 Évrecy France;http://www.lemoulindubienetre.fr/;;;;;;;;;;Traité
Le Klube - Salle de Sport & Bien-Être - Dijon;4 Rue des Fromentaux 21121 Ahuy France;https://www.leklube.com/;;;;;;;;;;Traité
Le Jardin d'Épicure?Gîte nature et bien-être;5 Rue du Reservoir 68830 Oderen France;https://jardin-depicure.fr/;;;;;;;;;;Traité
Le Dôme du Bien-être-Claudie BOULIGAND- Fasciapulsologie/Thérapie des Fascias et massage bien-être -VAY-Loire-Atlantique -44;1 Rte de Marsac 44170 Vay France;http://www.domedubienetre.com/;;;;;;;;;;Traité
Le Domaine du Bien-être , Auvergne;2 Jean Long 63490 Égliseneuve-des-Liards France;http://ledomainedubienetre.com/;;;;;;;;;;Traité
Le Domaine du Bien-être;4 Rue Roguier 39120 Rahon France;http://ledomainedubienetre39.fr/;;;;;;;;;;Traité
Le Cottage Bien-Etre Jacuzzi Piscine Chauffée Privée du Tarn entre Toulouse et Albi & Les Cottages du Tarn;1030 Gabit 81310 Peyrole France;https://www.lescottagesdutarn.com/le-cottage-de-lart-de-bien-etre/;;;;;;;;;;Traité
Le Cocon du Bien-être - Espace de Soins & Massages;17 Av. du Bois 92290 Châtenay-Malabry France;https://www.le-cocon-du-bien-etre.com/;;;;;;;;;;Traité
Le cocon de No'La – Thalasso bain bébé • Massage bien-être prénatal / postnatal • Portage – Essonne 91 et alentours 94,92,78;3 Pl. de Paron 91370 Verrières-le-Buisson France;https://www.lecocondenola.com/;;;;;;;;;;Traité
Le Chalet du Bien-Être;6 Pass. Pierre Mendès-France 90500 Beaucourt France;;;;;;;;;;;
Le Centre Azur - Bien-Être, Beauté et Minceur;512 Rue des Peupliers 74460 Marnaz France;https://www.le-centre-azur.fr/;;;;;;;;;;Traité
Le Carrousel du Bien-Etre;380 Av. de Jouliou 40090 Saint-Avit France;;;;;;;;;;;
Le bien-être par le massage, massage à domicile;7 Rue de l'Église 66210 Matemale France;https://lebien-etreparlemassage.odoo.com/;;;;;;;;;;Traité
Le Bien-être et Vous - massage, soin énergétique et reflexologie à Guichainville;5 IMPASSE DU FER A CHEVAL 27930 Guichainville France;http://www.lebienetreetvous.fr/;;;;;;;;;;Traité
Le Bien-être by Sarah;3 Imp. Vieu 34490 Corneilhan France;https://www.lebien-etre-bysarah.fr/;;;;;;;;;;Traité
Le Bien-Être Au Naturel;La Peyrade 12400 Saint-Félix-de-Sorgues France;http://lebienetreaunaturel.net/;;;;;;;;;;Traité
le bien-être à l'infini Camon;62 Rue Henri Barbusse 80450 Camon France;https://fleuretyvelyn.wixsite.com/le-bien-etre;;;;;;;;;;Traité
le bien etre en toute saison;505 Le Fonteneau 38440 Moidieu-Détourbe France;;;;;;;;;;;
Le Bien etre avec Stephane;65 Rue Principale 57640 Servigny-lès-Sainte-Barbe France;https://www.bienetre-stephane.fr/;;;;;;;;;;Traité
Le Bien Aller;3 Rue des Dames 18700 Aubigny-sur-Nère France;https://www.lebienaller.com/;;;;;;;;;;Traité
Le 4 Mains by Balilona - Massages-Soins Bien-Etre -Centre Renata França;10 Chem. du Maouré 31770 Colomiers France;https://4mains-by-balilona.fr/;;;;;;;;;;Traité
Laviria Massages bien-être;8b Rue Guillaume le Conquérant 50760 Réville France;https://www.laviria-massagesbienetre.fr/;;;;;;;;;;Traité
L'aventure d'une naissance - accompagnement & Bien-être périnatal;1 Imp. des Canounets 30100 Alès France;https://www.laventuredunenaissance.fr/;;;;;;;;;;Traité
Laure Rambaud Naturopathe Iridologue, conseillère agréée Fleurs de Bach, massages bien-être;26 Rue du Plassis 85150 Saint-Mathurin France;;;;;;;;;;;
latelierdetente - massages bien-être - espace detente- Nievroz;194 Rte de Montluel 01120 Niévroz France;http://latelierdetente.fr/;;;;;;;;;;Traité
L'atelier du soin - Massage bien-être et énergétique – soulager les tensions du corps et la fatigue émotionnelle;1050 route de 74150 Saint-Eusèbe France;http://emmanuellebaud.fr/;;;;;;;;;;Traité
L'Atelier du bien-être;16Bis Rue des Halles 85420 Maillezais France;https://www.latelier-du-bien-etre.fr/;;;;;;;;;;Traité
L'Art de Bien-Etre;1090 Gabit 81310 Peyrole France;https://www.art-de-bien-etre.fr/;;;;;;;;;;Traité
L'arc en ciel de bien-être;1 Rue d'Orière 70250 Ronchamp France;;;;;;;;;;;
L'Annexe, Votre institut bien-être, estheticienne,massages;6 Chem. de la Landaise 33360 Quinsac France;;;;;;;;;;;
L'Ange du bien-être;Zac des escampades 81 Imp. Volta 84170 Monteux France;http://www.langedubienetre.fr/;;;;;;;;;;Traité
Lanave Cindy Fleur de bien-être;14 Rue Frédéric Bastiat 40250 Mugron France;http://www.cl-fleurdebienetre.fr/;;;;;;;;;;Traité
Lâcher-prise centre massage et bien-être Montmédy;Rte d'Ecouviez 55600 Verneuil-Grand France;https://www.lacherprise-massages.fr/;;;;;;;;;;Traité
Label Eve - Drainage lymphatique, Remodelage, Massages Bien-être;2 All. de Chelles 93340 Le Raincy France;https://www.labeleve.fr/massage;;;;;;;;;;Traité
La vallée du bien-être;39 Bis Rue Victor Hugo 08500 Revin France;https://www.facebook.com/share/17CYLk3vim/;;;;;;;;;;Traité
La Tanière du Rêve - Massage bien-être, Drainage lymphatique, Madérotherapie, Détente Camblain Bruay la Buissière Béthune;3 Rue Anatole France 62470 Camblain-Châtelain France;https://www.azenda.com/la-taniere-du-reve;;;;;;;;;;Traité
la table du bien-être;21 Les Viallieres 85700 Pouzauges France;http://latabledubienetre.fr/;;;;;;;;;;Traité
La Table de Massage, massages bien-être à Bucy-Le-Long ou domicile alentours;16 Rue Saint-Martin 02200 Soissons France;http://www.latabledemassage.fr/;;;;;;;;;;Traité
La Source Massages Bien-être & Naturopathie;18 Rue Albert 1er 30100 Alès France;https://lasourcebienetre.wixsite.com/lasource;;;;;;;;;;Traité
La Source De Bien Etre;13 Rue du Vieux Moulin 42410 Pélussin France;https://lasourcedebienetre.com/;;;;;;;;;;Traité
LA PETITE MAISON DU BIEN-ÊTRE PARIS;117 Rue du Dessous des Berges 75013 Paris France;http://lapetitemaisondubienetre.com/;;;;;;;;;;Traité
LA PERLE DES ANGES - ESPACE BIEN ETRE;77 Rue des Acacias 14123 Cormelles-le-Royal France;https://laperledesanges.fr/;;;;;;;;;;Traité
La Pause En Soi Cabanes jacuzzi privatif & Bien-Être;9 Chem. des Vignes 31210 Ponlat-Taillebourg France;http://www.lapauseensoi.fr/;;;;;;;;;;Traité
La Parenthèse Centre Bien Etre;25 Av. Léon Gambetta 36400 La Châtre France;;;;;;;;;;;
LA PARENTHESE BIEN-ETRE;2 Rue de la Pousterle 26130 Saint-Paul-Trois-Châteaux France;https://laparenthesebienetre.jimdo.com/;;;;;;;;;;Traité
La Parenthèse - L’institut bien-être et beauté;29 Av. de Lattre de Tassigny 62200 Boulogne-sur-Mer France;http://laparenthesee.com/;;;;;;;;;;Traité
La Malle à bien-être - Lydia Sélénite;19 Rue des Jonquilles 72000 Le Mans France;https://la-malle-a-bien-etre.com/;;;;;;;;;;Traité
La Maison ô Bien-Être (katia);1-2 Pl. de la Libération 93160 Noisy-le-Grand France;http://www.lamaisonobienetre.com/;;;;;;;;;;Traité
La Maison du Soin LF – Institut de Beauté & Bien-Être à Rezé | Épilations H/F, Massages, Soins Énergétiques & Coaching;39 Rue Aristide Briand 44400 Rezé France;https://www.maison-du-soin.com/;;;;;;;;;;Traité
La Maison du Bien-Être de Margency;2 Rue Louis Muret 95580 Margency France;https://www.la-maisondubienetre.fr/;;;;;;;;;;Traité
La maison du bien-être by Bain de Soleil - Onglerie, massages, soins corps et visage;551 Chem. de Cravesan 06550 La Roquette-sur-Siagne France;https://lamaisondubien-etre.fr/;;;;;;;;;;Traité
La maison du bien-être;9 Rue Bellanger 76190 Yvetot France;https://www.planity.com/la-maison-du-bien-etre-76190-yvetot;;;;;;;;;;Traité
La Maison du Bien Etre;Av. René Cassin 13430 Eyguières France;https://www.lamaisondubienetreinstitutspa.com/;;;;;;;;;;Traité
La maison bien-être by Julie H;349 Rue de Lille 59520 Marquette-lez-Lille France;https://www.planity.com/julie-h-marquette-59520-marquette-lez-lille;;;;;;;;;;Traité
LA MAISON AROUET Gîte Bien-Etre ****;41 Grand Rue Théophane Venard 79600 Saint-Loup-Lamairé France;http://www.lamaisonarouet.com/;;;;;;;;;;Traité
LA MAIN TENDUE Fatima ZERROUKI Massage Bien-Être, Coaching Bien-Être . Maison du Bien-Être, 9 bis, avenue Thurel.Lons39;Maison du Bien-Être 9 bis Av. Thurel 39000 Lons-le-Saunier France;https://www.maisondubienetre-lons.fr/;;;;;;;;;;Traité
La main du bien-être - Massages et luxopuncture à Tours et en Indre-et-Loire;3 Mail Suzanne Valadon 37000 Tours France;https://www.la-main-du-bien-etre.com/;;;;;;;;;;Traité
La Lumineuse - Massage liftant du visage & bien-être;10 Le Fief du Colombier 95300 Hérouville-en-Vexin France;;;;;;;;;;;
La Jourdanie Bien-être ( UK Qualified in Swedish Massage );13 87230 Pageas France;;;;;;;;;;;
La Fontaine du Bien-Être;13 All. Simone Veil 59480 La Bassée France;https://lafontainedubienetre.fr/;;;;;;;;;;Traité
La Ferme du bien-être;170 Chem. de La Ferme 43260 Saint-Julien-Chapteuil France;http://www.fermebienetre.com/;;;;;;;;;;Traité
La Clé du Bien-être;5 Pass. des Cordeliers 74000 Annecy France;https://www.cledubienetre.com/;;;;;;;;;;Traité
LA CAHUT'À BIEN-ÊTRE;10 All. des Mésanges 95270 Saint-Martin-du-Tertre France;https://resaclick.net/llacahutabienetre;;;;;;;;;;Traité
La Bulle DO - Massages Bien-être;11 rue du moulin 03250 Saint-Clément France;https://bulledomassage.com/;;;;;;;;;;Traité
La bulle de Clara - Thalasso Thérapeutique Bain Bébé & Massage Bien-Être;220 bis Rue Anatole France 29200 Brest France;https://www.labulledeclara.com/;;;;;;;;;;Traité
La bulle de Bleue : massages bien-être et épilations;18 Rue Amaury d'Acigné 44360 Saint-Étienne-de-Montluc France;http://www.labulledebleue.fr/;;;;;;;;;;Traité
La bulle de bien-être Le Ventoulou (Lbk);208 Rte de Mayrinhac Lentour 46500 Thégra France;https://www.planity.com/lbk-bien-etre-46500-thegra;;;;;;;;;;Traité
La Bulle d'Anna - Massage Bien-Être, Relaxation et Soin énergétique - Tours Nord;6 Rue de la Raimbauderie 37210 Parçay-Meslay France;https://www.labulledanna.fr/;;;;;;;;;;Traité
La Bulle d'Alicia - Massage bien-être;281 Rue Marcel Thomas 60600 Agnetz France;https://sites.google.com/view/labullealicia/accueil;;;;;;;;;;Traité
La Bulle Bien-être de Co, massages de bien-être pour dames, Marguerittes et alentours;3 Rue Calmette 30320 Marguerittes France;http://www.labulledeco.com/;;;;;;;;;;Traité
La Bulle Bien-être;15 Rue des Gobrons 08380 Signy-le-Petit France;https://www.facebook.com/share/DT38gYuZL3JKNvA3/?mibextid=LQQJ4d;;;;;;;;;;Traité
L’oasis du bien-être;14 Rue Briquette 55320 Ancemont France;;;;;;;;;;;
L’étincelle du bien-être;16 Rue Henri Barbusse 59224 Thiant France;https://www.facebook.com/profile.php?id=61580463035923;;;;;;;;;;Traité
L’esKapade Bien-être;23 Rue du Dr Albert Schweitzer 67240 Kurtzenhouse France;https://www.leskapade-bienetre.com/;;;;;;;;;;Traité
L’atelier du bien-être;12 Rue de la Mairie 35230 Saint-Armel France;https://www.latelierdubienetre35.com/;;;;;;;;;;Traité
L’aparté Bien-Etre;25 Rue Jousselin 53200 Château-Gontier-sur-Mayenne France;https://www.iarabeauty.com/pro/lapartebienetre;;;;;;;;;;Traité
L’Annexe bien-être by Laurianne;16 Rue des Rondes Saint-Louis 47000 Agen France;https://www.planity.com/lannexe-bien-etre-drainage-lymphatique-methode-bresilienne-amincissante-47000-agen;;;;;;;;;;Traité
L’Abbaye du bien-être;24 Rue Louis d'Estouteville 50450 Hambye France;https://www.planity.com/labbaye-du-bien-etre-50450-hambye;;;;;;;;;;Traité
L. Bien-être;68 Rue de la Tour d'Auvergne 77185 Lognes France;http://www.lbienetre.com/;;;;;;;;;;Traité
L MASSAGE BIEN-ÊTRE certifiée RENATA FRANÇA | Institut féminin;37 Rue du Commerce 63200 Riom France;https://www.planity.com/l-massage-bien-etre-certifiee-renata-franca-institut-feminin-63200-riom;;;;;;;;;;Traité
L Effet Bien Etre;1 Rue Saint-Doucelin 49650 Allonnes France;https://www.facebook.com/institutcindy;;;;;;;;;;Traité
L' Aura Triomphe - Massages & Soins Bien-être et Sportif Dijon - Quétigny;2 Rue de la Serpe 21800 Quetigny France;https://lauratriomphe.kalendes.com/;;;;;;;;;;Traité
L' Atelier du Bien-être;44 Rue du Bourg Bâtard 85120 Terval France;http://www.atelierdubienetre-la-tardiere.fr/;;;;;;;;;;Traité
L ' Zen Harmony, Cabinet de Bien-être;135 Imp. du Chasselas 83210 La Farlède France;http://www.lzen-harmony.fr/;;;;;;;;;;Traité
KS Bien-Etre;128 Av. Jean Jaurès 47000 Agen France;https://www.planity.com/ks-bien-etre-47000-agen;;;;;;;;;;Traité
KiSaïne Bien-Etre Holistique au Féminin;80 Chem. de Lira 84200 Carpentras France;http://www.kisaine.com/;;;;;;;;;;Traité
Kioma Bien-être - Massages à Questembert;Immeuble Ty Coz 3C Rue Jean Grimaud 2ième étage 56230 Questembert France;https://www.kioma.fr/questembert/massages/;;;;;;;;;;Traité
KHEPRI MASSAGE - Massage bien-être à Lons-le-Saunier;9 bis Av. Thurel 39000 Lons-le-Saunier France;https://khepri-massage.fr/;;;;;;;;;;Traité
Justine Tessier Ojas Massages Ayurvédiques bien-être à Oloron sainte Marie;29 Av. Jean Jaurès 64400 Oloron-Sainte-Marie France;https://tessierjustine6.wixsite.com/ojas-massages-ayurve;;;;;;;;;;Traité
JUSTE LÀ - Massage bien-être & psychocorporel à Die;15 Pl. du Marché 26150 Die France;http://www.justela-sophieberger.fr/;;;;;;;;;;Traité
Just For You - Massage bien-être à domicile;La Plagne 73210 Aime-la-Plagne France;https://just-for-you-massages.hubside.fr/;;;;;;;;;;Traité
Jocelyne - Massage de Bien-Etre;12 L'air 63120 Néronde-sur-Dore France;;;;;;;;;;;
J'm massages Bien-être;35 Rue de Petite Rosselle 57600 Forbach France;https://www.jm-massages-bien-etre.com/;;;;;;;;;;Traité
Jivana Bien-Être;13 Pl. du Champ de Foire 36230 Neuvy-Saint-Sépulchre France;http://www.jivanabienetre.com/pages/contact.html;;;;;;;;;;Traité
Jérôme Massage Bien-Être;3 Rue de la Trav. 24620 Marquay France;https://www.jerome-massage.fr/;;;;;;;;;;Traité
Jérémy Lorenzi - Massage Bien-Être & Sportif;2 Sq. de Provence 91380 Chilly-Mazarin France;;;;;;;;;;;
Jennitude Praticienne massage bien-être à St Loup de Naud, proche Provins Sainte-Colombe Longueville (77);1A Rue du Chemin Vieux 77650 Saint-Loup-de-Naud France;;;;;;;;;;;
Jennifer massage et bien-être;Lieu-dit La Carreyère 72510 Saint-Jean-de-la-Motte France;;;;;;;;;;;
Jennie Bien-Être & Beauté;2 TER Chem. de la Pierre Percée 91410 Saint-Cyr-sous-Dourdan France;https://www.jennie-bien-etre-et-beaute.fr/;;;;;;;;;;Traité
Izyzen massages,bien naître au coeur de soi;18 Rue Eaux Bonnes 21390 Aisy-sous-Thil France;https://crea.local.fr/izyzen-massage.fr/;;;;;;;;;;Traité
Itinérance Massage - Marie Boiteau - Massage intuitif bien-être, Chi Nei Tsang, Massage fertilité, Rebozo - Couëron-Nantes;6 Rue Marcel Sembat 44220 Couëron France;https://www.itinerancemassage.com/;;;;;;;;;;Traité
Iona Jeannot Massage bien-être Aix en Provence;18 Chem. Robert 13100 Aix-en-Provence France;https://www.ionajeannot.fr/;;;;;;;;;;Traité
Institut Soleil Et Bien Etre;17 bis Grande Rue 60580 Coye-la-Forêt France;;;;;;;;;;;
Institut Parenthèse Bien-être;5 Rue du Petit Colmar 68280 Sundhoffen France;https://www.parenthese-bienetre68.fr/;;;;;;;;;;Traité
Institut O Bien n'être;Rte de Ticaille 31450 Ayguesvives France;https://www.institut-ayguesvives.marycohr.com/;;;;;;;;;;Traité
Institut Moana'Tiaré Espace Bien-être - Massages corps/visage - Massage Sportif - Massage bébé et enfant - Soins Facialistes.;25 Rue de la Liberté 71130 Gueugnon France;https://manonschwartz5.wixsite.com/moanatiare;;;;;;;;;;Traité
Institut MJ Bien-Être;25 Rue Frédéric Soulié 09100 Pamiers France;http://mjbienetre.com/;;;;;;;;;;Traité
Institut EVASION BIEN-ETRE;Av. Maréchal de Lattre de Tassigny 81000 Albi France;https://www.evasion-bienetre.fr/;;;;;;;;;;Traité
Institut Enaë bien-être;3 Rue Etienne Dolet 89400 Migennes France;https://annelyseconnat.wixsite.com/enabien-tre;;;;;;;;;;Traité
Institut de beauté, bien-être & minceur CL'essentiel;20 Rue Molière 91520 Égly France;https://c-lessentiel.fr/;;;;;;;;;;Traité
Institut de beauté Hippomer - Massages Bien-Etre;3 Pl. de la Trebaille 81000 Albi France;http://hippomer.fr/;;;;;;;;;;Traité
Institut de beauté Bulles de Bien-Être;12 Av. de Farciennes 30300 Beaucaire France;http://bullesdebienetre30.fr/;;;;;;;;;;Traité
"Institut de Beauté ""Le Chalet du Bien-être et Sérénité""";115 Clos des Teppes 74950 Scionzier France;https://lechaletdubienetre.fr/shop;;;;;;;;;;Traité
INSTITUT CARAMEL COURBEVOIE - ONGLERIE, HAMMAM & BIEN-ÊTRE;7 Rue de l'Alma 92400 Courbevoie France;http://www.caramel-spa.com/;;;;;;;;;;Traité
Institut BodyMind - technologie esthétique et bien-être à Hulluch;31 Rue du Général Leclerc 62410 Hulluch France;https://www.planity.com/linstitut-body-mind-62410-hulluch;;;;;;;;;;Traité
Institut Bien-Être Beauté;30 Rue de Paris 95380 Louvres France;https://www.institut-louvres.guinot.com/;;;;;;;;;;Traité
Institut Bien Z’être;25 Rue de Verdun 54490 Piennes France;https://www.institutbienzetre.fr/;;;;;;;;;;Traité
Institut Bien Etre et Beauté;48 Bd Lucien de Montigny 53100 Mayenne France;http://www.institut-bien-etre-et-beaute.com/;;;;;;;;;;Traité
Institut Bien Etre;4 Pl. du Marché 15600 Maurs France;;;;;;;;;;;
Institut Beauté naturelle, centre de bien-être holistique;14 Grande Rue 42410 Chavanay France;https://www.institutbeautenaturelle42.com/;;;;;;;;;;Traité
Institut Artisan de Bien-Être;209 Av. des Côtes du Rhône 26790 Suze-la-Rousse France;https://www.institut-suzelarousse.guinot.com/;;;;;;;;;;Traité
Institut Amassa Mulhouse Beauté & Bien-être;56 Av. d'Altkirch 68100 Mulhouse France;https://www.amassa.eu/;;;;;;;;;;Traité
Institut Amassa Hésingue Beauté & Bien-être;15 Rue du Général de Gaulle 68220 Hésingue France;https://www.amassa.eu/;;;;;;;;;;Traité
Institut Amassa Altkirch Beauté & Bien-être;14 Rue du Château 68130 Altkirch France;https://www.amassa.eu/;;;;;;;;;;Traité
"Institut & Bien-être ""Le Saint Victorien""";239 Chemin de Couderc 47150 Savignac-sur-Leyze France;https://www.kalendes.com/lesaintvictorien/#/welcome;;;;;;;;;;Traité
Instants de Bien-Être - Centre de beauté et bien-être;38 Rue de la Grande Charrière 69440 Taluyers France;https://instantsdebienetre.fr/;;;;;;;;;;Traité
Instant de Bien Etre-Renaison;264 Rue du Commerce 42370 Renaison France;https://kuryenet.co/instant-de-bien-etre-renaison/;;;;;;;;;;Traité
Instant Bien-être Massage Chauray;Rue du Pied Griffier 251 79180 Chauray France;https://holistiquecoaching.fr/;;;;;;;;;;Traité
INSTANT BIEN ETRE Karine Loubet;35 Rue du Plô 12500 Espalion France;https://instantbienetre-espalion.fr/mentions-legales/;;;;;;;;;;Traité
Instant Bien Etre;310 Rue des Petits Louis 45200 Amilly France;https://www.planity.com/instant-bien-etre-45200-amilly;;;;;;;;;;Traité
Inoé Bien-être & Beauté / chromoconcept;7 lotissement le swing 07430 07430 Saint-Clair France;http://www.chromoconcept.com/;;;;;;;;;;Traité
Ingrid Bien-Etre - Massages Bien-Être;38 Rue du Dindoulier 83460 Taradeau France;https://myintuitive.fr/rdv/ingrid-bienetre;;;;;;;;;;Traité
Indigo Bien-Être;4 Bis Rue François Personnat 17690 Angoulins France;https://www.planity.com/indigo-bien-etre-17690-angoulins;;;;;;;;;;Traité
India bien-être;2 Pl. de L’Eglise 84190 Beaumes-de-Venise France;http://www.indiabienetre.fr/;;;;;;;;;;Traité
Imahya Bien-être;Brech FR Rte de Bregoharne 56400 Auray France;http://imahya-bienetre.com/;;;;;;;;;;Traité
Ilé - Massages bien-être;1 Av. du Parc Beauchamps 64110 Gelos France;https://www.ile-massages.fr/;;;;;;;;;;Traité
Il était une fois... Massages bien-être - Marinette GILBERT;D’Eau 9 Chem. du Chateau La Plane 81500 Teulat France;https://www.iletaitunefoismassages.com/?utm_source=google&utm_medium=wix_google_business_profile&utm_campaign=17763094581065200338;;;;;;;;;;Traité
ICI.Maison Bien-Etre;108 Rue Aristide Briand 53140 Pré-en-Pail-Saint-Samson France;https://www.icimaisonbienetre.com/;;;;;;;;;;Traité
Hygiénavie Santé Sport Bien-être;77 Rue Jean Forestier 12330 Nauviale France;http://hygienavie.com/;;;;;;;;;;Traité
Horizumu Massages Bien-Être;Cabinet des 4 Peupliers Bât Le Stagadon 3 Av. des Peupliers RDC à droite 35510 Cesson-Sévigné France;https://www.horizumu-massages.fr/?utm_source=google&utm_medium=wix_google_business_profile&utm_campaign=11092886412053685844;;;;;;;;;;Traité
Horizon Bien Etre;La Passaire 50520 Juvigny les Vallées France;https://www.institut-horizon-bien-etre.fr/;;;;;;;;;;Traité
Holisticalm | Accompagnement Holistique & Bien-être Annecy;2574 Rte de Plaine Joux 74250 Bogève France;https://massage-therapie-geneve.ch/;;;;;;;;;;Traité
Holiana maison bien-être ?Chi nei tsang ?Facialisme ?Réflexologie?Massage sur-mesure;14 Rue aux Ours 57000 Metz France;https://www.planity.com/holiana-maison-bien-etre-57000-metz;;;;;;;;;;Traité
HO'Bonheur De Soi - Praticienne en massage bien-être (60);11 Av. des Déportés 60600 Clermont France;http://www.hobonheurdesoi.fr/;;;;;;;;;;Traité
Héloïse Soins de Bien-Être;21 Bd Roger Cazenave 65100 Lourdes France;https://heloisesoinsdebienetre.fr/;;;;;;;;;;Traité
Harmony des sens-Massage & Bien-Être La Forest-Landerneau;29 Coteau de Kergrall 29800 La Forest-Landerneau France;https://www.facebook.com/profile.php?id=61566326085309;;;;;;;;;;Traité
Harmonie de Soi - Massages Bien-être;47 Av. de Paris 12000 Rodez France;https://bien-etre-massages.fr/;;;;;;;;;;Traité
Harmonie & Féminin - Massages Bien-être;cabinet bien naître 16 Rue des Pinsons 95610 Éragny France;https://www.harmonie-et-feminin.fr/;;;;;;;;;;Traité
Harmonia - Massages bien-être & Soins énergétiques;25 Av. Jean Mermoz 37510 Ballan-Miré France;http://www.harmonia-massages.fr/;;;;;;;;;;Traité
Guérin Flavie - Doula- Accompagnement prénatal et massage bien-être pour femme enceinte;6 L'Orée d'Armor 35720 Plesder France;http://www.desmomentsprecieux.fr/;;;;;;;;;;Traité
Graine du Sud bien-être igornay;1route du mauguin Le Mauguin 71540 Igornay France;;;;;;;;;;;
GOI DAU DUONG SINH & BIEN-ETRE, Sérénité;93 Rue d'Orlinde 46130 Bretenoux France;;;;;;;;;;;
GK Praticienne en massages Bien-être et soins Holistiques;1 b Rue Basse de la Mieule 57560 Abreschviller France;https://www.massage-corps-ame-esprit.fr/;;;;;;;;;;Traité
GÎTES & BIEN-ETRE : Gîte 2 pers, 2 à 3 pers et 2 à 5 pers avec terrasses et sauna privatif, en option: Hammam, jacuzzi et piscine chauffée location de montagne 950m ALT, près d'une rivière, proche station ski, Haut-Jura, Bourgogne-Franche-Comté;Les Moulins Piquand 39400 Longchaumois France;http://jura39.com/;;;;;;;;;;Traité
Gîte Le Prestige des Lacs – Séjour nature & bien-être Forêt d’Orient;4 Rue de la Bredondaine 10140 Villy-en-Trodes France;https://www.gites-lacs-champagne.com/le-prestige-des-lacs/;;;;;;;;;;Traité
Gîte et Chambre D'hotes . Bienvenue Chez Glad et Guigui;4 Rue des Communes 62720 Rinxent France;;;;;;;;;;;
Gîte Bien-Être Du Mont Plaisir;3 IMPASSE DU Chamboulivar 03450 Chouvigny France;http://gitedumontplaisir.com/;;;;;;;;;;Traité
GIGI COIFFURE ESTHÉTIQUE & BIEN-ÊTRE;Av. Albert Roux 83250 La Londe-les-Maures France;http://www.gigicoiffurebienetre.com/;;;;;;;;;;Traité
Géraldine massage bien-être à domicile;116 Rue des Puits 79290 Loretz-d'Argenton France;http://geraldine-massages-bien-etre.fr/;;;;;;;;;;Traité
Gaïa - Bien-être;8 Rue des Fossés 60800 Crépy-en-Valois France;https://gaiabienetre60.com/;;;;;;;;;;Traité
G La Vie Zen Massages bien-être proche Montauban;120 Imp. Fromant 82440 Cayrac France;http://www.glaviezen.fr/;;;;;;;;;;Traité
Fortuné Massage | Massage bien-être & sportifs à domicile;Rue des Quatre Moulins 78955 Carrières-sous-Poissy France;https://fortunemassage.wixsite.com/my-site;;;;;;;;;;Traité
Fort Bien Etre;3 Rue Claude Monet 44115 Haute-Goulaine France;https://www.fort-bien-etre.fr/;;;;;;;;;;Traité
FORMATIONS EN MASSAGES BIEN-ETRE / DELPHINE DETENTE;Rue Saint-Exupéry 38490 Les Abrets en Dauphiné France;;;;;;;;;;;
Fleurs de Peau – Massage Bien-être;2 Rue de l'Yser 17440 Aytré France;https://www.fleursdepeau.com/;;;;;;;;;;Traité
Félicita massages bien-être;71 rue des 76220 La Feuillie France;;;;;;;;;;;
FD bien-être;20 Chem. de la Pt Rue des Boeufs 02140 Landouzy-la-Ville France;https://web.facebook.com/fdbienetre/;;;;;;;;;;Traité
Fabienn'Etre;15 Rue du Viaduc 44450 Divatte-sur-Loire France;https://www.planity.com/fabiennetre-44450-divatte-sur-loire;;;;;;;;;;Traité
Fabienne Leclercq - Entre nous;69A Rte nationale 59152 Chéreng France;;;;;;;;;;;
Fabienne LE MEUR Massages & Réflexologie Plantaire;3 bis Rue de la Grotte 85220 Saint-Révérend France;https://fabienne-reflexologie.fr/;;;;;;;;;;Traité
Fabienne Hélip - Salon Pleyn'itude- Massages et ateliers bien-être - Le Pleynet - vallée du Haut-Bréda;Le Pleynet 1850 route du 38580 Le Haut-Bréda France;http://fabiennehelip.com/;;;;;;;;;;Traité
Fabienne Hélip - La cabane près du lac - Massages et ateliers Bien-être;30 Rte des millets 38580 Le Haut-Bréda France;https://fabiennehelip.com/;;;;;;;;;;Traité
Fabien SOILLY;31 rue Georges Guingouin 87400 Saint-Léonard-de-Noblat France;https://fabiensoilly.fr/;;;;;;;;;;Traité
Évasion Zen - Massages bien-être, magnétisme, soins énergétiques et EFT;2 All. du Parc 35131 Pont-Péan France;http://www.vanessmassage.com/;;;;;;;;;;Traité
Evasion Bien-être by Nath;21 Rue Basse 80240 Vraignes-en-Vermandois France;http://evasionbienetrebynath.fr/;;;;;;;;;;Traité
Evasion Bien-Etre 44;Espace coworking co & co 80 Rue de Bretagne 44880 Sautron France;http://www.evasionbienetre44.com/;;;;;;;;;;Traité
EVASION Bien-être - Maison du bien-être;Rue Bara Viala 03320 Lurcy-Lévis France;https://www.facebook.com/profile.php?id=61556517147011;;;;;;;;;;Traité
Évasion & Séjour Bien-être;14 Rue d'Aguesseau 87000 Limoges France;;;;;;;;;;;
Évasion - Massages Bien-être, Reiki et Soins Visage Maureillas-las-illas;6 Pl. de la République 66480 Maureillas-las-Illas France;https://evasionbienetreetbeaute.bookinbeautiful.fr/r/NF8SYIL4;;;;;;;;;;Traité
EVA'SION - Massages Bien-être & Relaxation.;300 Route de Bourg 01250 Bohas-Meyriat-Rignat France;http://www.evasionmassagebienetre.fr/;;;;;;;;;;Traité
Evanescence bien-être;768 route de Saint Vincent en Bresse 71370 Saint-Étienne-en-Bresse France;https://www.laure-emmanuelle-chevrier-evanescence.com/;;;;;;;;;;Traité
Etre & Bien-Être Massage - Aix en Provence;1175 Chem. du Puy du Roy 13090 Aix-en-Provence France;https://www.instagram.com/etre_et_bienetre_massage/;;;;;;;;;;Traité
Eternelle harmonie - Massage bien-être & soin esthétique -Le Mans;Centre IDA 139 Rue nationale 72000 Le Mans France;https://eternelleharmonie.booksy.com/a;;;;;;;;;;Traité
Esthétique et Massage Stéfany Bien-être le Pradet;Pôle d'activité 266 Chem. de la Bayette 83220 Le Pradet France;https://www.planity.com/stefany-bien-etre-83220-le-pradet;;;;;;;;;;Traité
Estelle Dumas - Réflexologie et Massages bien-être et sportifs;133 Rue René Armenico 13370 Mallemort France;http://www.xn--estelle-dumas-rflexologie-pic.fr/;;;;;;;;;;Traité
ESPRIT CHRYSALIDE Bien-être et Beauté;29 Rte de Saint-Appolinard 42520 Maclas France;http://www.espritchrysalide.com/;;;;;;;;;;Traité
Espace Terre-Happy (Pratiques Bien-Être, Accompagnement, Ecoute);7 Rue de la République 35470 La Noë-Blanche France;;;;;;;;;;;
Espace Santé et Bien-être;1 Rue de Wolfisheim 67810 Holtzheim France;https://www.studio-eve.fr/espace-sante/;;;;;;;;;;Traité
ESPACE SANTE BIEN ETRE - Loudenvielle;12 Chem. des Badalans 65510 Loudenvielle France;http://www.espacesantebienetre.fr/;;;;;;;;;;Traité
Espace Santé & Bien-Etre (ES&BE), L'Equilibre / Valmorel;Résidence Athamante RDC Numéro 3 73260 Les Avanchers-Valmorel France;http://www.espace-sante-bien-etre-lequilibre.com/;;;;;;;;;;Traité
Espace Santé & Bien-Etre (ES&BE), L'Equilibre / Grand Aigueblanche;2 Pl. de la Saint-Jean 73260 Grand-Aigueblanche France;https://www.espace-sante-bien-etre-lequilibre.com/;;;;;;;;;;Traité
Espace Santé & Bien-Etre (ES&BE), L’Équilibre / Les Abrets;23 allée de l'usine giraud Anciennement : 28 Rue Victor Hugo 38490 France;http://www.espace-sante-bien-etre-lequilibre.com/;;;;;;;;;;Traité
Espace Nordique Bien-Etre Les Ondines;51 Rue Jean Marie Lacire 35150 Janzé France;https://les-ondines.fr/espace-bien-etre/;;;;;;;;;;Traité
Espace nature et bien etre;Institut de Massages 1 Rue Trav. 29880 Guissény France;;;;;;;;;;;
Espace Luxopuncture & Bien Etre 43;125 Allée Merlot 43700 Brives-Charensac France;https://www.facebook.com/229240380278344;;;;;;;;;;Traité
ESPACE GAMMA 1 & 2 - Centre médical, paramédical & bien-être;95 Chem. des Deux Frères 83190 Ollioules France;https://www.jmg-gamma.fr/;;;;;;;;;;Traité
"Espace Forme & Bien-Être ""Les Rivièrades""";16 Rte de Montigny 28220 Cloyes-les-Trois-Rivières France;;;;;;;;;;;
Espace Entre Deux - Isabelle GIBRAT Massages bien-être;37 Rue de la Mare Montigny 78910 Orgerus France;http://www.isabelle-gibrat.fr/;;;;;;;;;;Traité
Espace Bien-être Mum Sabai;35 Rue Boulegon 13100 Aix-en-Provence France;https://www.aix-en-provence-massage.com/;;;;;;;;;;Traité
Espace bien-être Marie-laure Chauve;Le Clos Garel 35750 Iffendic France;http://rdv.itiaki.com/espace-bien-etre;;;;;;;;;;Traité
Espace Bien-Etre Lipsheim;1A Rue de la Croix 67640 Lipsheim France;https://lipsbienetre.wixsite.com/lips-bienetre;;;;;;;;;;Traité
ESPACE BIEN-ETRE L'INSTITUT;54 Av. Général Leclerc 38540 Heyrieux France;https://www.planity.com/espace-bien-etre-38540-heyrieux;;;;;;;;;;Traité
Espace Bien-Être Le Bec;4 Rte du Château 76133 Saint-Martin-du-Bec France;https://www.planity.com/espace-bien-etre-le-bec-76133-saint-martin-du-bec;;;;;;;;;;Traité
Espace Bien-être la Bulle;Camping Marius 7 Rte de la Saulce 13500 Martigues France;https://camping-marius.com/camping-calanque-cote-bleue_fr/massages-et-soins-esthetiques/;;;;;;;;;;Traité
Espace Bien-être JAYA - Yoga Barbazan;Avenue des Thermes 31510 Barbazan France;https://yogabarbazan.wixsite.com/yogabarbazan;;;;;;;;;;Traité
Espace Bien-Etre en ABONDANCE;"Chalet ""La Colombe Mnt du Cloître 74360 Abondance France";;;;;;;;;;;
Espace Bien-Etre | Massage Naturiste | Annecy;15 Av. du Pont de Tasset 74960 Annecy France;https://www.ines-massage-naturiste.fr/;;;;;;;;;;Traité
Espace Bien-être / Le 36 privatif;36 Rte de la Plagne 74470 Bellevaux France;https://le36privatif.com/;;;;;;;;;;Traité
Espace Bien-être - Hammam Les Bains de la Garde;652 Les Pastours 26700 La Garde-Adhémar France;http://www.lesbainsdelagarde.fr/;;;;;;;;;;Traité
Espace Bien-Être;55 Pl. du Maréchal Joffre 62400 Béthune France;http://espacebienetrebethune.fr/;;;;;;;;;;Traité
Espace Bien Etre ISTA;ZA Ecopôle 4 Rue Roland Moreno 35530 Noyal-sur-Vilaine France;https://www.espacebienetre-ista.com/;;;;;;;;;;Traité
Espace Bien Etre;37 Rue de Remiremont 88000 Épinal France;;;;;;;;;;;
"Espace ""Hors du Temps"" - Massages bien-être";Lieu dit rebouil 31310 Rieux-Volvestre France;https://www.espacehorsdutemps.fr/;;;;;;;;;;Traité
Escapade Bien Etre;17 Bd Denys Puech 12000 Rodez France;http://www.escapade-bien-etre.fr/;;;;;;;;;;Traité
Escalesbienetre91;3 Rue du 8 Mai 1945 91310 Leuville-sur-Orge France;https://www.escalesbienetre91.com/contact;;;;;;;;;;Traité
ESCALE NATURE - Institut de beauté ~ Bien-être et Esthétique;4 Pl. Villeroy 69250 Neuville-sur-Saône France;https://www.planity.com/escale-nature-69250-neuville-sur-saone-ya6;;;;;;;;;;Traité
Escale Cosy - Massage bien-être et massage Ayurvédique à Saleilles, proche Perpignan;3 Rue Suzanne Lenglen 66280 Saleilles France;https://escalecosy.fr/;;;;;;;;;;Traité
Escale Bien-être Massage & Soins Énergétiques;NOVASSENS 146 146 Rue des Écoles 73000 Bassens France;https://www.escalebienetremassage.fr/;;;;;;;;;;Traité
Escale Bien Etre - institut de beauté;24 Rte de Chinon 37800 Noyant-de-Touraine France;https://escalebienetre.experience-beaute.com/;;;;;;;;;;Traité
Escale Bien Etre;17 Rue du Général de Gaulle 55500 Ligny-en-Barrois France;;;;;;;;;;;
Energy Slim ECHENOZ LA MELINE, centre minceur et bien-être par digitopuncture;93 Av. de la Victoire 70000 Échenoz-la-Méline France;;;;;;;;;;;
Energie Fleurie ?? Massages bien-être;131 Pl. du 26 Novembre 67150 Hindisheim France;https://aromamade.com/pro/energie-fleurie;;;;;;;;;;Traité
Enaë - Institut de Bien-Être -;8 Pl. Jules Fontenay 03800 Gannat France;https://www.planity.com/enae-institut-bien-etre-03800-gannat;;;;;;;;;;Traité
Ena Luma : institut de massages bien-être et à domicile;41 Rue Principale 57940 Volstroff France;http://cathrenatafranca.com/;;;;;;;;;;Traité
emmanuelle massage bien-être;1200 Rte de Noyer 74200 Allinges France;http://www.emmanuelle-massage-bienetre.com/;;;;;;;;;;Traité
Emiwell massage bien-être, réflexologie, madérothérapie, drainage lymphatique, massage dos,Nancy, Meurthe et Moselle, 54,;2 allée du pré Harbois 54690 Eulmont France;http://www.emiwell.fr/;;;;;;;;;;Traité
Emerveillez Votre Corps Institut de beauté Lanester Homme /Femme Massages bien-être, Soin énergétique;9 Rue Pierre Courtade 56600 Lanester France;http://estheticiennelorient.wixsite.com/esthetiqueadomicile;;;;;;;;;;Traité
Élodie Portelli massage bien-être;3 Chem. de Bordeneuve 31170 Tournefeuille France;;;;;;;;;;;
Elodie Pagès • Praticienne Bien-Être et Holistique • Masseuse - Energeticienne;Résidence Las Motas Chem. de las Ribas 66200 Alénya France;https://calendly.com/pgs-elodie;;;;;;;;;;Traité
Elizen Massages Bien-être Var;979 Rte de Cabasse 83340 Le Luc France;https://elizen-bien-etre-00.webself.net/;;;;;;;;;;Traité
Elixir de bien-être;5 Rue du Clos de Paulmy 37160 Descartes France;https://www.facebook.com/people/Elixir-De-Bien-%C3%AAtre/61564586968719/;;;;;;;;;;Traité
Elise massage et bien-être;Au Salon La Bouclette 3 Cr Général Leclerc 20000 Ajaccio France;https://www.elise-massage.fr/;;;;;;;;;;Traité
Elise Dargent - Massage bien-être;Aux Terres Naturelles 14 Rue Ventadour 07800 La Voulte-sur-Rhône France;https://elisedargent.fr/;;;;;;;;;;Traité
Éléments de la Nature - Soins bien-être et Massages à Aboncourt-Gesincourt, près de Vesoul (Haute-Saône);2 Impasse des grands prés 70500 Aboncourt-Gesincourt France;https://elementsdelanature.com/;;;;;;;;;;Traité
EKYLIBRE BIEN ETRE;89 Av. Georges Pitard 91700 Sainte-Geneviève-des-Bois France;https://www.ekylibre-bienetre.com/;;;;;;;;;;Traité
Éka nature massage bien-être;rue renée dony 42111 Vêtre-sur-Anzon France;https://www.resalib.fr/praticien/68886-eka-nature-praticien-en-massage-bien-etre-vetre-sur-anzon#newrdvmodal;;;;;;;;;;Traité
EI Estelle Doucet - Praticienne en Massages Bien-Etre;33 Rue Charles de Gaulle 78730 Saint-Arnoult-en-Yvelines France;https://edoucet-bienetre.fr/;;;;;;;;;;Traité
EDEN: logements insolites avec soins bien-être (jacuzzi, sauna , massages) et sylvothérapie avec coach respiration.;11 Rue du Culot 59980 Reumont France;https://www.nuits-insolites-eden.com/;;;;;;;;;;Traité
Écurie du Breizh-Pinto - Centre de Bien-être Équin - Humain - Canin -;23 Kerbigot 56490 Guilliers France;https://www.facebook.com/profile.php?id=100057229908939;;;;;;;;;;Traité
Ecoasis - Gîte, Bien-être jeûne et randonnée dans le Lot;305 Route de Puy-Clavel 46160 Gréalou France;http://www.ecoasis.fr/;;;;;;;;;;Traité
Eclypse Bien-Etre;97 Av. du Général de Gaulle 74200 Thonon-les-Bains France;https://www.eclypsebienetre.com/;;;;;;;;;;Traité
Éclat d'Beauté - Institut de beauté / Salon de beauté et de bien-être;29 Rue Victor Hugo 69250 Neuville-sur-Saône France;https://www.eclatdbeaute.fr/;;;;;;;;;;Traité
Eauxens - Centre de Bien-Être;ZAC des Escarnotières Pme-Pmi 1 Rue Claude Louis Berthollet 51000 Châlons-en-Champagne France;https://www.eauxens.com/;;;;;;;;;;Traité
? sens.iel - Bien-être Soins & Massages;80 All. du Mont Perreux 76230 Isneauville France;https://www.planity.com/e-sens-iel-bien-etre-76230-isneauville;;;;;;;;;;Traité
Dyamona, Massages Bien-Être;14 Rte de Gouzon 23130 Chénérailles France;;;;;;;;;;;
Douceur de Naître et Bien-être ( Massage Femme - Grossesse - Drainage Lymphatique - Haptonomie -Thérapeutique Bain Bébé);50 Rue de la Croisette 62120 Aire-sur-la-Lys France;https://www.planity.com/douceur-de-naitre-et-bien-etre-62120-aire-sur-la-lys;;;;;;;;;;Traité
Douce empreinte • Accompagnement périnatal • Bain thérapeutique, massages bien-être • Niort;30 Rue Sainte-Catherine 79000 Niort France;https://www.douce-empreinte.fr/;;;;;;;;;;Traité
Domaine Jean Got : Gîtes, chambres insolites et bien-être proche de Saint-Émilion;443 Jean-Got route de 33420 Lugaignac France;https://www.jean-got.fr/;;;;;;;;;;Traité
Domaine de l'Olivier Brignoles - Location villa & centre de bien-être;664 RD 35 83170 Brignoles France;https://www.domainedelolivier.net/;;;;;;;;;;Traité
Domaine de la Tour Emeraude - Institut de Beauté et Bien-être à Caen;75 Rue de Saint-André 14123 Fleury-sur-Orne France;https://www.touremeraude.com/;;;;;;;;;;Traité
Dinane Bien-être;86 Av. de la Résistance 93340 Le Raincy France;https://www.dinanebienetre.fr/;;;;;;;;;;Traité
Deux Mains pour un Bien-Être;1A Bd Delcassé 09100 Pamiers France;http://www.deuxmainspourunbienetre.com/;;;;;;;;;;Traité
Détente et bien-être;2 Rue des Champs 81600 Gaillac France;http://www.bien-etre81.com/;;;;;;;;;;Traité
Détente Éclairée - Massages et soins bien-être;2 bis Rue Viollet le Duc 21000 Dijon France;https://www.planity.com/claire-massages-21000-dijon;;;;;;;;;;Traité
Détente de la Lys : Centre de bien-être et Institut;30 Rue Faidherbe 59850 Nieppe France;https://www.detentedelalys.fr/;;;;;;;;;;Traité
Détente de la lys : Centre de bien-être & Institut;1014 Rue de la Lys 59253 La Gorgue France;http://www.detentedelalys.fr/;;;;;;;;;;Traité
Destination Bien-être;11 Rue Henri Weibel 59530 Le Quesnoy France;https://www.destinationbienetre.biz/;;;;;;;;;;Traité
Delphine Massage Bien-Être et Sportif 59;10 Rue du Moulin 59148 Flines-lez-Raches France;https://delphinemasseuse59.simplybook.it/v2/;;;;;;;;;;Traité
Deep Massage - Massage Bien-être;04 Rue du Général Leclerc 51220 Loivre France;http://www.deep-massage-reims.fr/;;;;;;;;;;Traité
De Ambre à Zen centre de bien-être;21 Pl. de la Mairie 56130 Férel France;http://www.de-ambre-a-zen.fr/;;;;;;;;;;Traité
David Prevots coiffure beauté bien-être;50 Rte des Granges 27800 Malleville-sur-le-Bec France;https://www.facebook.com/David-Prevots-coiffure-beaut%C3%A9-bien-%C3%AAtre-390809381376011/;;;;;;;;;;Traité
C-Zen Massage Bien-être;8 Rue de l'Essonne 91710 Vert-le-Petit France;https://www.czenmassage.com/;;;;;;;;;;Traité
CRYOPÔLE NÎMES | Cryothérapie, Cryolipolyse | Bien-être & minceur par le froid;Parc du Triangle 120 Rte de Nîmes 30132 Caissargues France;http://frissons.me/;;;;;;;;;;Traité
Couleurs D'Ailleurs - Institut de beauté et bien-etre;5 ter Pl. Jeanne d'Arc 79250 Nueil-les-Aubiers France;https://institutcouleursdailleurs.com/;;;;;;;;;;Traité
Couleur Zen Massages et Soins Bien-être;6 Rue Auvray 72000 Le Mans France;http://www.couleurzen.fr/;;;;;;;;;;Traité
Côté Bien N'être;6 Pass. du Roi 77170 Brie-Comte-Robert France;http://www.cotebiennetre.fr/;;;;;;;;;;Traité
Corporescence - Institut de beauté et bien-être;14 Pl. de l'Église 56250 Elven France;https://www.planity.com/institut-corporescence-56250-elven;;;;;;;;;;Traité
Corinne un Air de Zen | Massages bien-être à Baulon;24 Les Champs 35580 Baulon France;https://unairdezen.fr/;;;;;;;;;;Traité
Coralie Sauvage Massages & Bien-Être;3 Rue Victor Hugo 27320 Nonancourt France;http://www.coraliesauvagemassage.com/;;;;;;;;;;Traité
Concept Santé Bien-être;115 Rte de Fronton 31140 Aucamville France;http://www.centresantebienetre.com/;;;;;;;;;;Traité
Cokette - Centre de bien-être - Centre de formation;3 Rue Denys Boudard 61100 La Lande-Patry France;http://cokettebymelodie.fr/;;;;;;;;;;Traité
CoeurAccords : Séjours bien-être, tantra & naturisme;570 Rte des Hottes 26260 Saint-Bardoux France;http://coeuraccords.fr/;;;;;;;;;;Traité
Cocon Massages bien-être;2 Rue Paupière 69270 Couzon-au-Mont-d'Or France;https://www.cocon-bien-etre.fr/;;;;;;;;;;Traité
Cocon - Centre de bien-être (Flottaison en isolation sensorielle & Massage);15 Rue de Lyon 25720 Beure France;https://www.cocon-flottaison.com/;;;;;;;;;;Traité
COCKTAIL - Bien-Etre et Piscines Gourmanel;1 ZA du Rocher 38780 Estrablin France;https://www.piscinesgourmanel.fr/;;;;;;;;;;Traité
Coaching bien-être (burn out, stress). Formation massage. Yoga du rire & rigologie. C Zen 49;93 Chem. de la Guichardière 49125 Briollay France;https://www.czen49.fr/;;;;;;;;;;Traité
Coach’in Bien-être / Esthétique;A coté de la pharmacie Le Chavan 8 Rte du Crêt d'Esty 74650 Chavanod France;http://www.coach-in-bien-etre.com/;;;;;;;;;;Traité
Clémence Bien-Être - Shiatsu - Massages;21 bis Rue Michel Grimault 44110 Châteaubriant France;http://www.clemence-bien-etre.fr/;;;;;;;;;;Traité
Clembienetre;2 Rue des Étuves 45190 Beaugency France;https://www.clembienetre.com/;;;;;;;;;;Traité
CHRYSALID, centre de bien-être;5 Av. de la Libération 69480 Anse France;http://centre-chrysalid.com/;;;;;;;;;;Traité
Chrys Bulles de Bien-être;34 Hameau d'Antras 09000 Saint-Paul-de-Jarrat France;https://bienetreauxsouvenirsdantan.fr/;;;;;;;;;;Traité
Christine Guillou Massage Bien-être La détente aux beaux chênes;85190 Venansault France;https://www.xn--la-dtente-aux-beaux-chnes-eic9b.fr/;;;;;;;;;;Traité
Christine Bolognesi Massage Bien-Etre et Naturopathie;Espace Sante Naturelle Et Bien Etre 18 Rue Despeyroux 82500 Beaumont-de-Lomagne France;https://www.christinebolognesi-massagebienetre.fr/;;;;;;;;;;Traité
Chez Juliette, soins et bien-être;14 Rue Clemenceau 59830 Bourghelles France;http://chezjuliettebienetre.fr/;;;;;;;;;;Traité
Chemins du bien-être avec les minéraux;6 Rue Neuve 30140 Anduze France;https://cheminsdubienetreaveclesmineraux.fr/;;;;;;;;;;Traité
Chemin de Vie Praticienne en Massage de bien-être soins énergétiques réserver uniquement aux Femmes;Quartier BARNABÉ 39 Rue Edison 24750 Boulazac Isle Manoire France;https://www.facebook.com/profile.php?id=100089438204414;;;;;;;;;;Traité
Château de la Bien-Assise;1197 La Bienassise 62340 Guînes France;http://www.camping-la-bien-assise.com/;;;;;;;;;;Traité
Charlotte Plaisance, Naturopathe - Massages bien-être;1 Rue des Gondoles 33270 Floirac France;https://www.dolcavivo.fr/;;;;;;;;;;Traité
Charlotte Batard - Bien-Etre - Luxopuncture et Luminothérapie;360 Rue de l'Église 01340 Attignat France;https://www.charlotte-luxopuncture.com/;;;;;;;;;;Traité
CHAMBRES D'HOTES ESCALE ET BIEN ETRE;7 La Bourrelière 44210 Pornic France;https://www.escaleetbienetre.fr/;;;;;;;;;;Traité
Chaleur et Bien-Etre Delicourt Energies;Allée des Merisiers 80420 Flixecourt France;;;;;;;;;;;
Céren Bien-Être;26 rue du clos St Martin 91630 Leudeville France;https://www.ceren-instituts.fr/;;;;;;;;;;Traité
Centre Santé Bien Etre;8 Pl. de la Libération 21320 Pouilly-en-Auxois France;;;;;;;;;;;
Centre Meta MorphOze- Centre de bien-être et de développement aux Portes de Poitiers;2 Grand Rue 86240 Ligugé France;https://www.metamorphoze.fr/;;;;;;;;;;Traité
Centre luxo bien-être;21 Rte de Voivres 72210 La Suze-sur-Sarthe France;;;;;;;;;;;
Centre KONENKI Massages bien-être Formation Nathalie Sabathier Fronton;115 Av. de Villaudric 31620 Fronton France;http://www.nathaliesabathier.com/;;;;;;;;;;Traité
Centre Gaïa - Thérapies du bien-être;30 Rte de Nevers 18390 Savigny-en-Septaine France;http://www.centre-gaia.com/?utm_source=google&utm_medium=wix_google_business_profile&utm_campaign=5391916596296245455;;;;;;;;;;Traité
Centre d'Epilation Beauté & Bien-être;46 Rue de la République 38300 Bourgoin-Jallieu France;https://www.centredepilation-beaute-bienetre.fr/?utm_medium=referral&utm_source=gmb&utm_campaign=lnk-gmb;;;;;;;;;;Traité
Centre de soin et de bien-être Coursannais;37 Av. de Toulouse 11110 Coursan France;https://www.centre-de-soin-coursannais.fr/;;;;;;;;;;Traité
Centre de Santé et de Bien Etre;99 Av. Jacques Douzans 31600 Muret France;https://www.santebienetremuret.fr/;;;;;;;;;;Traité
Centre de Relaxation Cardoso. Massage, Bien-Être,Relaxation et Réflexologie en Essonne 91;115 Av. Gabriel Péri 91700 Sainte-Geneviève-des-Bois France;;;;;;;;;;;
"centre de massage de bien etre ""dans ma bulle""";lieu dit Lescure 48500 Banassac-Canilhac France;http://www.bienetre-en-lozere.com/;;;;;;;;;;Traité
Centre de bien-être LineQuartz - Grez-Neuville - Angers Catherine CORDIER - Calido;5 La Gautellerie 49220 Grez-Neuville France;https://calido.fr/;;;;;;;;;;Traité
Centre de Bien-Être du Jaunay;4 Bellevue 85220 La Chapelle-Hermier France;https://centredebienetredujaunay.fr/;;;;;;;;;;Traité
CENTRE DE BIEN-ÊTRE Cécile Chopin;27 Av. Georges Pompidou 85100 Les Sables-d'Olonne France;http://massage-bienetre-lessables.com/;;;;;;;;;;Traité
Centre de bien-être Azteca;3 Rue François Arnaud 04400 Barcelonnette France;https://www.spa-azteca.fr/;;;;;;;;;;Traité
Centre de bien-être;Étang du Stock 57400 Langatte France;https://www.langatte-tourisme.com/;;;;;;;;;;Traité
Centre de Bien Etre de l'Huilerie;Rue du Chemin de Fer 72500 Dissay-sous-Courcillon France;;;;;;;;;;;
CENTRE DE BIEN ETRE - Massage Limoges;17 Rue François Perrin 87000 Limoges France;;;;;;;;;;;
Centre d'amincissement et de bien-être;1 Rue de la Mousson 22100 Quévert France;;;;;;;;;;;
Centre Bien-être Ham-Sous-Varsberg;78 Rue de Creutzwald 57880 Ham-sous-Varsberg France;http://www.centrebienetreham.com/;;;;;;;;;;Traité
Centre Bien-être et Santé;17 Rte de Lamorlaye 60580 Coye-la-Forêt France;;;;;;;;;;;
Centre Bien-Etre;4 Pl. Albert 1er 85000 La Roche-sur-Yon France;;;;;;;;;;;
Centre Bien Etre Carquefou;10 ter Rue du Marquis de Dion 44470 Carquefou France;https://www.planity.com/centre-bien-etre-44470-carquefou-2a2;;;;;;;;;;Traité
Center Énergie & Bien-Être;25 Lot. des Garrigues 34160 Sussargues France;http://www.centreenergie.com/;;;;;;;;;;Traité
Céline Boulard - Massages Bien-Etre by Céline;2 Dom. de Seignelay 92290 Châtenay-Malabry France;http://massagesbienetrebyceline.com/;;;;;;;;;;Traité
Célia M. Massages Bien-Être et Détente;21 Rue Roger Salengro 93270 Sevran France;;;;;;;;;;;
Cécile éveil et bien-être;212 Av. Hebburn 59330 Hautmont France;https://aubebeenchante.com/;;;;;;;;;;Traité
Ceb c'est bien;16 lotissement Imp. Saint-Sauveur 57440 Angevillers France;https://cebcestbien-custom.com/a-propos/;;;;;;;;;;Traité
C'Bien;20 Av. Winston Churchill 94370 Sucy-en-Brie France;http://www.naturopathevaldemarne.com/;;;;;;;;;;Traité
CATTLEYA BIEN-ETRE;3 centre commercial des Ajoncs 56250 Saint-Nolff France;https://www.cattleyabienetre.fr/?utm_source=gmb#bookAppointment;;;;;;;;;;Traité
Catherine REY Naturopathe, Auriculothérapie, Iridologue, Sophrologue, Réflexologue Plantaire, Massage Bien-Etre;1 Rte du Pin Rond 38780 Estrablin France;https://www.catherine-rey.fr/;;;;;;;;;;Traité
CARPE DIEM Massage bien-être;MAISON TERRA 23 Av. de Verdun 02500 Mondrepuis France;http://carpediem-massage.com/;;;;;;;;;;Traité
Caroline Miel - Massage sportif et bien-être;2 Pl. de la République 54180 Heillecourt France;https://www.caroline-miel.fr/;;;;;;;;;;Traité
Caroline Gerberon | Massage Bien-Être Vosges;Le Centre Tout Naturellement 19 Rue des Trois Ville 88100 Saint-Dié-des-Vosges France;https://massagebienetrevosges.fr/;;;;;;;;;;Traité
Caroline Billebeau massages bien-être;7c Rue des Prés de la ville 78490 Galluis France;http://www.carolinebillebeau.fr/;;;;;;;;;;Traité
Cap Vitalité Votre Destination Bien Etre et Beauté;11 Rue Gonfroi 62500 Clairmarais France;http://www.capvitalite.com/;;;;;;;;;;Traité
Cam K Massages bien-être by haimé;1 Rue Panhard et Levassor 78570 Chanteloup-les-Vignes France;;;;;;;;;;;
CALM Massage Bien-être;28 Rue Alfred Kastler Zac De La Vatine 76130 Mont-Saint-Aignan France;https://www.planity.com/calm-massage-bien-etre-76130-mont-saint-aignan;;;;;;;;;;Traité
CALEYA Bulle de Bien-Être;Allée des Landes de Cabaniou 40390 Saint-Martin-de-Seignanx France;;;;;;;;;;;
Cabinet de massage et maderotherapie Vivre bien-être;3 Bis Rue Truc des Mazes 34820 Teyran France;https://vivrebienetre.fr/;;;;;;;;;;Traité
Cabinet Dagaz - Massages & techniques de bien-être;1 Place Notre Dame 22600 Loudéac France;http://www.dagaz-mld.com/;;;;;;;;;;Traité
Cabinet bien-être féminin - Chaïma Meharech;47 Rue du Bal Champêtre 27400 Louviers France;https://www.naturopathepraticienne.com/;;;;;;;;;;Traité
Cabinet Bien-Être - Aime La Plagne;213 Av. de la Tarentaise 73210 Aime-la-Plagne France;;;;;;;;;;;
Cabinet Bien-Être;3 Pl. de la République 17290 Aigrefeuille-d'Aunis France;;;;;;;;;;;
Cabinet Bel'harmonie - Energéticienne & massages bien-être;24 Rue Victor Hugo 78350 Jouy-en-Josas France;http://www.cabinet-belharmonie.fr/;;;;;;;;;;Traité
C’Line Bien-Etre;23 Rue de la Corvée 88480 Étival-Clairefontaine France;http://www.clinebienetre.fr/;;;;;;;;;;Traité
C. L'Instant Bien-Être;15 Rue du Gén de Gaulle 27340 Pont-de-l'Arche France;;;;;;;;;;;
C essentiElle institut de bien-être & Beauté - Formations professionnelles;1 bis Rue Charles Desailly 62860 Oisy-le-Verger France;https://www.planity.com/c-essentielle-62860-oisy-le-verger;;;;;;;;;;Traité
Bulles De Bien Etre;2 Rue de la Tour 87190 Magnac-Laval France;https://www.bulles-de-bien-etre-87.fr/;;;;;;;;;;Traité
Bulle massage - massages bien-être sur mesure;2950 Rte de Gouttenoire 42440 Les Salles France;https://www.bulle-massage.fr/?utm_source=google&utm_medium=wix_google_business_profile&utm_campaign=3315531072695161150;;;;;;;;;;Traité
Bulle d'éKilibre réflexologie, shiatsu, massage bien-être, La Bouilladisse 13;280 Av. de la Malvesine 13720 La Bouilladisse France;http://www.shiatsu-reflexologie-massage-13.fr/;;;;;;;;;;Traité
Bulle de bien-être en Gaume asbl;103 Anc. Chem. de Mons 30100 Alès France;;;;;;;;;;;
Bulle De Bien-Être;1415 Rte de Jassans 01560 Saint-Nizier-le-Bouchoux France;;;;;;;;;;;
Bulle de bien-etre;2 Rue du Marin 60940 Cinqueux France;https://www.planity.com/bulle-de-bien-etre-60940-cinqueux;;;;;;;;;;Traité
Bulle de Bien Etre;Rue de Madrid 12000 Rodez France;http://www.bulles-de-bien-etre.fr/;;;;;;;;;;Traité
Bulle Bien Etre;19 Rue de la République 50600 Saint-Hilaire-du-Harcouët France;https://www.planity.com/bulle-bien-etre-50600-saint-hilaire-du-harcouet;;;;;;;;;;Traité
Brocéliande Beauté et Bien-être;31 Rue nationale 56430 Mauron France;;;;;;;;;;;
BODY AREA - Massage - Bien-être - Bretagne;6 Pl. de l'Église 22600 Saint-Caradec France;https://www.body-area.com/;;;;;;;;;;Traité
Bluenn Boulon - Massages bien-être et accompagnement à la naissance;1 Rés Condamine 39570 Perrigny France;http://www.bluennboulon.fr/;;;;;;;;;;Traité
Bliss Bien-être;9 Av. de Valmy 77500 Chelles France;https://www.bliss-bien-etre.fr/;;;;;;;;;;Traité
Bioluminescence - institut de beauté & boutique bien-être;Promenade d'Artois 320 Rue d'Artois 62161 Duisans France;https://bio-luminescence.fr/;;;;;;;;;;Traité
Bienvenue chez Maud;19 Av. de la Gare 80200 Doingt France;https://www.bienvenuechezmaud.fr/;;;;;;;;;;Traité
Bienvenue Bébé;15 Rue du Gén de Gaulle 27340 Pont-de-l'Arche France;http://www.bienvenue-bebe.com/;;;;;;;;;;Traité
Bien-Naître Lourdes;23 Bd Roger Cazenave 65100 Lourdes France;https://biennaitre-massage-lourdes.fr/;;;;;;;;;;Traité
Bien-être Soi;19 bis Rue Pierre Mendès France 27320 Nonancourt France;https://www.bien-etre-soi.fr/;;;;;;;;;;Traité
Bien-être Reventinois (massages bien-être Vienne et alentours);72 Chem. de Moras 38121 Reventin-Vaugris France;https://dumasannesophie69.wixsite.com/bien-etrereventinois;;;;;;;;;;Traité
Bien-Être Retrouvé (Rachel Mongin);Le Lineau - les Aubiers n°36 79250 Nueil-les-Aubiers France;http://bien-etre-retrouve.fr/;;;;;;;;;;Traité
BIEN-ÊTRE POUR VOUS - Massage et hypnothérapie;Pl. Jacques du Bellay 37340 Savigné-sur-Lathan France;https://www.bienetrepourvous.fr/;;;;;;;;;;Traité
Bien-être pour tous;2 Av. d'Haouza 72100 Le Mans France;http://www.bienetre-lemans.fr/?utm_source=gmb;;;;;;;;;;Traité
Bien-être Massage & Yoga;Rte de la Cathedrale 20217 Saint-Florent France;https://dugardfranc.wixsite.com/my-site-1;;;;;;;;;;Traité
Bien-être et Harmonie;9 Rue de la Plage 76910 Criel-sur-Mer France;http://sites.google.com/view/bienetre-harmonie-criel;;;;;;;;;;Traité
Bien-être et équilibre - réflexologie;35 Bis Rte de Corzent 74200 Anthy-sur-Léman France;;;;;;;;;;;
Bien-être du corps et de l’esprit;18 Rue des Roses 67520 Marlenheim France;https://www.sabine-bienetre.com/;;;;;;;;;;Traité
Bien-être de l'Aveyron;impasse bellevue 5 lotissement Bel Air 12520 Aguessac France;;;;;;;;;;;
Bien-être by Yo - Massages Gaillac;20 Rue Jean Jaurès 81600 Gaillac France;http://www.bienetrebyyo.fr/;;;;;;;;;;Traité
Bien-être by Stephanie;Camping Cap Sud Av. de la Mer 66200 Alénya France;http://bienetrebystephanie.fr/;;;;;;;;;;Traité
Bien-être by So' - Massages, Access Bars® & Hypnose;501 Bd Louis Bernard 83250 La Londe-les-Maures France;https://www.bienetrebyso.fr/;;;;;;;;;;Traité
Bien-être by Grégory;9 Pl. de la Mairie 88540 Bussang France;http://bien-etrebygregory.fr/;;;;;;;;;;Traité
BIEN-ETRE AUX VENTS;43150 Freycenet-la-Cuche France;http://bienetreauxvents.fr/;;;;;;;;;;Traité
Bien-être au rendez-vous - Massages & Soins Holistiques - Bouguenais (Nantes Aéroport);26 Rue Aristide Briand 44340 Bouguenais France;http://www.bien-etre-au-rendez-vous.fr/;;;;;;;;;;Traité
Bien-être au Naturel;Lotissement Le Gallaz 2 Rue Claude de Buttet 73490 La Ravoire France;http://www.institut-bienetreaunaturel.fr/;;;;;;;;;;Traité
Bien-être Alsace;20 Rue du Gén de Gaulle 67560 Rosheim France;http://www.bienetrealsace.com/;;;;;;;;;;Traité
Bien-Etre à la Source - Catherine Missotte - David Ménard - Coeur d'Agate -;1 Rue des Sabotiers 56500 Radenac France;http://bienetrealasource.fr/;;;;;;;;;;Traité
Bien-être | Shiatsu | Odori-institut;768 Rue des Mirabeaux 26320 Saint-Marcel-lès-Valence France;;;;;;;;;;;
Bien-être & Vitalité Véronique Lemettre - Massage Visage & Corps - Drainage lymphatique;66 Rue Saint-Pry 62400 Béthune France;https://www.facebook.com/bienetreetvitalite;;;;;;;;;;Traité
Bien-être & Vitalité Véronique Lemettre;26 bis Rue de la Liberté 62144 Acq France;https://linktr.ee/veronique9000;;;;;;;;;;Traité
Bien-être & Sens;19 Rue d'Anet 28260 Saussay France;http://bienetreetsens.fr/;;;;;;;;;;Traité
Bien-être & Formation;30420 Calvisson France;http://www.bf-institut.com/;;;;;;;;;;Traité
Bien Naître & Eveil (massage bébé, enfant, postnatal) Réflexologie plantaire bébé, jeune enfant;73210 Aime-la-Plagne France;http://biennaitre-eveil.fr/;;;;;;;;;;Traité
Bien Hêtre;1 chemin Hartane 64410 Fichous-Riumayou France;https://bien-hetre.fr/;;;;;;;;;;Traité
bien etre thailande;5 Bd Carnot 74200 Thonon-les-Bains France;http://www.bienetrethailande.com/;;;;;;;;;;Traité
Bien Etre O Mans;Bien-Être ô Mans 147 Av. de la Libération 72000 Le Mans France;https://www.bienetreomans.fr/;;;;;;;;;;Traité
Bien Etre et Mieux Etre;26 Rue de Tours 37600 Loches France;http://www.bien-etre-et-mieux-etre.fr/;;;;;;;;;;Traité
BIEN ETRE EN LOMAGNE Association;16 bis Rue Despeyroux 82500 Beaumont-de-Lomagne France;https://www.facebook.com/associationbeel/;;;;;;;;;;Traité
Bien Etre Attitude;Novéa 727 Av. de Lançon 84400 Apt France;;;;;;;;;;;
Bien etre à Gogo;8 Rue de Rochefort 78660 Ablis France;https://www.planity.com/bien-etre-a-gogo-78660-ablis;;;;;;;;;;Traité
Bien Etre;Av. Vincent Picareau 83140 Six-Fours-les-Plages France;;;;;;;;;;;
Bien & Etre Shiatsu;Résidence Agnarello Lot 12 20166 Pietrosella France;https://www.bienetreshiatsu.com/?utm_source=google&utm_medium=wix_google_business_profile&utm_campaign=8661602426968420572;;;;;;;;;;Traité
Be'Zen (Bien-être . Yoga . Beauté);13 Av. Henri Ravera 92220 Bagneux France;http://www.centre-bezen.fr/;;;;;;;;;;Traité
BERENGERE PETIT - Massage bien-être & Energéticienne;18 Av. Forêt de Bord Bâtiment B Appartement 22 27340 Les Damps France;http://www.berengerepetit.fr/;;;;;;;;;;Traité
Belle et Bien;espace commercial la rouarde 9 44 Chem. Vieux route de 82350 Albias France;http://www.planity.com/belle-et-bien-82350-albias;;;;;;;;;;Traité
Bellavida institut de beauté & bien-être Montaigu-Vendée;33 Rue Saint-Joseph C 85600 Montaigu-Vendée France;http://www.institut-bellavida.fr/;;;;;;;;;;Traité
Bellana Formation massage bien-être. Anaïs Delobelle. Centre de formation certifié Qualiopi;85190 Venansault France;http://www.anaisdelobellemassage.fr/;;;;;;;;;;Traité
Beauté et Bien-être;32 place de la halle 45270 Ladon France;https://linktr.ee/beauteetbienetre45;;;;;;;;;;Traité
Beauté Bien-être Gourmandise;36 Rue des Merles 60600 Breuil-le-Vert France;https://bbg-blv.fr/;;;;;;;;;;Traité
Beauté bien-être by Sorana et Audrey;5 Rue de la Haie À Sorel 78990 Élancourt France;https://www.planity.com/beaute-bien-etre-by-sorana-audrey-78990-elancourt;;;;;;;;;;Traité
Beauté Bien Etre;11 Rue Jeannette Rousseau 89800 Courgis France;;;;;;;;;;;
Beauchet Morgan - Massages Bien-être à Arras - EVEIL MAGIC MASSAGES;4 Rue des Bouleaux 62217 Achicourt France;https://eveil-magic-massages.fr/;;;;;;;;;;Traité
Balinea Plaisir & Bien-être;490 Rte de Toulouse Bal 9 31620 Fronton France;http://www.soins-bio-balinea-fronton.fr/;;;;;;;;;;Traité
Ayâma – Massage bien-être, soins énergétiques et relaxation à Niort (79) et en visio;113 Rue des Marais 79000 Niort France;http://www.ayamamassage.fr/;;;;;;;;;;Traité
AyA Thaï Bien-être;68 Av. Foch 76600 Le Havre France;https://aya-thaispa.com/;;;;;;;;;;Traité
Aux sens bien-être;11 All. des Acacias 59126 Linselles France;https://www.auxsensbienetre.fr/;;;;;;;;;;Traité
Aurore bien-être;21 Chem. de la Bouscayrolle 81300 Graulhet France;https://www.massage-graulhet.fr/;;;;;;;;;;Traité
Aurora Bien-être;4 bis Rue du N 66200 Alénya France;https://linktr.ee/aurorabienetre?fbclid=IwY2xjawFfb6pleHRuA2FlbQIxMAABHch3AsQZo7-oJd2h8zyqg6TdKhlbNM3gRu12jFksxDKr9nMPIDSwHtC1QQ_aem_I6JXBiWuRHRtkVLtgw3zEg;;;;;;;;;;Traité
Aurelie Bertier Réflexologie Plantaire & Relaxation Bien-être;51b Ham. de Cantraine 62190 Lillers France;https://www.facebook.com/share/1DM7jXsxSR/;;;;;;;;;;Traité
Aups bien etre verdon;3 Rue Gabriel Péri 83630 Aups France;https://g.co/kgs/UpmZe9;;;;;;;;;;Traité
Audrey Morassi EI, Praticienne bien-être;13 Rue d'Orée 72800 Le Lude France;;;;;;;;;;;
Au Quai du Bien-Être et de la Conscience;12 Rue Sainte-Barbe 68210 Altenach France;https://www.facebook.com/auquaidubienetre;;;;;;;;;;Traité
Au gré des sens bien-être;423 route des epingliers 03350 Louroux-Bourbonnais France;http://reservationbeaute.fr/au-gre-des-sens-bien-etre-03350;;;;;;;;;;Traité
Au fil de vous - salon de thé et cabinet de soins bien-être à Metz;34 Rue de Pont-à-Mousson 57000 Metz France;https://aufildevous-lesalon.fr/;;;;;;;;;;Traité
Au Cœur du Bien-être;3 Pl. de la Mairie 39110 Andelot-en-Montagne France;https://www.au-coeur-du-bien-etre.fr/;;;;;;;;;;Traité
Au Coeur du Bien-Etre;14-18 Rue Principale 54490 Avillers France;https://www.facebook.com/profile.php?id=61555262401062;;;;;;;;;;Traité
Au Coeur Du Bien Etre;32 Rue du Grand Saint-Laumer 41150 Monteaux France;https://aucoeurdubienetre.fr/;;;;;;;;;;Traité
Au cœur de ma bulle Vanessa Hercouët Accompagnante en bien-être émotionnel;Tuilerie 85600 Montaigu-Vendée France;http://aucoeurdemabulle.fr/;;;;;;;;;;Traité
Au Coeur de L'Univers du Bien-être;27 Rue Denfert Rochereau 42260 Saint-Germain-Laval France;https://www.aucoeurdeluniversdubienetre.fr/;;;;;;;;;;Traité
Au bien-être de Perle;2 Rue de la Forge 25370 Métabief France;;;;;;;;;;;
Au bien-être de Lys;10 Pl. Saint-Nicolas 49310 Lys-Haut-Layon France;http://aubienetredelys-zen-hypnos.fr/;;;;;;;;;;Traité
Au bien-être de Lydie;5 Ham. de Ribeauvillé 02500 Aubenton France;https://www.facebook.com/aubienetredelydie02;;;;;;;;;;Traité
Au Bien-Être d’Elise;24 Rue de l'Image 72800 Le Lude France;https://www.planity.com/au-bien-etre-delise-72800-le-lude;;;;;;;;;;Traité
AU BIEN VENU;4 Chem. du Danis 31410 Noé France;http://aubienvenu.com/?utm_source=google&utm_medium=wix_google_business_profile&utm_campaign=396880188879529294;;;;;;;;;;Traité
Au Bien Naître;46 Pl. Jean Baptiste Colbert 53940 Saint-Berthevin France;http://www.aubiennaitre.com/;;;;;;;;;;Traité
Au Bien Etre;2 Rue de Fontaine 60120 Breteuil France;https://www.planity.com/au-bien-etre-60120-breteuil-whf;;;;;;;;;;Traité
Association Qi Gong et Activités de Bien-être;25 Rue Michelet 86170 Neuville-de-Poitou France;http://qigong-neuville86.fr/;;;;;;;;;;Traité
Association L'instant zen : Béatrice Jouret et Elodie Aubanel - Organisation de Salons Bien-être, de Conférences, Formations massage bien-être, Plusieurs thérapeutes au sein de l'association.;Imp. Antoine de Saint-Exupéry 84170 Monteux France;;;;;;;;;;;
Association Espace Essentiel Relans - Cabinet santé et bien-être;17 Grande Rue 39140 Relans France;;;;;;;;;;;
Arzon Bien-être - des sens à la vie;10 Chem. du Clos Fardel 56640 Arzon France;https://des-sens-a-la-vie.jimdofree.com/;;;;;;;;;;Traité
Art-Essentiel . Massages bien-être;195 Imp. de la Chartreuse 38790 Saint-Georges-d'Espéranche France;https://art-essentiel.fr/;;;;;;;;;;Traité
Art et Bien Etre;6 bis Rue Jean Lemee 44130 Bouvron France;http://www.institut-artbienetre.com/;;;;;;;;;;Traité
Aromana - Massages & Bien-être;100 All. du Comminges 31770 Colomiers France;https://www.aromana.fr/;;;;;;;;;;Traité
Appart Bien Etre;7 Rue André du Vigneau 41170 Sargé-sur-Braye France;http://appart-bien-etre.booksy.com/;;;;;;;;;;Traité
Anne-Lise Raffaelli – Massages bien-être à domicile | Da Mani à l’Anima;74 Cardiccia 20290 Monte France;https://www.damanialanima.fr/;;;;;;;;;;Traité
Anne Lasry L'Eure Séance Bien-Être;15 Rue des Vignes 27920 Saint-Pierre-de-Bailleul France;https://leureseancebienetr.wixsite.com/website;;;;;;;;;;Traité
Animatrice Bien Etre;Château du Rte de Chemazé 53200 Château-Gontier-sur-Mayenne France;https://www.manuella-animatrice-bienetre.fr/;;;;;;;;;;Traité
Andrés Marín praticien en massage bien-être;Institut concept soleil 45 Rue de Provence 75009 Paris France;https://www.planity.com/marin-zuleta-andres-75009-paris;;;;;;;;;;Traité
ANCESTRAL -Bien Etre;80 impasse de la fonza 43200 Saint-Maurice-de-Lignon France;https://www.facebook.com/spa.massage.bien.etre/;;;;;;;;;;Traité
ANATY bien-être | Séverine Rabalison;49 bis Rue Aristide Briand 95520 Osny France;https://www.anaty-bien-etre.fr/;;;;;;;;;;Traité
Anandena – Studio de Yoga & Bien-être;11 Rue de Berlencourt 62810 Estrée-Wamin France;http://anandena.fr/;;;;;;;;;;Traité
Amsolmassage, Massage bien-être, relaxant, prénatal, drainant, sportif;9 Rue Prte de la Ville 78680 Épône France;https://www.planity.com/amsol-massages-78680-epone;;;;;;;;;;Traité
Amma assis / Massage bien-être Valérie NOTH - Deux Mains Pour Soi;9 Rue des Biches 77183 Croissy-Beaubourg France;https://valerie2mains0.wixsite.com/website;;;;;;;;;;Traité
Améthyste Bien-être (Massages bien-être);9 Rue des Aubépines 86240 Smarves France;http://amethyste-bien-etre.fr/;;;;;;;;;;Traité
Améthyste Bien-être;27 Rue Georges Colson 78700 Conflans-Sainte-Honorine France;https://www.amethystebienetre.fr/;;;;;;;;;;Traité
Âme & Sens massage bien-être;1 Pl. de l'Église 29710 Plogastel-Saint-Germain France;https://amesensmassage.kalendes.com/;;;;;;;;;;Traité
Ambition Bien-être;5C rue Malraux Entrée côté cour - RDC 21000 Dijon France;http://www.ambition-bien-etre.fr/;;;;;;;;;;Traité
AM massage bien-être - Sur-mesure, prénatal, drainage, madéro & kobido - Montrouge;12 Rue Couprie 92120 Montrouge France;https://ammassagebienetre.com/;;;;;;;;;;Traité
ALOHA Massage Bien-Etre;5 Av. du Rivage 80100 Abbeville France;http://aloha-massagebienetre.fr/;;;;;;;;;;Traité
Alicia massage bien-être;2 Rue de Meren 83340 Le Luc France;;;;;;;;;;;
Aless'entiel – Massage & bien-être à Massongy/ Douvaine;29 Rte de l'Église 74140 Massongy France;;;;;;;;;;;
Alaia Cristal Bien-être;21 Rue des Charmes 79000 Bessines France;https://www.alaia-cristal-bienetre.fr/;;;;;;;;;;Traité
Akissi Bien-etre;8 Rue Bulot 03200 Vichy France;http://www.akissibienetre.com/?utm_source=gmb;;;;;;;;;;Traité
Aix Bien Etre;14 Av. Jean Moulin 13100 Aix-en-Provence France;;;;;;;;;;;
A'Hotu Massage - Massage bien-être - Massage personnalisé - Massage Deep-Tissue;8 Rue de L'Ancienne Ferme 68600 Volgelsheim France;https://www.facebook.com/ahotumassage/;;;;;;;;;;Traité
AH ! Massage-bien-être et Savoir-faire Rebozo;5 Rue Guillaume Michel 50180 Agneaux France;http://www.ah-bien-etre.fr/;;;;;;;;;;Traité
Agnès M Bien-être;174 Av. nationale 72230 Arnage France;https://sites.google.com/view/agnesmbienetre?usp=sharing;;;;;;;;;;Traité
Adrien Lacassaigne Massage Bien-être.;310 Rue de la Moinerie 37380 Neuillé-le-Lierre France;https://www.adrienlacassaigne.fr/;;;;;;;;;;Traité
adella bien-être;1 Rue Albert Camus 57255 Sainte-Marie-aux-Chênes France;https://www.adella.fr/blank-3;;;;;;;;;;Traité
Action Relaxation & Bien-être;81120 Terre-de-Bancalié France;https://relaxaction.wixsite.com/website;;;;;;;;;;Traité
A'corps et Equi'Libre - Réflexologie et Massages Bien-être dans le Jura;8 Rue des Tirettes 39300 Crotenay France;https://www.facebook.com/acorpsetequilibre;;;;;;;;;;Traité
Accordesoi (massage bien-être);27 Chem. du Cortelet 73210 Aime-la-Plagne France;;;;;;;;;;;
Abhyanga Massage Bien-être;2 Rue des Sauges 26450 Charols France;https://www.abhyanga-massagebienetre.com/;;;;;;;;;;Traité
ABBIES MY BIEN ETRE;8 Av. Henri Barbusse Etage 1 95470 Fosses France;https://www.abbies.fr/;;;;;;;;;;Traité
A L'Equilibre: Centre Medico esthétique et Bien-être;2 Rue du Four À Chaux 91540 Mennecy France;https://www.alequilibre91.fr/;;;;;;;;;;Traité
A l'aube du bien-être;369 Sente Sainte-Venise 76230 Bois-Guillaume France;http://www.aubedubienetre.com/?utm_source=google&utm_medium=wix_google_business_profile&utm_campaign=16861474681468188823;;;;;;;;;;Traité
À la recherche du bien-être;93 Rue Georges Médéric 94700 Maisons-Alfort France;;;;;;;;;;;
À la Croisée des Étoiles. Praticienne certifié en Massages Bien-Être et Énergétique. Fasciathérapie Tissual Balancing.;L'Envolée 36 Rue Jean Jaures 56400 Auray France;https://www.alacroiseedesetoiles.com/;;;;;;;;;;Traité
A Corps de Soi Bien-Être Massage;1 Ter Rte de Paris 76240 Bonsecours France;http://acorpsdesoimassage.com/;;;;;;;;;;Traité
A Corps Bien-Etre;25 bis Rue Neuve 19200 Saint-Angel France;https://acorpsbienetre.fr/;;;;;;;;;;Traité
110 Fusion Zen Espace bien-être : massages, soins énergétiques holistiques (Reïki, Lahochi..), Formations certifiantes;42 bis Rue de Comprian 33980 Audenge France;https://110fusionzen.com/;;;;;;;;;;Traité
??Cel'bien-être?? Massage bien-être à l'Arbresle;110 B Chem. des Balmes 69210 L'Arbresle France;https://cel-bien-etre.fr/;;;;;;;;;;Traité
ZHAOXIA détente;Imp. Monte Stello 20290 Borgo France;https://www.facebook.com/profile.php?id=61563820400075;;;;;;;;;;Traité
Zenyaréflexologie, David Lebrun.;23 Rue Paul Valéry 59320 Hallennes-lez-Haubourdin France;https://zenyareflexologie.com/;;;;;;;;;;Traité
zenÔnaturel;56390 Grand-Champ France;https://www.planity.com/zenonaturel-56390-grand-champ;;;;;;;;;;Traité
Zénitudes;1 Rue Joseph Lena 56520 Guidel France;https://www.zenitudes.com/;;;;;;;;;;Traité
Zenith Esthetique | Épilation laser et soins esthétiques | Cernay-lès-Reims;11 Rue du Loup 51420 Cernay-lès-Reims France;https://zenith-esthetique.fr/;;;;;;;;;;Traité
Zen'Essentiel;59 Rue nationale 16270 Terres-de-Haute-Charente France;http://www.planity.com/;;;;;;;;;;Traité
Zen'Essence;61arue de bourgfelden 68220 Hégenheim France;https://institut-zen-essence.fr/;;;;;;;;;;Traité
Zenbynasira;36 Av. Maréchal de Lattre de Tassigny 85400 Luçon France;;;;;;;;;;;
ZeN'athitude;70 Rue de la Grange Champion 37530 Nazelles-Négron France;https://www.zen-athitude.fr/;;;;;;;;;;Traité
Zenance;Bd Léopold Maissin 29480 Le Relecq-Kerhuon France;http://www.zenance.fr/;;;;;;;;;;Traité
Zen et Sens;15 Rue Clemenceau 68660 Lièpvre France;http://www.zenetsens-liepvre.fr/;;;;;;;;;;Traité
Zen Et Relax;13 Rue Camille Rigaux 51170 Fismes France;https://www.zen-et-relax.fr/;;;;;;;;;;Traité
Zen et Belle;38 Pl. Belle Croix 14700 Falaise France;https://www.planity.com/zen-et-belle-14700-falaise;;;;;;;;;;Traité
zen Altitude;13 Imp. des Myosotis 66210 Les Angles France;https://la-zen-altitude.fr/;;;;;;;;;;Traité
Zen & Naturo;54 Rue de la République 38440 Saint-Jean-de-Bournay France;;;;;;;;;;;
Zen & B'L;22 Pl. de L Hôtel de ville 45410 Artenay France;http://zenetbl.fr/;;;;;;;;;;Traité
Zéli'Zen - Massage & Lithothérapie;21 Av. de Laon 02380 Coucy-le-Château-Auffrique France;http://www.zelizenmassage.fr/;;;;;;;;;;Traité
Yves Rocher;Moulin de Le Bout du Pont Le Clos Serot 56200 La Gacilly France;https://www.yves-rocher.fr/magasins-instituts-de-beaute/la-gacilly/S-FRYROC1?utm_source=google&utm_medium=gmb&utm_campaign=la_gacilly-fr0001;;;;;;;;;;Traité
YUMOMENT - Drainage Lymphatique & Massage - Corbeil;53 Rte de Lisses 91100 Corbeil-Essonnes France;https://www.yumoment.com/;;;;;;;;;;Traité
YumeGin Massage;12 Av. Jean Jaurès 33530 Bassens France;https://massage.yumegin.fr/;;;;;;;;;;Traité
Yuanvi Center;155 Rue du Maréchal Foch 88800 Vittel France;https://yuanvicenter.fr/;;;;;;;;;;Traité
Your Esthetik / La maison des sens by Carole;19 Bd Armand Audibert 13220 Châteauneuf-les-Martigues France;https://youresthetik.com/accueil;;;;;;;;;;Traité
Yodotka - shiatsu&kobido;35 Rue Guy le Rouge 78730 Rochefort-en-Yvelines France;http://yodotka.fr/;;;;;;;;;;Traité
YILE Massage Sens;41 Rue Thénard 89100 Sens France;http://www.planity.com/massage-sens-89100;;;;;;;;;;Traité
YASUMI;26 Rue Rouget de Lisle 41110 Saint-Aignan France;https://yasumi41.fr/;;;;;;;;;;Traité
Yabanthai;7 Rue Nationale 45140 Ormes France;https://yabanthai.com/;;;;;;;;;;Traité
Witii Tham;12 Rue Madame Fleutet 74100 Annemasse France;https://www.facebook.com/profile.php?id=100059657653645;;;;;;;;;;Traité
Welnessbeauty;36 bis Pl. de l'Horloge 19210 Lubersac France;https://www.rdv360.com/papuchon?_gl=1*urfm0n*_ga*NDI2OTM1OS4xNzI5NzU3MzQ3*_ga_7F9QGRF4XH*MTczMjY5NDA5Ni41Mi4xLjE3MzI3MDA3NzQuNTYuMC4w;;;;;;;;;;Traité
Wandi Thai massage.;51 Rue Kléber Rolle 62880 Annay France;https://www.facebook.com/Wandi-Thai-Massage-2293296597552604/;;;;;;;;;;Traité
Voyagesensoriels;42 Rue des Huit Patriotes 22500 Paimpol France;http://www.voyagesensoriels.fr/;;;;;;;;;;Traité
Voyages des Sens;15 Gd Rue Octave Chenavas 38590 Saint-Étienne-de-Saint-Geoirs France;https://rdvenligne.dylentab.fr/institut/voyages-des-sens-38590-saint-etienne-de-saint-geoirs-33476669947/;;;;;;;;;;Traité
voyage des sens;16 Rue du Parc 57200 Sarreguemines France;https://www.kalendes.com/platform/booking/voyagedessens57;;;;;;;;;;Traité
Voyage à deux mains, institut de massage à bérat;125 Chem. de la Côté de Clary 31370 Bérat France;https://liberlo.com/profil/sylvie-gidel/;;;;;;;;;;Traité
Votre Beauté;2 Pl. du Général de Gaulle 91470 Limours France;http://www.votre-beaute.fr/;;;;;;;;;;Traité
Voodoo by Natura Esthétique;132 Pl. de la République 34400 Lunel France;https://naturalunel.com/;;;;;;;;;;Traité
Vital et Sens;34 Bis Rte de Clan 86170 Neuville-de-Poitou France;http://www.vitaletsens.fr/;;;;;;;;;;Traité
Vi'massage;27 Rue du Belhaître 44115 Haute-Goulaine France;https://sites.google.com/view/www-vimassage-fr;;;;;;;;;;Traité
Villa Bloom – Soins facialistes & Massages sur mesure | Cherbourg – Sideville;6 Le Colombier 50690 Sideville France;https://www.villabloom.fr/;;;;;;;;;;Traité
Villa Balnea;7 Av. de la République 33138 Lanton France;https://www.villa-balnea.com/;;;;;;;;;;Traité
Viktoria by JM;31 Chem. de la Plaine des Pichons 13480 Cabriès France;https://viktoriabyjm.com/;;;;;;;;;;Traité
Verts Massages - en salon et domicile;10 rue Portal 78 Rue Joseph Rigal 81600 Gaillac France;http://gaillac-massage.fr/;;;;;;;;;;Traité
Ver Sacrum;28 Rue de la Fosse Argent 22590 Pordic France;https://ver-sacrum-massages.jimdosite.com/;;;;;;;;;;Traité
Vénusté;12 Bd des Sports 77700 Bailly-Romainvilliers France;https://app.rdvesthetique.fr/institut-venuste-bailly-romainvilliers/unidentified;;;;;;;;;;Traité
Vénus Beauté Institut;10 Pl. des Fréres Mongolfier 49320 Brissac Loire Aubance France;https://www.institut-brissac.guinot.com/;;;;;;;;;;Traité
Vénus Beauté;23 Gd Rue Fausse Prte 76270 Neufchâtel-en-Bray France;;;;;;;;;;;
Vaya sculpt;98 Av. Aristide Briand 91550 Paray-Vieille-Poste France;;;;;;;;;;;
Vanity soin;10 Av. des Platanes 78940 La Queue-les-Yvelines France;http://vanitysoin.fr/;;;;;;;;;;Traité
Van'île esthétique;101 Imp. du Cadenet 83210 Solliès-Pont France;http://vanileesthetique.booksy.com/;;;;;;;;;;Traité
Vanessa massage et soin;14 Rue Robert Esnault Pelterie 78117 Toussus-le-Noble France;https://www.sumupbookings.com/vanessa-massage-et-soin;;;;;;;;;;Traité
Vana Sensoria;10 Rue Maurice Berteaux 95260 Beaumont-sur-Oise France;https://www.planity.com/vana-sensoria-95260-beaumont-sur-oise;;;;;;;;;;Traité
VAL'HEADSPA;1 Rue de Lisieux 14170 Saint-Pierre-en-Auge France;https://www.planity.com/val-head-spa-14270-mezidon-vallee-dauge;;;;;;;;;;Traité
vaha massages;27 Rue Neuve des Marchés 34700 Lodève France;https://www.vahamassages.fr/;;;;;;;;;;Traité
Vague de Charme;2 Bd de Diepholz 79100 Thouars France;http://www.institut-de-beaute-onglerie-vaguedecharme.com/;;;;;;;;;;Traité
Univers Soins;106 Rue Nationale 57350 Stiring-Wendel France;http://www.institut-espacebeaute-spa.fr/;;;;;;;;;;Traité
Univers Massage;9 Rue des Fabriques 68470 Fellering France;https://connectilib.fr/profil-professionnel/univers-massage;;;;;;;;;;Traité
Une Vie Zen;La Bugnette 25650 Maisons-du-Bois-Lièvremont France;http://www.une-vie-zen.com/;;;;;;;;;;Traité
Une petite parenthèse;3b All. de la Baillée de la Source 35340 Liffré France;http://www.unepetiteparenthese.com/;;;;;;;;;;Traité
Une bulle à soi;411 Rue du Chauffour 88460 La Baffe France;https://www.facebook.com/fannyunebulleasoi;;;;;;;;;;Traité
Un temps pour vous;29b Rue Federico Garcia Lorca 32000 Auch France;https://www.un-temps-pour-vous.com/;;;;;;;;;;Traité
un Temps pour Soi - Institut de Beauté;6 Rue Pierre Marchand 35530 Noyal-sur-Vilaine France;https://untempspoursoi35.fr/;;;;;;;;;;Traité
Un Temps pour Soi;8 Malabrit 16100 Louzac-Saint-André France;;;;;;;;;;;
Un s'temps pour soi;32 Rte de la Châtre 18160 Lignières France;;;;;;;;;;;
Un Monde de Beauté;5 BIS ZI Du Pounchou 16 D19 34490 Murviel-lès-Béziers France;https://unmondedebeaute.wixsite.com/unmondedebeaute;;;;;;;;;;Traité
Un Moment Pour Soi Avec Dulceongle;13 Pl. du Martroi 28310 Janville-en-Beauce France;https://www.planity.com/un-moment-pour-soi-28310-janville%20en%20Beauce;;;;;;;;;;Traité
Un Moment pour Soi;2 Av. de Verdun 33450 Montussan France;https://www.facebook.com/Un-moment-pour-soi-397830947616547/;;;;;;;;;;Traité
Un Moment D'évasion - Institut de beauté Beauvais;122 Rue de Rieux 60480 Guignecourt France;https://www.momentdevasion.fr/;;;;;;;;;;Traité
Un Instant sur la Terre - Massage détente profonde - Massage du Visage Kobido - soin énergétique;14 Av. de Provence 83340 Le Luc France;https://un-instant-sur-la-terre.fr/;;;;;;;;;;Traité
Un Instant Pour Soi;2 Pl. de la République 72430 Noyen-sur-Sarthe France;http://un-instant-pour-soi-noyen-sur-sarthe.poi.place/;;;;;;;;;;Traité
Un instant pour moi;23 Rue Jules Guesde 21600 Longvic France;http://www.christine-rose.fr/;;;;;;;;;;Traité
Un instant pour fille;133 Rue Principale 62380 Coulomby France;;;;;;;;;;;
Un écrin de délicatesse;5 Qur Vallou 29120 Pont-l'Abbé France;http://unecrindedelicatesse.fr/;;;;;;;;;;Traité
Un autre thème peau - Massage et yoga Blandine BOURGEAU;5 Av. des Érables 49125 Tiercé France;https://www.blandine-bourgeau.fr/;;;;;;;;;;Traité
Un Air de Détente;Rue de la Poste 48250 La Bastide-Puylaurent France;http://www.unairdedetente.fr/;;;;;;;;;;Traité
Un Air d'Ailleurs By Murielle INSTITUT DE BEAUTE -SPA;8b Bd Paul Louis Courier 37500 Chinon France;http://www.unairdailleurs.com/;;;;;;;;;;Traité
Udina;Alice rosenstil 1 impasse du Rue du 60E Ri 80470 Ailly-sur-Somme France;https://www.planity.com/institut-udina-80470-ailly-sur-somme;;;;;;;;;;Traité
Tropicale Evasion;entrée sur la 35 bis rue des Palluelles Rue du Fief Signore 49750 Beaulieu-sur-Layon France;https://tropicale-evasion-aloha-spa.my.canva.site/bienvenue;;;;;;;;;;Traité
TROIS SOURCES;1b Route de Bouzonville 57920 Kédange-sur-Canner France;;;;;;;;;;;
Trèb'elle institut;25 Rte des Fréchets 44600 Saint-Nazaire France;http://www.trebelleinstitut.com/;;;;;;;;;;Traité
TOUTES BELLES;18 Rue du Puits 62120 Aire-sur-la-Lys France;https://www.facebook.com/Toutes-Belles-1656737301249326/?ref=ts&fref=ts;;;;;;;;;;Traité
Tout en Beauté;Pl. du Gué 72230 Guécélard France;;;;;;;;;;;
TouSimplement;7 Av. de la Gare 30470 Aimargues France;https://www.tousimplement.com/;;;;;;;;;;Traité
TOP Zen;2 Pl. des Lauriers Roses 17320 Marennes France;;;;;;;;;;;
Tiphaine Bignon;17 Rue de Paris 72400 La Ferté-Bernard France;https://www.tiphainebignon.fr/;;;;;;;;;;Traité
Thiollay Stephanie - Massages : Relaxation & Energétique;8B Rue Philippe Paget 78380 Bougival France;https://massagesenergie.fr/;;;;;;;;;;Traité
Thierry massage intuitif;103 Rue Jean Jaurès 79200 Parthenay France;http://massage-79.com/;;;;;;;;;;Traité
Thérapeutic;321 Chem. de Redonnel 30100 Alès France;https://therapeuticsoins.sumupstore.com/?utm_source=gmb;;;;;;;;;;Traité
The Recovery Spot;42 Rue du Bois Pouty 77120 Mouroux France;https://therecoveryspot.fr/;;;;;;;;;;Traité
The New Pretty;93 Gd Rue Charles de Gaulle 94130 Nogent-sur-Marne France;http://www.the-new-pretty.com/;;;;;;;;;;Traité
Thalispa;18 Ter Bd Saint-Germain 35300 Fougères France;https://www.thalispa.com/;;;;;;;;;;Traité
Thalgo;24 Pl. de l'Étoile 12450 Luc-la-Primaube France;;;;;;;;;;;
Thalassa;6 Pl. Grenette 73200 Albertville France;http://institut-de-beaute-thalassa.fr/;;;;;;;;;;Traité
Thaï Paradis - Massages;17 Rue Romarin 69001 Lyon France;http://www.thaiparadis.fr/;;;;;;;;;;Traité
Terres Essentielles;9 Rue Mercœur 44000 Nantes France;http://www.terres-essentielles.com/;;;;;;;;;;Traité
Terres de Soins;1594 Chem. de la Sablère 32100 Condom France;https://terresdesoins32.fr/;;;;;;;;;;Traité
Terre sereine;5 Imp. du Saule 57140 Woippy France;https://terre-sereine.fr/;;;;;;;;;;Traité
Terre Eden;55 Rue Georges Pompidou 59279 Loon-Plage France;https://www.planity.com/terre-eden-59279-loon-plage;;;;;;;;;;Traité
Terre Des Sens;105 Grande Rue 59550 Maroilles France;;;;;;;;;;;
Terre d'Elaïa;1000 Chem. de Roxis 81340 Saint-Cirgue France;;;;;;;;;;;
Terre de Soleil;15 Rue Jean Jaurès 42650 Saint-Jean-Bonnefonds France;https://terre-de-soleil.fr/;;;;;;;;;;Traité
Terre de Soins;13 bis Pl. de l'Église 44320 Chauvé France;https://www.planity.com/terre-de-soins-44320-chauve;;;;;;;;;;Traité
Terre de Rituels, Soins et Massages Ayurvédiques;L'Atrium 18 Rue du Maréchal Joffre 13100 Aix-en-Provence France;http://www.terrederituels.com/;;;;;;;;;;Traité
Terre de massages;19 Av. du N 69160 Tassin-la-Demi-Lune France;http://terredemassages.fr/;;;;;;;;;;Traité
Terre d'Arômes;La 5 Rue Yves Josso 56200 La Gacilly France;http://www.terre-daromes.fr/;;;;;;;;;;Traité
Terre D'Ailleurs;14 Rue Jeanne d'Arc 87290 Châteauponsac France;http://www.terredailleurs.net/;;;;;;;;;;Traité
TERRANATURE;37 Rue de Ferrières 03250 Le Mayet-de-Montagne France;https://www.terranature.fr/;;;;;;;;;;Traité
Terraluna;10 Rue de la Toison d'Or 21000 Dijon France;https://www.terralunadijon.com/;;;;;;;;;;Traité
TerraBella Institut de Beauté;8 Rue du Chanoine Moisan 13710 Fuveau France;https://institutdebeaute-terrabella.fr/;;;;;;;;;;Traité
Temple De La Beauté;6 Rue Edouard Vaillant 77176 Savigny-le-Temple France;https://www.templedelabeaute.fr/;;;;;;;;;;Traité
Tanjali detente;15 Bis Rue Bernard Potier 02300 Blérancourt France;;;;;;;;;;;
TanaZen;ou 15 Avenue des lavandières Moulin de Redon 1 Cr de Verdun 13390 Auriol France;https://www.planity.com/tanazen-13390-auriol;;;;;;;;;;Traité
Synesens;1 Rue de Montlhéry 91460 Marcoussis France;http://www.synesens-cme.com/;;;;;;;;;;Traité
Symphonie des sens;25 Rue de L Hôtel de ville 49250 Beaufort-en-Anjou France;https://montagnecarole.wixsite.com/symphonie-des-sens;;;;;;;;;;Traité
SWANOA;276 Av. de l'Europe 44240 Sucé-sur-Erdre France;http://institut-swanoa.com/;;;;;;;;;;Traité
Suzanne CHESNEAU / Soins naturo massages;11 La Rebeyrolle 23250 Sardent France;https://www.soinsnaturomassages.com/;;;;;;;;;;Traité
Sur un Nuage ( Stephanie Deraed);9 Rue de la Poste 59740 Felleries France;;;;;;;;;;;
Suntulit;3 Rés d'Alsace 22450 Kermaria-Sulard France;https://www.planity.com/suntulit-massages-bien-etre-22220-plouguiel;;;;;;;;;;Traité
Sun Brazil;1 Bd Micha?l Faraday 77700 Serris France;https://sunbrazilspa.fr/;;;;;;;;;;Traité
Sun 7 Beauté;10 Rue de la Pierre Plantée Centre Commercial Bocaud 34830 Jacou France;http://www.institut-beaute-jacou.fr/fr;;;;;;;;;;Traité
Sultana beaute Indian;12 Rue de la Mairie 92220 Bagneux France;http://www.sultanabagneux.com/;;;;;;;;;;Traité
Suite 110;110 Rue Victor Hugo 77450 Esbly France;https://www.planity.com/suite-110-77450-esbly;;;;;;;;;;Traité
Subtil institut;1 Rue Madame de Sévigné 35680 Louvigné-de-Bais France;;;;;;;;;;;
Sublim'Ton corps;Portail bleu 6B All. des Platanes 17290 Aigrefeuille-d'Aunis France;;;;;;;;;;;
Sublime & Vous by Hélina;5 Rue de l'Échelle 80700 Villers-lès-Roye France;https://www.kalendes.com/site/sublimeetvousbyhelina;;;;;;;;;;Traité
Sublime & Sens;10 Pl. de la République 76710 Montville France;;;;;;;;;;;
Sublim Beaute;70 Pl. Jean Vinay 38470 L'Albenc France;https://sublim-beaute.kalendes.com/;;;;;;;;;;Traité
Style & beauty;2 Rue 53 É Ricms 80270 Airaines France;;;;;;;;;;;
Studio MOVA by Margot Couturier - Massages - Danse - Pilates - Yoga;35 Pl. du Champ de Foire 01400 Châtillon-sur-Chalaronne France;https://www.margotcouturier.fr/;;;;;;;;;;Traité
Studio Drainage & Relaxation;1 Av. Jean Zay Appt 21 33150 Cenon France;https://www.facebook.com/profile.php?id=61578083836868;;;;;;;;;;Traité
Stellar beaute;49 Rue de la Gare 95530 La Frette-sur-Seine France;;;;;;;;;;;
Stefmassage;11 Imp. du Plateau 91310 Linas France;;;;;;;;;;;
Spirit Massage;270 Rue des Vignes 45700 Pannes France;http://spiritmassage.fr/?utm_source=gmb&utm_medium=referral;;;;;;;;;;Traité
Spassima;4 Rue de l'Hôtel de ville 49300 Cholet France;https://www.spassima.com/;;;;;;;;;;Traité
Spa-Lab Origin'L;146 Av. du Mont Ventoux 84200 Carpentras France;http://origin-l.fr/;;;;;;;;;;Traité
Sozénitude;22 Rue Maréchal Joffre 56700 Hennebont France;;;;;;;;;;;
Sowfel signature;74 Av. de la Libération 33440 Ambarès-et-Lagrave France;https://planity.com/sowfel-33440-ambares-et-lagrave;;;;;;;;;;Traité
SOURCES D'AILLEURS;3 Rue Jean Colle 29280 Locmaria-Plouzané France;http://www.sourcesdailleurs.com/;;;;;;;;;;Traité
Source d'Hylé - Institut de massages;487 Av. Général de Gaulle 69760 Limonest France;https://www.planity.com/spa-source-dhyle-69760-limonest;;;;;;;;;;Traité
Source de Beautés;82 Rue Principale 62380 Bayenghem-lès-Seninghem France;https://sourcedebeautes.com/%20%20%20%20%20%20%20%20%20%20%20%20%20%20%20%20%20%20%20%20%20%20%20%20%20%20%20%20%20%20%20%20%20%20%20%20%20%20%20%20%20%20%20%20%20%20%20%20%20%20%20%20%20%20%20%20%20%20%20%20%20%20%20%20%20%20%20%20%20%20%20%20%20%20%20%20%20%20%20%20%20%20%20%20%20%20%20%20%20%20https://www.planity.com/source-de-beautes-62380-bayenghem-les-seninghem;;;;;;;;;;Traité
Souffle Sacré 78 - Rituel & massage tantrique;Rue Marguerite Bervoets 78280 Guyancourt France;https://www.soufflesacre78.fr/;;;;;;;;;;Traité
SORORE Bourg La Reine Hydrafacial / Microneedling / Soin Visage & Corps;82 Av. du Général Leclerc 92340 Bourg-la-Reine France;https://www.sorore-institut.com/;;;;;;;;;;Traité
Sophie Ponton;15 Av. du Général de Gaulle 26300 Bourg-de-Péage France;;;;;;;;;;;
Sophie Lenfant;3 Rte de Villiers 53170 Saint-Charles-la-Forêt France;https://sophie-lenfant.com/;;;;;;;;;;Traité
Sophie LEGRAND;38 Rue Carnot 03300 Cusset France;http://sophie-legrand.fr/;;;;;;;;;;Traité
Sophie beauté;Centre Commercial Super U Rue de Neufchâtel 76440 Serqueux France;;;;;;;;;;;
Soph'Esthétique;9 Rue du Château d'Eau 67230 Rossfeld France;http://sophesthetique.com/;;;;;;;;;;Traité
SOONSA BODYCARE;4 All. Jean Paul Sartre 77186 Noisiel France;https://soonsabodycare.com/;;;;;;;;;;Traité
So'naturel;Pl. des Ormes 35500 Erbrée France;;;;;;;;;;;
SOLÈU | Camille;Les Grandes Carrières 5 ZI 14370 Moult-Chicheboville France;https://www.soleumassage.fr/;;;;;;;;;;Traité
Soleil Relaxe;12 Rue Caillaux 75013 Paris France;http://www.soleilrelaxe.com/;;;;;;;;;;Traité
Soleil d'or;124 Av. de la République 94700 Maisons-Alfort France;;;;;;;;;;;
Solea massages et réflexologie;7 Av. Charles Cros 34830 Jacou France;https://www.massage-solea.com/;;;;;;;;;;Traité
SolaMé | diagnostic peau | facialiste | soins Mansard |massage sur mesure | lashlift;33 Rue Aristide Briand 27530 Ézy-sur-Eure France;https://www.planity.com/solame-institut-de-beaute-head-spa-massage-27530-ezy-sur-eure;;;;;;;;;;Traité
Soins Er Tehuen;kerhillio 56410 Erdeven France;https://www.planity.com/soins-er-tehuen-56410-erdeven-8iu;;;;;;;;;;Traité
Soins du monde;348 Av. de la Division Leclerc 88300 Neufchâteau France;https://www.planity.com/soins-du-monde-88300-neufchateau;;;;;;;;;;Traité
Soins de soie;7 Rue Noël Ruffier 60250 Mouy France;;;;;;;;;;;
SoinÉvasion By Cat;37 Rue du Dauphiné 38230 Tignieu-Jameyzieu France;https://www.planity.com/soinevasion-by-cat-38230-tignieu-jameyzieu;;;;;;;;;;Traité
Soin De Soie;centre commercial Intermarche 64310 Saint-Pée-sur-Nivelle France;http://www.spa-soindesoie.com/;;;;;;;;;;Traité
Sognu d’Alba;44 Bd du Général Graziani 20200 Bastia France;https://www.sognudalba.com/;;;;;;;;;;Traité
SoGlam Institut;39 Bd Ambroise Croizat 59287 Guesnain France;;;;;;;;;;;
Soft Institut;76 Rue Pasteur 51190 Avize France;https://rdvenligne.dylentab.fr/0326529040/;;;;;;;;;;Traité
Sofitel Thalassothérapie;2 Bd Louison Bobet 56170 Quiberon France;https://www.thalassa.com/fr/hotel-spa/0557-quiberon-thalassa-sofitel.html?gclid=CjwKCAiA_omPBhBBEiwAcg7smcAr8HQczdnxT_ZUlbHGZZU1dFsR4B71Kpbh8ozsPogj7YrHMjGJoxoCkQUQAvD_BwE&merchantid=ppc-ath-mar-goo-fr-fr-mob&sourceid=bp-cen&xtor=SEC-704-goo-%5Bppc-mas-mar-goo-fr-fr-qib-exa-mob-bp-cen%5D-%5Bsof-v3231-quiberon%5D-S-%5Bsofitel%20quiberon%5D;;;;;;;;;;Traité
Soélo massage & naturopathie;1190 Chem. du Vallon de Bagnols 13090 Aix-en-Provence France;https://www.soelo.fr/;;;;;;;;;;Traité
SOBEAUTYMEETING Institut Esthéticienne Maquilleuse professionnelle Corse;125 Avenue St Alexandre Sauli 20270 Aléria France;http://chambardsobeautym.com/;;;;;;;;;;Traité
So'Amma;20 Rue Bouteiller de l'Isle 44430 Le Landreau France;;;;;;;;;;;
So Well, So Zen;5 Rue de la Rangonnière 86600 Lusignan France;https://www.sowell-sozen.com/;;;;;;;;;;Traité
Slow Massage & Method;18 Rue Antonin Paris 30250 Sommières France;https://www.slowmassage.fr/;;;;;;;;;;Traité
Skinglow® Institut | Cornéothérapeute®;78 Rue Nationale 57350 Stiring-Wendel France;https://www.planity.com/skinglow-57350-stiring-wendel-g5b;;;;;;;;;;Traité
Skiness.a Soins visage profond coréen à Thonon;8 Av. de la Versoie 74200 Thonon-les-Bains France;https://www.instagram.com/skiness.a/;;;;;;;;;;Traité
Skincare Therapy;3 Rue des Chalands 77600 Bussy-Saint-Georges France;https://www.planity.com/skincare-therapy-77600-bussy-saint-georges;;;;;;;;;;Traité
Skin care & body - Institut de beauté et Onglerie - HARDRICOURT - MEULAN;1 Rue du Vexin Z.A la Brosserie 78250 Hardricourt France;https://www.planity.com/skin-care-body-78250-hardricourt;;;;;;;;;;Traité
Sinivali Institut;2 Couvy 35490 Chauvigné France;https://sinivali-institut.fr/;;;;;;;;;;Traité
Silvianna beauty;19 Rue du Lavoir 74200 Allinges France;https://silvianna-beauty.fr/;;;;;;;;;;Traité
SiBelle;1168 Rte d'Aix-les-Bains 74540 Alby-sur-Chéran France;http://reservationbeaute.fr/si-belle-74540;;;;;;;;;;Traité
Sib Elle;35 Av. Tristan Klingsor 60650 Lachapelle-aux-Pots France;http://www.institut-sibelle.fr/;;;;;;;;;;Traité
Si Le Corps Vous En Dit;8 Rue de la Grotte 56430 Néant-sur-Yvel France;http://www.silecorpsvousendit.fr/;;;;;;;;;;Traité
Shima Massages Ayurvédiques - Sabine Adriensence;147 Rue Notre Dame des Pins 34290 Espondeilhan France;;;;;;;;;;;
Shiatsu thaï Sarrians;35 Imp. Van Gogh 84260 Sarrians France;https://www.cassini-shiatsuthai.fr/;;;;;;;;;;Traité
Shiatsu Institut;23 Rue Angély Gras 81000 Albi France;http://www.shiatsu-institut-albi.com/;;;;;;;;;;Traité
Shénélia Institut;1A Rte de Houx 28130 Hanches France;https://www.instagram.com/shenelia_institut?igsh=d2E0cTcwb2JmN2xw&utm_source=qr;;;;;;;;;;Traité
Shaktima Ayurveda – Bilans, Massages, Chi Nei Tsang & Formations à Albi;332 Chem. de Canavières 81000 Albi France;https://shaktima-ayurveda.com/;;;;;;;;;;Traité
Serenizen;58 Le Clos du Château 62410 Hulluch France;;;;;;;;;;;
SERENITY INFINITE | Valérie;16 Rue de la Famille Cassini 77127 Lieusaint France;https://www.serenity-infinite.fr/;;;;;;;;;;Traité
Sérénité Beauté Cormeilles;68 Ter Rue de l'Abbaye 27260 Cormeilles France;https://www.planity.com/serenite-beaute-27260-cormeilles;;;;;;;;;;Traité
Serenisens - Corny-sur-Moselle;1 Rue Malsibotte 57680 Corny-sur-Moselle France;;;;;;;;;;;
Sentorea Massages & Plantes - Sarah Duvochel;40 Bd Carnot 43000 Le Puy-en-Velay France;http://sentorea.fr/;;;;;;;;;;Traité
Sensorial;22b Rue des Compagnons 51350 Cormontreuil France;http://sosensorial.fr/;;;;;;;;;;Traité
Sens Natur'elles Facialistes;26 Av. du Général de Gaulle 78600 Maisons-Laffitte France;http://www.sensnaturelles.com/;;;;;;;;;;Traité
Sens Ascensionnels;11 Sq. de la Marquise 35580 Guichen France;https://www.sensascensionnels.fr/;;;;;;;;;;Traité
SELLOU-SWEET;22 Rue de la Gare 62300 Lens France;http://www.sellou-sweet.com/;;;;;;;;;;Traité
SELF CARE CLUB;14 Bd des Sports Bât.A / 1 étage 77700 Bailly-Romainvilliers France;;;;;;;;;;;
Selene et Elea;Rue Voltaire 49500 Segré-en-Anjou Bleu France;http://www.seleneetelea.com/;;;;;;;;;;Traité
Séduction Institut;32 Rte de Dijon 21110 Longecourt-en-Plaine France;https://www.facebook.com/S%C3%A9duction-institut-Longecourt-102478098728107/;;;;;;;;;;Traité
Secrets de Bio-Té (institut de beauté ,estheticienne, Bressols);11 Lot. Tenance 82710 Bressols France;https://www.facebook.com/secretsdebiote/;;;;;;;;;;Traité
Secret Des Sens;14 Av. de Toulouse 31130 Balma France;https://www.secretdessens-31.fr/;;;;;;;;;;Traité
Secret De Beauté;8 Rue Gambetta 86200 Loudun France;http://reservationbeaute.fr/secret-de-beaute-loudun;;;;;;;;;;Traité
Secret Caché;50 Rue de la Fraternité 13980 Alleins France;;;;;;;;;;;
"Sébastien Heroux ""Massagevalderouvre""";13 Pl. du Marché 61100 Athis-Val de Rouvre France;http://www.massagevalderouvre.fr/;;;;;;;;;;Traité
Sdc Beauty;182 Av. Pasteur 33185 Le Haillan France;https://www.sdcbeauty.fr/;;;;;;;;;;Traité
SB Salon Beauté;3 Rte de Pornic 44320 Chauvé France;https://www.instagram.com/sb_salonbeaute?igsh=MTZqbHlodGxndDM2bQ==;;;;;;;;;;Traité
Sarl Maison de Beauté Marie Ty;11 Bd de la République 06240 Beausoleil France;https://www.virtually.mc/fr/beauty-care-marie-ty-france/?utm_source=gmb;;;;;;;;;;Traité
Sarah Beauté;269 Chem. de Champlenot 74540 Mûres France;https://www.iarabeauty.com/pro/sarahbeaute74;;;;;;;;;;Traité
Sandrine. Mers & Merveilles;08 Rue Saint-Pierre 59380 Quaëdypre France;https://www.planity.com/mers-merveilles-59380-quaedypre;;;;;;;;;;Traité
Sand’Madero institut holistique;5 Allée des vignes du Paradis 5 Allee des Vignes du Paradis 83320 Carqueiranne France;https://www.planity.com/sandmadero-institut-83320-carqueiranne;;;;;;;;;;Traité
Sama massages;49 Rue de l'Hautil 78570 Andrésy France;https://www.facebook.com/profile.php?id=61550770696988&utm_source=gmb;;;;;;;;;;Traité
Salon xinxin relaxation- MAssage 91160;6 Rue du Président François Mitterrand 91160 Longjumeau France;;;;;;;;;;;
SALON SHUN SHUN MEUDON;5 Bd des Nations Unies 92190 Meudon France;;;;;;;;;;;
Salon Jieli;7 Rue Lesueur 80100 Abbeville France;;;;;;;;;;;
Salon Entre Parenthèses;26 bis Rue de Vigneux 44119 Treillières France;http://entre-parentheses.net/;;;;;;;;;;Traité
Salon de massage Salon Leo à Nevers;40 Rue de Nièvre 58000 Nevers France;;;;;;;;;;;
Salon de massage saint Maur des fossé;29 Pl. du Maréchal Juin 94100 Saint-Maur-des-Fossés France;;;;;;;;;;;
Salon de Massage Pierres d'Eclipse;9 All. des Mimosas 69210 L'Arbresle France;https://www.facebook.com/Pierres-dEclipse-100154658877093/;;;;;;;;;;Traité
Salon de massage Asie;59 Rue Raspail 94700 Maisons-Alfort France;https://sites.google.com/view/salon-massage-asie/accueil;;;;;;;;;;Traité
Sakti.MaY Massage Ayurvédique et Yoga;90 Rue des Pensées 38410 Chamrousse France;;;;;;;;;;;
Saint Maur Esthétique;108 Bd de Champigny 94210 Saint-Maur-des-Fossés France;https://www.saintmaur-esthetique.fr/;;;;;;;;;;Traité
SAIM Salon de massage;23 Bd Lamartine 34340 Marseillan France;;;;;;;;;;;
Sadhana;3 Rue Chabrier 13100 Aix-en-Provence France;http://www.espacesadhana.com/;;;;;;;;;;Traité
Sabrina Relaxation;22 Rue Ozomont 55100 Verdun France;;;;;;;;;;;
Sabrina Doré Massages;99 Grande Rue 69770 Villechenève France;http://www.sabrinadore.com/;;;;;;;;;;Traité
Sabine À Corps d'Âme / Sabine À Corps d'Âme Connexion;32 Rue de Paris 77400 Pomponne France;http://sabine-a-corps-dame.fr/%20%20%20%20%20%20%20%20%20%20%20%20%20%20%20%20%20%20%20%20%20%20%20%20%20%20%20%20%20%20%20%20%20%20%20%20%20%20%20%20%20%20%20%20%20%20%20%20%20%20%20%20%20%20%20%20%20%20%20%20%20%20%20%20%20%20%20%20%20%20%20%20%20%20%20%20%20%20%20%20%20%20%20%20%20%20%20%20%20%20%20%20%20%20https://www.sabine-a-corps-dame-connexion.fr/;;;;;;;;;;Traité
S Lady Zen Beauty;12 Rés des Aqueducs 56890 Meucon France;https://www.sladyzenbeauty.com/;;;;;;;;;;Traité
Rui Xing Beauté;32 Rue d'Égleny 89000 Auxerre France;;;;;;;;;;;
Roux Bruno;14 Rue Saint-François 51270 Courjeonnet France;;;;;;;;;;;
Rituels d'Aphrodite;17b Pl. du Général de Gaulle 76240 Le Mesnil-Esnard France;https://www.rituelsdaphrodite.com/;;;;;;;;;;Traité
Rituels Beauté by C L'Atelier;35 Bd Fernand Hostachy 78290 Croissy-sur-Seine France;https://www.planity.com/rituels-beaute-78290-croissy;;;;;;;;;;Traité
Rituels Beauté;52 Rue de la Minoterie 44310 Saint-Philbert-de-Grand-Lieu France;http://www.rituels-beaute.com/;;;;;;;;;;Traité
Ritu'elles institut (Zenarium);5 Rue de Picardie 67116 Reichstett France;https://rituellesinstitut.my.canva.site/;;;;;;;;;;Traité
Rituel Zen;17 Rue des Fiacres 85150 Martinet France;;;;;;;;;;;
Rituel Sanne;1286 Rte de Genebrières 82230 Léojac France;https://www.rituel-sanne.fr/;;;;;;;;;;Traité
RITUEL FÉMININ PARIS - Soins & Drainage;19 Rue de Navarre 77700 Serris France;https://www.planity.com/rituel-feminin-77700-serris;;;;;;;;;;Traité
Rituals Care by J Johanna | Miracle touch, Drainage Lymphatique Renata França - Cryolipolyse | Nîmes et Alès;737 Chem. de Berenguery 30100 Alès France;https://www.instagram.com/rituals_care_by_j;;;;;;;;;;Traité
Rêves des sens;14 Rue Victor Hugo 62380 Lumbres France;https://reservationbeaute.fr/reve-des-sens-62380;;;;;;;;;;Traité
Rêverie;12 Pl. du Marché 13150 Tarascon France;;;;;;;;;;;
Rêver2Mains;4 Rte de la Gare 38550 Clonas-sur-Varèze France;http://rever2mains.fr/;;;;;;;;;;Traité
Revati'sens massages;4 Rue de la Parenterie 77135 Pontcarré France;https://revatisens-massages.fr/;;;;;;;;;;Traité
Reliances Massages;201 Chem. des Colombades 83136 Sainte-Anastasie-sur-Issole France;https://www.resalib.fr/praticien/73210-reliances-massages-praticien-en-massage-bien-etre-sainte-anastasie-sur-issole;;;;;;;;;;Traité
relaxzone indienne;1 All. du Commerce 78280 Guyancourt France;;;;;;;;;;;
Relaxyinyang;52 Rue du Commerce 58200 Cosne-Cours-sur-Loire France;http://relaxyinyang.fr/;;;;;;;;;;Traité
RelaxHome (ABLIS);16 Rue Robert Schuman 78660 Ablis France;https://www.facebook.com/MassageRelaxBienEtre;;;;;;;;;;Traité
Relaxence;9 Imp. du Crucifix 31140 Launaguet France;http://www.relaxence.com/;;;;;;;;;;Traité
Relaxation Vichy;36 Rue Callou 03200 Vichy France;http://www.relaxation-vichy.fr/;;;;;;;;;;Traité
RELAX NATUR'ELLE;40 rue de la commune 38550 Saint-Maurice-l'Exil France;https://relaxnaturelle.fr/;;;;;;;;;;Traité
Relax Mureaux Massage;22 Rue Paul Doumer 78130 Les Mureaux France;;;;;;;;;;;
Relax Med;26 Grand Rue 30870 Clarensac France;;;;;;;;;;;
Rel'Ax et vous;46 Rue de Pont sur Sambre 59570 La Longueville France;https://www.facebook.com/RelAx-et-vous-102558805622822/;;;;;;;;;;Traité
Relax & vous;1 All. de la Garenne 86240 Ligugé France;https://www.relaxetvous86.fr/;;;;;;;;;;Traité
Relax & moi;71 Rte de Becquigny 76570 Limésy France;https://www.planity.com/relax-moi-76570-limesy?fbclid=IwVERDUASnWmVleHRuA2FlbQIxMABzcnRjBmFwcF9pZAwzNTA2ODU1MzE3MjgAAR6qYvNqmTjMSM41c-1MV_bBKrUsWH7mkdJu77dpYAll5BtkOGzl3wzopWlnvw_aem_otAqeXFalpp_at0misDbqQ;;;;;;;;;;Traité
Regard Sur Soi - Massages et soins holistiques Challans;420 Rte de Saint-Paul 85220 Commequiers France;http://www.regardsursoi.fr/;;;;;;;;;;Traité
REFLEXOSOPHIE;28 A Rue de l'Église 57660 Frémestroff France;;;;;;;;;;;
Reflex Beaute;91 Av. de Toulouse 31150 Bruguières France;http://www.reflexbeaute.fr/;;;;;;;;;;Traité
Raphaelle Massage;9 Rue des Venages 41100 Naveil France;http://raphaelle-massages.com/;;;;;;;;;;Traité
Quintessens;108 Rue de Forbach 57350 Spicheren France;https://www.planity.com/quintessens-57350-spicheren;;;;;;;;;;Traité
Quintessence;5 Rue des Fabriques 68470 Fellering France;http://www.institut-quintessence.fr/;;;;;;;;;;Traité
Que Du Bonheur;12 Chem. Camparnaud 31140 Aucamville France;http://www.quedubonheur-31.com/?utm_source=gmb;;;;;;;;;;Traité
QIPAO;43 Rue de Lille 59280 Armentières France;http://qipao.fr/;;;;;;;;;;Traité
Purple Energy;Lieu-dit A Blancotte 32220 Gaujac France;https://purpleenergy.wixsite.com/shiatsu32;;;;;;;;;;Traité
PURE COCOON;67 ter Rte de Gençay 86000 Poitiers France;http://www.purecocoon.fr/;;;;;;;;;;Traité
Pro Massages Access Facialisme & Renata França;66 A Rte des Châtaigniers Bât A 74350 Allonzier-la-Caille France;http://www.promassagesaccess.com/;;;;;;;;;;Traité
Pro Esthetic;54 Cr Alsace Lorraine 31460 Caraman France;https://pro-esthetic.fr/;;;;;;;;;;Traité
PRETTY BODY MADEROTHERAPIE;35 Chem. de la Sauvegarde 69130 Écully France;https://www.planity.com/pretty-body-maderotherapie-69410-champagne-au-mont-dor;;;;;;;;;;Traité
Présent de Mains;Ham. du Languedoc 72700 Allonnes France;;;;;;;;;;;
Prana, jardin du Corps;4 Rue de la Poterne 68250 Rouffach France;https://www.pranajardinducorps.com/;;;;;;;;;;Traité
Pour l'Âmour de Soi;20 Pl. du Mehs 57970 Kœnigsmacker France;;;;;;;;;;;
Poudre d Étoiles;12 Rue du Chena 88510 Éloyes France;https://poudredetoiles88.fr/;;;;;;;;;;Traité
Portbailbeauté;6 Rue des Dauphins 50580 Port-Bail-sur-Mer France;;;;;;;;;;;
Point Soleil Paris Alésia;226 Av. du Maine 75014 Paris France;http://www.jesuisbiendansmapeau.com/;;;;;;;;;;Traité
POINT RELAXATION SALON DE MASSAGE;23 Rue Prte aux Saints 78200 Mantes-la-Jolie France;;;;;;;;;;;
Point Beauté;1 Rue de l'Europe 57730 Macheren France;;;;;;;;;;;
Poézenn institut;2 Rue de Rennes 35150 Corps-Nuds France;http://www.institut-beaute-vern.fr/;;;;;;;;;;Traité
Po'Esthétique;15 Av. de Rodez 12450 Luc-la-Primaube France;https://www.po-esthetique.fr/;;;;;;;;;;Traité
Plume de beauté;44 Rue Roger Salengro 62750 Loos-en-Gohelle France;https://www.facebook.com/share/1Ac3Juemgo/;;;;;;;;;;Traité
Plum' Sérénité - Massage relaxant Intuitif / Drainage lymphatique Renata França / Réflexologie plantaire / méthode JMV;132 Av. du Général de Gaulle 91550 Paray-Vieille-Poste France;https://www.instagram.com/plum_serenite/;;;;;;;;;;Traité
Planète Beauté;8 Rue du Perray 45210 Ferrières-en-Gâtinais France;https://www.planete-beaute-ferrieres.fr/;;;;;;;;;;Traité
Place Détente;Zone Industrielle Des Boutries 15 Rue des Cayennes 78700 Conflans-Sainte-Honorine France;http://www.placedetente.fr/?utm_source=gmb;;;;;;;;;;Traité
Physio Massage;Rue du Théron 81000 Albi France;https://physiomassages.simplybook.it/;;;;;;;;;;Traité
PERRIN Corinne;Av. des États Unis 52000 Chaumont France;;;;;;;;;;;
Perle D Eau;3 Rue de la Poste 53240 Andouillé France;;;;;;;;;;;
P'eau Zen;50bis Av. nationale 72650 La Bazoge France;https://app.kiute.com/p_eau-zen/home;;;;;;;;;;Traité
Paus'O Naturel;25 Rue Aristide Briand 27400 Acquigny France;https://pausonaturel.booksy.com/a;;;;;;;;;;Traité
PAUSE MASSAGE;Espace Évolution 3 bis Av. Charles Cros 34830 Jacou France;https://pause-massage.fr/;;;;;;;;;;Traité
Pause et Vous;10 Rue des Varennes 69126 Brindas France;https://pauseetvous.kalendes.com/;;;;;;;;;;Traité
Pause Essentielle;12 Rue des Forques 14760 Bretteville-sur-Odon France;https://www.pause-essentielle14.fr/;;;;;;;;;;Traité
pause cocooning;2 Rte de la Chansonnière 49125 Briollay France;;;;;;;;;;;
Pause & Vous, Massages;1 Rue Saint-Hilaire 03500 Saulcet France;http://www.pauseetvousmassages.com/;;;;;;;;;;Traité
Paume&Pouce;4 Rue de l'Arche 72300 Vion France;https://lourobin19.wixsite.com/les-petites-mains--1;;;;;;;;;;Traité
Pauline GALLIX - MAISON 1224;1224 Av. de la Tarentaise 73210 Aime-la-Plagne France;https://www.instagram.com/paulinegallix.maison1224?igsh=eWg4djBoejF3ZDEx&utm_source=qr;;;;;;;;;;Traité
Pat'Pasithéa Massage Concept;23 Rue Saint-Eloi 45210 Ferrières-en-Gâtinais France;https://www.facebook.com/PatPasith%C3%A9a-Massages-Consept-169925861265440;;;;;;;;;;Traité
Passage Bleu Troyes;Parc Cial BeGreen Rue des Acacias Proche E.Leclerc 10410 Saint-Parres-aux-Tertres France;https://www.passagebleu.com/;;;;;;;;;;Traité
Passage Bleu St-Memmie;aux Chaussures ZAC MERCURIA Face à la Halle 10 Av. Mercuria 51470 Saint-Memmie France;https://www.passagebleu.com/;;;;;;;;;;Traité
Passage Bleu Épinal - Jeuxey;Rue du Saut le Cerf 88000 Jeuxey France;https://www.passagebleu.com/;;;;;;;;;;Traité
Passage Bleu - Thillois;2 Rue des Acacias Zac Nord 51370 Thillois France;https://www.passagebleu.com/;;;;;;;;;;Traité
Passage Bleu - St Martin des Champs (à proximité de Morlaix);Proche La Halle À côté de Kiabi et Promod ZAC Rue Goarem Vraz 29600 Saint-Martin-des-Champs France;https://www.passagebleu.com/;;;;;;;;;;Traité
Passage Bleu - Schweighouse-sur-Moder;16 Rue de Niederbronn ZI DE LA ZINSEL - Proche Auchan 67590 Schweighouse-sur-Moder France;https://www.passagebleu.com/;;;;;;;;;;Traité
Passage Bleu - Remiremont;côté de Century 21 et le Bistrot des Apothicaires 100 Rue Charles de Gaulle 88200 Remiremont France;https://www.passagebleu.com/;;;;;;;;;;Traité
Passage Bleu - Quetigny;6 Rue du Platane 21800 Quetigny France;https://www.passagebleu.com/;;;;;;;;;;Traité
Passage Bleu - Cormontreuil | NOUVEAU PROPRIÉTAIRE;ZAC de à côté de Atol 1 Rue des Blancs Monts 51350 Cormontreuil France;https://www.passagebleu.com/;;;;;;;;;;Traité
Passage Bleu - Bry sur Marne;CC LES ARMOIRIES 19bis Bd Jean Monnet 94360 Bry-sur-Marne France;https://www.passagebleu.com/;;;;;;;;;;Traité
Passage Bleu - Amilly (à proximité de Montargis);Fresh en face de 1309 Av. d'Antibes 45200 Amilly France;https://www.passagebleu.com/;;;;;;;;;;Traité
Passage Bleu - Alès;688 Route de Nîmes RN 106 Proche Grand Frais 30100 Alès France;https://www.passagebleu.com/;;;;;;;;;;Traité
Pasithéa;58 Rue Veuve Thibeauville 80110 Moreuil France;https://pasithea04.wixsite.com/website;;;;;;;;;;Traité
Parfumerie, Esthétique - Ambre;Centre Commercial Intermarché Rte de Sommières 30820 Caveirac France;https://www.my-ambre.fr/;;;;;;;;;;Traité
PARFEE MASSAGE;Centre de beauté et bien etre Mona lisa 36 Rue du Saint-Esprit 34370 Maraussan France;https://www.parfee-massages.fr/;;;;;;;;;;Traité
Parenthèse dorée Centre Esthétique et Cryolipolyse;14 Rue Marie Durand À l’étage 30190 La Calmette France;https://linktr.ee/parenthesedoree?utm_source=linktree_profile_share&ltsid=bc52ac49-d9df-45bb-82b6-62cf270adc1e;;;;;;;;;;Traité
Parenthèse Détente;805 Rte de Bedoin 84380 Mazan France;http://www.parenthesedetente.fr/;;;;;;;;;;Traité
Parenthèse;La Forêt 37460 Nouans-les-Fontaines France;https://www.facebook.com/Parenth%C3%A8se-massages-bien-%C3%AAtre-107961158880371/;;;;;;;;;;Traité
"Parapharmacie,Institut de beauté ""Paranaturéa""";102 chemin dachsberg 5 place de l'ancienne école 74450 Saint-Jean-de-Sixt France;http://www.institut-paranaturea.fr/;;;;;;;;;;Traité
Paralelle;Entre Deux Monts 33710 Prignac-et-Marcamps France;https://www.google.com/url?sa=t&source=web&rct=j&opi=89978449&url=https://paralelle.wixsite.com/paralelle&ved=2ahUKEwjp-LXp5LKFAxXiBfsDHTgJD1gQFnoECBEQAQ&usg=AOvVaw13bGl7k6oDUhY-jcbLomdP;;;;;;;;;;Traité
Paradis Zen;16 Rue Sainte-Barbe 62250 Marquise France;https://www.planity.com/paradis-zen-62250-marquise;;;;;;;;;;Traité
Paonia Massage & Mieux-Être - Brétignolles-sur-mer;3 Rdpt du Moulin 85470 Bretignolles-sur-Mer France;https://www.paoniamassage.com/;;;;;;;;;;Traité
Oxy'Zen;Impasse Guy de Maupassant 33 Bd de la Seine 27460 Le Manoir France;https://oxyzen.net/;;;;;;;;;;Traité
Oxygène;4 Av. de Verdun 01640 Jujurieux France;http://www.institut-oxygene.fr/;;;;;;;;;;Traité
Osmose Institut;Rue Curie 62153 Souchez France;;;;;;;;;;;
Osiris Massage;28 Rte de la montagne 44220 Couëron France;https://www.osirismassage.fr/;;;;;;;;;;Traité
Oshena beauty;8 Av. de Versailles 31700 Cornebarrieu France;http://oshenabeauty.fr/;;;;;;;;;;Traité
Origine Massage Metz;59 Rue Général Diou 57070 Saint-Julien-lès-Metz France;https://originemassage.fr/;;;;;;;;;;Traité
Origine des Sens - Soins Experts visage et Kobido - Chatou;17 Av. Larcher 78400 Chatou France;https://www.origine-des-sens.fr/;;;;;;;;;;Traité
Origine & Sens;12 Rue de la Liotterie 44430 Le Loroux-Bottereau France;;;;;;;;;;;
Original Beauté;6 rue du Maquis 25700 Mathay France;http://reservationbeaute.fr/originalbeaute;;;;;;;;;;Traité
Orient Express;3 Av. Normandie Niemen 79000 Niort France;;;;;;;;;;;
Orience Institut;30 Voie des Prés 91360 Épinay-sur-Orge France;https://www.facebook.com/OrienceInstitut/?ref=bookmarks;;;;;;;;;;Traité
ORA Esthetic;13 Av. du Général de Gaulle 26300 Bourg-de-Péage France;;;;;;;;;;;
Opus Soins - Massage - Réflexologie - Coulombs;4 Rue Sully 28210 Coulombs France;https://maddie.doctor/cabinet/reflexologue/coulombs/opus-soins-massage-reflexologie;;;;;;;;;;Traité
Ôptitsoin;27 Rue de Mi-Forêt 35340 Liffré France;https://www.optitsoin-liffre35.com/;;;;;;;;;;Traité
Ophisea;455 Rue des Filatiers 62223 Anzin-Saint-Aubin France;;;;;;;;;;;
Ongles & Beauté;Centre commercial 2 rue André lebourblanc Rue Madame de Maintenon 78590 Noisy-le-Roi France;https://ongles-beaute-noisy.fr/;;;;;;;;;;Traité
O'Natur'Elle;10 Av. de Soulac 33480 Listrac-Médoc France;https://www.planity.com/naturelle-33480-listrac-medoc;;;;;;;;;;Traité
Ôm'Main'Sages;39 Rue des Petits Prés Bât. A - Apt 32 16730 Fléac France;https://ommainsages.webnode.fr/;;;;;;;;;;Traité
OMIRÃ • Massages Sur-Mesure (ex- Perle d'Eau) | Facialiste • Beltra - Deep Tissue • Renata et Madérothérapie;31 Rue Clemenceau 57185 Clouange France;https://www.omira-massages.fr/;;;;;;;;;;Traité
Omega Zhen massages;33 Grand Rue 34700 Lodève France;;;;;;;;;;;
Ombelle;6 Rue du Dolo 79300 Bressuire France;http://www.ombelle-institut.com/;;;;;;;;;;Traité
OM SHANTI Massages et Danses;37 Av. du Général Patton Logement F 57730 Folschviller France;https://www.facebook.com/Omshanti57/;;;;;;;;;;Traité
Om Shanti Massages Ayurvediques;1 Rte de Beaufort 34210 Olonzac France;https://www.facebook.com/OmShantiMS;;;;;;;;;;Traité
Ôm Relax' Institut - Institut de massages traditionnels- 29120 Sainte Marine;2 Quai Jacques de Thézac 29120 Combrit France;http://www.omrelax.fr/;;;;;;;;;;Traité
Ôm Relax;30 bis Av. du Parc 94340 Joinville-le-Pont France;https://om-relax.fr/;;;;;;;;;;Traité
Ojos de Co;87 Rue Edmond Laudeau 59580 Aniche France;https://ojos-de-co.bookinbeautiful.fr/r/8ICR7EYV;;;;;;;;;;Traité
OJAS MASSAGE AYURVEDIQUE;815 Chem. de Fromentin 69380 Chasselay France;http://ojas-massage.fr/;;;;;;;;;;Traité
Oh Meah Studio Massage Expert & Esthétiques;42 Rue Faidherbe 91600 Savigny-sur-Orge France;https://www.ohmeah.fr/;;;;;;;;;;Traité
Oceanic Therapy Les Bains du Bassin;149 All. du Haurat 33470 Gujan-Mestras France;;;;;;;;;;;
Océane Institut;46 Rue des Monts du Matin 26300 Chatuzange-le-Goubet France;https://www.institut-chatuzangelegoubet.guinot.com/;;;;;;;;;;Traité
Océane;2 A Rue Jehan Véron 76550 Offranville France;;;;;;;;;;;
Ocealigne;19 Rue Larcher 14400 Bayeux France;http://www.ocealigne.fr/?utm_source=gmb;;;;;;;;;;Traité
O’ Beauté et Soins;3 Rte de Moranville 55400 Abaucourt-Hautecourt France;https://www.instagram.com/o.beaute.et.soins?igsh=MWtxY3h2cDdrM252eQ%3D%3D&utm_source=qr;;;;;;;;;;Traité
Ô, Corps & Âme - Massage 82;1 Rue du Couloir 82700 Finhan France;http://www.o-corps-et-ame-massage82.com/;;;;;;;;;;Traité
Ô Sublime;20 Bd du Dr Audureau 49510 Beaupréau-en-Mauges France;http://o-sublime.com/;;;;;;;;;;Traité
O soleil;4 Rue du Palais de Justice 77120 Coulommiers France;https://centreosoleil.com/;;;;;;;;;;Traité
Ô Sens des Alpilles;36 Imp. de la Guillaumette 13430 Eyguières France;http://osensdesalpilles.fr/;;;;;;;;;;Traité
O' Sea Belle;Pl. du Gén de Gaulle 53320 Loiron-Ruillé France;http://oseabelle.kalendes.com/;;;;;;;;;;Traité
O' Ptits Soins;12 Pl. de la Mairie 80690 Ailly-le-Haut-Clocher France;https://www.planity.com/optits-soins-80690-ailly-le-haut-clocher;;;;;;;;;;Traité
Ô paradis des sens;19 Chem. du Parc 78580 Bazemont France;https://www.xn---paradis-des-sens-xyb.com/;;;;;;;;;;Traité
O Natur'elles;61 Rte de Chatou 78420 Carrières-sur-Seine France;http://onaturelles.booksy.com/;;;;;;;;;;Traité
Ô NATUR'ELLE;37 Av. Franklin Roosevelt 77260 La Ferté-sous-Jouarre France;https://www.institut-onaturelle.com/;;;;;;;;;;Traité
Ô Mille et une Beautés;Place de la République 16 Rue Jean Maréchal 27190 La Bonneville-sur-Iton France;https://www.rdv360.com/o-mille-et-une-beautes;;;;;;;;;;Traité
Ô delà du Corps;3 Rte des Taureaux 58470 Saincaize-Meauce France;https://www.o-dela-du-corps.fr/;;;;;;;;;;Traité
Ô comptoir des sens;5 Rue du Faubourg Saint-Jacques 80190 Nesle France;https://www.planity.com/o-comptoir-des-sens-80190-nesle;;;;;;;;;;Traité
O' Cœur du Massage;8 Av. du Président Kennedy 20090 Ajaccio France;https://www.ocoeurdumassage.fr/;;;;;;;;;;Traité
Ô Cœur des sens by Gwen;Relais st michel 16 Rue du Pré Valet 52190 Villegusien-le-Lac France;https://ocoeurdessens.fr/;;;;;;;;;;Traité
Ô CAP INSTITUT;Cap'Adapt 18 Rue du Landreau 49070 Beaucouzé France;https://www.planity.com/o-cap-institut-49070-beaucouze;;;;;;;;;;Traité
O Bain Des Sens;1 Rue St Amans 34230 Pouzols France;http://lsrdv.com/institutobaindessens;;;;;;;;;;Traité
Nymphea MG;15 Chem. de la Madeleine Supérieure 06130 Grasse France;https://nymphea-mg.com/;;;;;;;;;;Traité
Nymphéa Institut de Beauté;Centre Europa 20290 Lucciana France;;;;;;;;;;;
Nymphéa;16 Rue de la Gare 70200 Lure France;http://www.nymphea-institut.com/;;;;;;;;;;Traité
Nymphe Esthétique;20 Rte de Dijon 21600 Longvic France;;;;;;;;;;;
NURSKIN CARE centre dermo-esthétique & laser;Espace Santé ATLANTIS 1 Rue André Malraux 81000 Albi France;https://www.nurskin-care.fr/;;;;;;;;;;Traité
Nuance Poudrée;35b Av. Henri Barbusse 80330 Longueau France;https://nuancepoudree.fr/;;;;;;;;;;Traité
Nouvelle Aube;33 rue d'Albret 33124 Aillas France;http://www.doulanouvelleaube.com/;;;;;;;;;;Traité
Note de Douceur - Institut de Beauté à Riaillé,;28 Chem. de la Planchette 44440 Riaillé France;https://www.notededouceur.com/;;;;;;;;;;Traité
Nomad et Sens;6 Cr Franklin Roosevelt 69006 Lyon France;https://www.nomad-et-sens.com/;;;;;;;;;;Traité
Nohana;4bis La Moussé 61300 Saint-Sulpice-sur-Risle France;https://www.planity.com/nohana-61300-laigle;;;;;;;;;;Traité
Noémie Institut;505 Lemps 07210 Alissas France;;;;;;;;;;;
Noëline;82 Av. Pierre Mendès France batiment 3 Porte 1B 64300 Orthez France;https://www.planity.com/;;;;;;;;;;Traité
Nirali Institut de Beauté;80 Bd Henri Barbusse 93230 Romainville France;https://www.facebook.com/Niralibeaute/;;;;;;;;;;Traité
Ninaléa à l'écoute des maux et des mots;Imp. du Père O 17290 Aigrefeuille-d'Aunis France;https://nathalie-hannequin.squarespace.com/;;;;;;;;;;Traité
Niagara Institut;19B Rue du Bac 94480 Ablon-sur-Seine France;;;;;;;;;;;
Nhyna Beauty;11-13 Rte de Montlhéry 91310 Longpont-sur-Orge France;http://www.nhynabeauty.com/;;;;;;;;;;Traité
New Skin Institut dermo-esthétique;6 Rue Xavier Rogé 54700 Pont-à-Mousson France;http://www.newskinpam.com/;;;;;;;;;;Traité
Nelly Barbosa ? Evanescence Ayurveda- Massages et soins ayurvédiques;7 Rte d'Auzeville 76450 Ocqueville France;https://evanescenceayurveda.wordpress.com/;;;;;;;;;;Traité
Néah institut;8 Rue Alexandre Barbier 60590 Sérifontaine France;https://www.neahinstitut.com/;;;;;;;;;;Traité
NawRelax Maderotherapie;39 Rue du Plateau 01360 Béligneux France;;;;;;;;;;;
Nav aste massage;14 rue de l'appel du 18 juin 1940 82350 Albias France;https://nav-astemassage.wixsite.com/navastmassagebien-tr;;;;;;;;;;Traité
Naturveda;1 Rue ar Mor 29460 Logonna-Daoulas France;https://calendly.com/naturveda;;;;;;;;;;Traité
Naturo'zen;6 Rue Anatole France 57300 Hagondange France;https://www.planity.com/naturozen-57180-terville;;;;;;;;;;Traité
Natur'Essentielle;13 Rte de Moulière 86130 Saint-Georges-lès-Baillargeaux France;;;;;;;;;;;
Natur'eme I Institut de beauté ARZAL;3 Bis Ker Anna 56190 Arzal France;https://www.planity.com/natureme-56190-arzal;;;;;;;;;;Traité
Naturellement soa;581 chemin de st julien de cassagnas 30500 Potelières France;http://www.naturellement-soa.fr/;;;;;;;;;;Traité
Naturellement Belle;1 Bis Pl. de l'Église 10150 Creney-près-Troyes France;;;;;;;;;;;
Natur'elle Beauty institut de beauté Loulay;9 rue du moulin 17330 Loulay France;https://www.rdv360.com/naturelle-beauty-17330-loulay;;;;;;;;;;Traité
Natur'elle beauté | Institut de Beauté | Yvelines (78);323 Rue Louis Blériot 78530 Buc France;https://reservationbeaute.fr/naturellebeautebuc/institut-de-beaute-feminin-masculin-buc-place-du-marche-78530;;;;;;;;;;Traité
Naturelle Beauté;3 Rue Victor Robin 43200 Saint-Maurice-de-Lignon France;https://naturelle-beaute.fr/;;;;;;;;;;Traité
Naturel'Aura;41 Grande Rue 73220 Val-d'Arc France;;;;;;;;;;;
Nature'L&Zen;124 Rue Jacques Brel 30700 Saint-Hippolyte-de-Montaigu France;https://natureletzen.fr/;;;;;;;;;;Traité
Naturel Zen;9 Rue de Plaisance 44310 Saint-Philbert-de-Grand-Lieu France;http://www.institut-naturel-zen.fr/;;;;;;;;;;Traité
Naturel Beauté;2 B Rue du 19 Mars 1962 13550 Noves France;;;;;;;;;;;
Nature&Beauté;36 Av. de Stalingrad 78260 Achères France;https://www.planity.com/nature-beaute-78260-acheres;;;;;;;;;;Traité
Nature Zen;11 Pl. du Gén Leclerc 61600 La Ferté Macé France;https://www.kalendes.com/site/naturezen61/welcome;;;;;;;;;;Traité
nature L;3 clos du Lys 33360 Carignan-de-Bordeaux France;;;;;;;;;;;
Nature et Beaute;14 Rue Jean Jaurès 24160 Excideuil France;http://nature-et-beaute-excideuil.fr/;;;;;;;;;;Traité
Nature des Sens;155 Rue du Fort 40310 Gabarret France;https://linktr.ee/nature_des_sens?fbclid=IwAR2xpFXis2g2NLgK1ELnJSCOJmnrY2mXySdVnH1fUP5sS84yvBZ3gR7tw6I;;;;;;;;;;Traité
Nature De Peau;19 A Rue Charles Delaunay 10240 Ramerupt France;https://www.naturedepeauinstitutetspa.fr/;;;;;;;;;;Traité
Natur'an;88 Rue Grande 36000 Châteauroux France;http://www.institut-naturan.fr/;;;;;;;;;;Traité
NATUR'AMMA ~ Massages & Drainages by Victoria (PORTICCIO & AJACCIO);13 Bd Sampiero 20000 Ajaccio France;https://massageverifie.fr/massage-ajaccio/naturamma-massages-drainages-by-victoria-porticcio-ajaccio-ajaccio;;;;;;;;;;Traité
Natural massage institut;42 Rue Jean Baptiste Dumas 30340 Salindres France;http://naturalmassageinstitut.fr/;;;;;;;;;;Traité
Naturae;26 Av. Draio de la Mar 13620 Carry-le-Rouet France;https://institut-naturae.fr/;;;;;;;;;;Traité
Natur'& O;6 Rue du Petit Mouësse 58000 Nevers France;http://www.natur-et-o.com/;;;;;;;;;;Traité
Natur Elle Beauté;360 Rte d'Annecy 74350 Allonzier-la-Caille France;https://www.planity.com/naturelle-beaute-74350-allonzier-la-caille;;;;;;;;;;Traité
Natur' Elle;Rue Jean Noizet 08130 Attigny France;;;;;;;;;;;
Nathalie L - Esthéticienne - Accompagnement de la femme -Thourotte;3 Pl. Raymond Poincaré 60150 Thourotte France;https://www.facebook.com/nathalielbienetre/;;;;;;;;;;Traité
Nat Evasion;29 Rue de Nantes 85600 Montaigu-Vendée France;http://www.natevasion.fr/;;;;;;;;;;Traité
Nat & Sens - Massage kobido;101 Av. du Général de Gaulle 78600 Maisons-Laffitte France;http://natetsens.fr/;;;;;;;;;;Traité
NACRÉA institut;21 Bis Bd Pierre Mendès-France 77500 Chelles France;https://www.planity.com/nacrea-institut-77500-chelles;;;;;;;;;;Traité
N.A Beauté;12 bis Rue Blanqui 59215 Abscon France;https://n-a-beaute.reservio.com/booking;;;;;;;;;;Traité
Myriam Cervera - De l'assiette au Mouvement;4 Av. Joliot Curie 13370 Mallemort France;https://delassietteaumouvement.fr/;;;;;;;;;;Traité
My Massage;13 Mail de Bourgchevreuil 35510 Cesson-Sévigné France;https://www.my-massage.net/;;;;;;;;;;Traité
My Beauty Glow;1 Av. de la Libération 33310 Lormont France;;;;;;;;;;;
Murielle Massage Balinais;3 All. du Compagnonnage 77176 Savigny-le-Temple France;https://murielle-massage-balinais.hubside.fr/;;;;;;;;;;Traité
MP l'atelier beauty;2B Rue Bacchus 31620 Fronton France;https://www.planity.com/mp-latelier-beauty-31620-fronton;;;;;;;;;;Traité
Moulin Sainte Catherine - salon m&m;16 Rue Mario Versepuy 43000 Le Puy-en-Velay France;http://www.salon-mm.com/;;;;;;;;;;Traité
Mothaím;500 rue du Centre 74330 Epagny Metz-Tessy France;http://www.mothaim.fr/;;;;;;;;;;Traité
Mosnier Angelique;Av. de Borgo résidence Casaluna 20290 Borgo France;https://ma-praticiennebienetre.fr/;;;;;;;;;;Traité
MoonFlowers massages et formations;39 Rue du Fief Heulin 44430 Le Loroux-Bottereau France;https://moonflowersmassage.wixsite.com/moonflowers-massages;;;;;;;;;;Traité
Montecito Institut;15 Av. des Lavandières 13390 Auriol France;https://www.planity.com/institut-montecito-13390-auriol;;;;;;;;;;Traité
MonDia Zen Esthétique Massage;660 Chem. de Lagardelle 31860 Labarthe-sur-Lèze France;https://mondiazen.net/;;;;;;;;;;Traité
Monde de douceur;1 bis Rue du 3 Août 1944 44850 Saint-Mars-du-Désert France;;;;;;;;;;;
Mona - Maison du Corps;10 Rue Henri de Savornin 84160 Lourmarin France;;;;;;;;;;;
Mon Massage & Vous;44 Rue de Magny 77700 Bailly-Romainvilliers France;;;;;;;;;;;
Mon estheticienne;27 Bd du General Leclerc 06240 Beausoleil France;;;;;;;;;;;
MON ESCALE BEAUTE - Asnières sur seine - Coiffeur - Ombre Hair - Balayages - Épilation - Ongles - Soins du Visage - Drainages;44 Rue Maurice Bokanowski 92600 Asnières-sur-Seine France;https://monescalebeaute92.com/;;;;;;;;;;Traité
Mon Cocon;10 Le Clos Madrie 27600 Fontaine-Bellenger France;;;;;;;;;;;
Modologie Montbrison;Espace C-Briant Chem. de la Bruyère 42600 Savigneux France;;;;;;;;;;;
Modern Parfums Aurelie;425 Avenue St Alexandre Sauli 20270 Aléria France;;;;;;;;;;;
Modelages du Monde;42 Esp. la Brasserie 57970 Yutz France;http://www.modelagesdumonde.com/;;;;;;;;;;Traité
Moanna;18 Rue de l'Océan 85470 Brem-sur-Mer France;https://institut-moanna.fr/;;;;;;;;;;Traité
ML' E Sens - Massages - Drainage Lymphatique Oise;EXCLUSIVEMENT SUR RDV 34 Rue de Verdun 60550 Verneuil-en-Halatte France;http://www.mlesens.com/;;;;;;;;;;Traité
Mio Bio Beauté;16 Rue Tatin 27400 Louviers France;https://www.miobiobeaute.fr/;;;;;;;;;;Traité
Minceur Nature;13 Rue Duguet 58200 Cosne-Cours-sur-Loire France;http://www.minceur-nature.fr/;;;;;;;;;;Traité
MILOROSE Institut - Institut de beauté Thuir;41 Av. Général Guillaut 66300 Thuir France;https://www.planity.com/milorose-66300-thuir;;;;;;;;;;Traité
Mille et une douceurs;16 Pl. du Général Dorsenne 62610 Ardres France;https://booksy.com/fr-fr/instant-experiences/widget/58893;;;;;;;;;;Traité
Mille Et Une Beautes;1 Rue de Chartres 28120 Illiers-Combray France;http://www.milleetunebeautes.com/;;;;;;;;;;Traité
Mille Et Une Beauté;4 Rue Cardinal 17000 La Rochelle France;http://www.1001beaute.fr/;;;;;;;;;;Traité
Mille et un Soins;2 Rue de la République 47200 Marmande France;http://mille-et-un-soins.com/;;;;;;;;;;Traité
Mille Beauté;22 Sent. de Lozinghem 62157 Allouagne France;;;;;;;;;;;
Mille & une Beauté;1 Rue de la Fontaine 35680 Bais France;https://www.milleetunebeaute35.fr/;;;;;;;;;;Traité
MilaneySens Beauté et Massages;84 Av. Victor Hugo 95630 Mériel France;https://app.kiute.com/milaneysens/home;;;;;;;;;;Traité
Milanaya Beauté;38 Rue du Général Leclerc 95410 Groslay France;https://www.planity.com/milanaya-beaute-95410-groslay;;;;;;;;;;Traité
MERCEDES CARRASCO;7 rue du Docteur Clauzet 15600 Maurs France;http://ayurvedamercedes.com/;;;;;;;;;;Traité
Mély Beauty;52 Rue de Figuey 33640 Beautiran France;https://www.instagram.com/mely_beauty33/;;;;;;;;;;Traité
Mélo dit Beauté;2 Rue de la Poste 35750 Iffendic France;https://www.planity.com/melo-dit-beaute-35750-iffendic-0db;;;;;;;;;;Traité
Méli'spa;8 BIS Av. Roland Delachenal 38460 Crémieu France;http://benjispa.fr/;;;;;;;;;;Traité
Mélina Dros - Massages, drainage lymphatique & Naturopathie à La Motte Servolex et Chambéry;260 Chem. de la Côté du Noiray 73290 La Motte-Servolex France;https://www.melina-dros.fr/;;;;;;;;;;Traité
Méli massage et drainage Château gontier;4 La Pescherie 53200 La Roche-Neuville France;http://resalib.fr/p/120238;;;;;;;;;;Traité
Mélanie Esthétique;14A Av. Jean Jaurès 82300 Caussade France;https://www.planity.com/melanie-esthetique-82300-caussade;;;;;;;;;;Traité
melahel massage;8 Pl. de l'Hôtel de ville 37600 Loches France;http://www.melahelmassage.fr/;;;;;;;;;;Traité
MEL & ZEN;20 Rue de la République 60600 Clermont France;https://www.melzen60.fr/;;;;;;;;;;Traité
MBRH INSTITUT® | Centre Esthétique | Fontainebleau/Avon;57 Av. Franklin Roosevelt 77210 Avon France;;;;;;;;;;;
Mbap Boulou - Massage Africain;11 Rés du Manoir 50180 Agneaux France;https://massage-africain-saintlo.fr/;;;;;;;;;;Traité
Maud Oliviero;OStudio Pilates et Bien-être 7 Rue Malakoff 92600 Asnières-sur-Seine France;https://www.maudoliviero.fr/;;;;;;;;;;Traité
Mathilya Institut & Dressing;5 Pl. de la Mairie 35230 Orgères France;https://mathilya.com/;;;;;;;;;;Traité
Mathilde Modern Massage;15 Rte de Bray 77134 Les Ormes-sur-Voulzie France;;;;;;;;;;;
Mass'N Be;46 Grande Rue 71350 Saint-Loup-Géanges France;https://massnbe.com/;;;;;;;;;;Traité
Mass'monde;Dans l'espace pluridisciplinaire 12 Rue des Pesières 39150 Saint-Laurent-en-Grandvaux France;https://massmonde.fr/;;;;;;;;;;Traité
Mass'Ange;29 Rue Paul Cézanne 81000 Albi France;http://massange.fr/;;;;;;;;;;Traité
Massami Massage;13 Imp. des Côtes Catalanes 66380 Pia France;;;;;;;;;;;
Massa'jé - Salon de Massages Septème;342 Rte des Mitoyens 38780 Septème France;https://www.xn--massaj-gva.fr/;;;;;;;;;;Traité
Massaj;Vla Christophe 77200 Torcy France;https://www.instagram.com/mg_massaj;;;;;;;;;;Traité
Massages Yoga L’ELEPHANT VOLANT;Peyresourde PEYRAGUDES 65240 PEYRAGUDES France;http://www.lelephantvolant.fr/;;;;;;;;;;Traité
Massages Thezan les beziers;3 Rue de la Tour 34490 Thézan-lès-Béziers France;https://massages-thezan-les-beziers.fr/;;;;;;;;;;Traité
Massages RBNB Lourmarin;84160 Lourmarin France;;;;;;;;;;;
Massages Intuitifs by Elisabeth;30 Rue Louis bosc Av. du Général de Gaulle 83250 La Londe-les-Maures France;https://www.massagesintuitifs.fr/;;;;;;;;;;Traité
Massages en Belledonne;38190 Laval-en-Belledonne France;http://www.massagesenbelledonne.com/;;;;;;;;;;Traité
MASSAGES DU MONDE ZOÉ;434 Chem. des Princes 33430 Lignan-de-Bazas France;https://massagesdumondezoe.fr/;;;;;;;;;;Traité
Massages du Monde par Eva;15 Rue Centrale 83910 Pourrières France;https://www.massages-du-monde-par-eva.com/;;;;;;;;;;Traité
Massages du monde Meltherapy83;Cor du Castellas 83210 Solliès-Toucas France;https://www.meltherapy83.fr/;;;;;;;;;;Traité
Massages du monde by Céline;2 La Gautrais 35120 Cherrueix France;http://www.massagedumondebyceline.com/;;;;;;;;;;Traité
Massages Des connexions;Des connexions 57 Rue Jean Jaurès local 3 79200 Parthenay France;https://www.facebook.com/share/15iosfvDNy/;;;;;;;;;;Traité
Massages Christine Soin;12 Rue Henri de Savornin 84160 Lourmarin France;https://www.christinesoins.com/;;;;;;;;;;Traité
Massages by C Ardèche;Rte de Fontgrand 07210 Alissas France;https://salonkee.fr/salon/massage-by-c?lang=fr;;;;;;;;;;Traité
Massages Ayurvediques Le chalet Zen;hameau du Villaret 13 rue du Marronnier Le Villaret 11390 Brousses-et-Villaret France;http://lechaletzen-aude.com/;;;;;;;;;;Traité
Massages Anahata by Laetitia;Les Pins 4 Voie de Lamat 32380 L'Isle-Bouzon France;http://www.massages-anahata.fr/;;;;;;;;;;Traité
Massages à domicile Drôme et Ardèche;Les hautes marlhes 26300 Alixan France;;;;;;;;;;;
Massages & soins énergétiques - Soins Sam?na.;Lieu dit Michel-Ange Baléone 20167 Afa France;https://www.soins-samana.com/;;;;;;;;;;Traité
Massages - Au Centre de l'Être;25 Chem. Cantemerle 81570 Cuq France;https://www.aucentredeletre.com/;;;;;;;;;;Traité
Massage'S;Le Moulin de la Rivière 79230 Vouillé France;http://www.massage-stephanie.fr/;;;;;;;;;;Traité
MassageRelaxant;23 Rue des Bûcherons 94440 Marolles-en-Brie France;http://massagerelaxant.jimdofree.com/;;;;;;;;;;Traité
Massage, hammam, sauna, L' espace Balnéo;Le Marais Doux 17310 Saint-Pierre-d'Oléron France;https://massage-oleron.com/;;;;;;;;;;Traité
Massage traditionnel Thaïlandais Kanlaya Annecy;COLIN Kanlaya Massage 1 Rue Camille Dunant 74000 Annecy France;https://www.massage-traditionnel-thailandais.com/;;;;;;;;;;Traité
Massage Time;52 Rue Edmond Faulat 33440 Ambarès-et-Lagrave France;https://massagetime.fr/;;;;;;;;;;Traité
Massage Tibétain Vincent Palmas;54 Chem. de la Girousse Road 31410 Longages France;http://massagetibetain.blog/;;;;;;;;;;Traité
Massage Terre Happy;14 Rue Eugène Delacroix 33150 Cenon France;https://www.massageterrehappy.com/;;;;;;;;;;Traité
Massage Tantrique & Constellations - Sakatori;148 Rue des Acacias 40330 Amou France;https://www.artisandelumiere.net/;;;;;;;;;;Traité
Massage Suédois et Californien;9 Rue du Peintre Maurice Ehlinger 90400 Andelnans France;https://belfortmassage.fr/;;;;;;;;;;Traité
massage sonia toussaint;Rue de l'Église 60240 Fay-les-Étangs France;http://soniatoussaint-massage.fr/;;;;;;;;;;Traité
Massage Siddarta Colmar;16a Chem. du Galtz 68410 Niedermorschwihr France;https://colmar-massage.fr/;;;;;;;;;;Traité
Massage Séte;2 Rue Frédéric Mistral 34200 Sète France;https://liberlo.com/profil/guillaume-arnoux/?hl=fr-FR&gei=E4jsaJnfHpuTkdUP3Izk2Q4&gsas=1&ahbb=1;;;;;;;;;;Traité
Massage professionnel et énergétique;17 Rue des Champs 81200 Aiguefonde France;;;;;;;;;;;
Massage Perle Rouge;33 bis Rue Abbé Philippe le Gall 56400 Auray France;;;;;;;;;;;
Massage Naturel à domicile et sur place à Metz;Rte de Plappeville 57050 Metz France;https://www.massagenatureladomicileetsurplaceametz.fr/?utm_source=google&utm_medium=wix_google_business_profile&utm_campaign=8537590763690835942;;;;;;;;;;Traité
Massage Molitg;Maison Communale 5 Carretera del Col de Jau 66500 Molitg-les-Bains France;http://www.massage-molitg.com/;;;;;;;;;;Traité
Massage Milly la Forêt - Aerya;21 Bd du Maréchal Foch 91490 Milly-la-Forêt France;http://www.aerya.fr/;;;;;;;;;;Traité
Massage Lyons Normandie, dédié aux Femmes;25 Rte des Hogues 27480 Lyons-la-Forêt France;https://massage-lyons-normandie.fr/;;;;;;;;;;Traité
Massage Lyon : REFLEX' MASSAGE;4 Rue de la Quarantaine 69005 Lyon France;https://www.reflexmassage.fr/;;;;;;;;;;Traité
Massage Lorient - Chakra etc.;17 Rue Madame Geoffroy 56600 Lanester France;https://chakra-etc.fr/;;;;;;;;;;Traité
Massage Longjumeau;2 Rue Gabriel Bertillon 91160 Longjumeau France;;;;;;;;;;;
Massage La Londe BLOOM AURA;345 Rue Cinsault 83250 La Londe-les-Maures France;http://www.bloom-aura.fr/;;;;;;;;;;Traité
Massage Koncept - Salon de massage;13 Rue Jules Bertin 03800 Gannat France;https://massagekoncept.com/;;;;;;;;;;Traité
Massage Kobido;1 bis Rue du Plessis 95120 Ermont France;;;;;;;;;;;
Massage japonais Yubizen (Shiatsu, Sokuatsu, Anma...);cabinet de psychothérapie d'Anne Morabito 8 Rte de Terssac 81000 Albi France;https://www.yubizen-massage.fr/massage-yubizen-a-albi;;;;;;;;;;Traité
Massage i Des Halles;6 Rue du Porche 81120 Réalmont France;https://www.massageideshalles.fr/;;;;;;;;;;Traité
Massage et soins - Terre et Ciel - Reims - Julien;26 Rue Chanzy 51100 Reims France;http://www.terreetciel-massagesintuitifs.com/;;;;;;;;;;Traité
Massage Energétique le Secret du Silence;38 Av. des Canadiens 76140 Le Petit-Quevilly France;http://www.massagesenergetiques.com/;;;;;;;;;;Traité
Massage en duo;8 Rue Pierre Bertrandy 46100 Figeac France;http://www.lesourireinterieur.com/;;;;;;;;;;Traité
Massage du sud;75 Impasse de l'argentiere 83600 Les Adrets-de-l'Estérel France;https://massagedusud.com/;;;;;;;;;;Traité
Massage Dreux (Relax Sensation);33 Rue Saint-Thibault 28100 Dreux France;;;;;;;;;;;
Massage de L'aura;11 Pl. Saint-Benoît 57310 Guénange France;https://www.planity.com/massage-de-laura-57310-guenange;;;;;;;;;;Traité
Massage Concept;15 Rue de la Grande Truanderie 75001 Paris France;;;;;;;;;;;
Massage By Marie;3 Rue de la Croix Mallard 78500 Sartrouville France;;;;;;;;;;;
Massage Aubenas - Le Secret du Bonheur;19A Chem. des Gras 07200 Aubenas France;https://massage-aubenas.fr/;;;;;;;;;;Traité
Massage Alès;7 Av. Général de Gaulle 30100 Alès France;;;;;;;;;;;
Massage à fleur de peau;45 Av. de Bayonne Centre oronoz 64600 Anglet France;;;;;;;;;;;
MASSAGE A DOMICILE Metz - Remilly - Relax Sens;5 Rue de la Haute Beux 57580 Beux France;https://www.relax-sens.fr/;;;;;;;;;;Traité
Massage à chatillon 92320 PALAIS D'OR;30 Rue Béranger 92320 Châtillon France;;;;;;;;;;;
Massage à Bethune En Corps Plus Zen By Manon;41 Rue de la Lawe 62400 Béthune France;http://www.plus-zen.com/;;;;;;;;;;Traité
massage 94700 Maisons Alfort;136 Av. de la République 94700 Maisons-Alfort France;https://massage94700.mystrikingly.com/;;;;;;;;;;Traité
massage 79;Résidence minerve 85 Av. du Général de Gaulle 79200 Parthenay France;;;;;;;;;;;
Massage 77700 Serris;FR 17 Rue Emile Cloud 77700 Serris France;;;;;;;;;;;
Massage 4 Dimensions;18 Pl. de la Liberté 78700 Conflans-Sainte-Honorine France;http://massage-4dimensions.com/;;;;;;;;;;Traité
Massa Mana;15 Rue Pierre Mendès France 27400 Louviers France;https://massamana.fr/;;;;;;;;;;Traité
Mass Yana;1 bis All. de la Fontaine 85600 Montaigu-Vendée France;https://www.mass-yana.fr/;;;;;;;;;;Traité
Maryse Esthétique;232 Rte nationale 45140 Ingré France;;;;;;;;;;;
Mary's Beauty Institut De Beauté;195 Av. de Champagne 51300 Frignicourt France;;;;;;;;;;;
marmapu massage;Chalet Caché R. de Constantine 73210 La Plagne Tarentaise France;https://marmapu-massage.fr/;;;;;;;;;;Traité
Marlène Institut;4 Rue du Commandant de Troussures 28140 Loigny-la-Bataille France;https://mc2g-app.com/Luna?action=AGL&login=marleneinstitut28;;;;;;;;;;Traité
Marion PR?NA;Chem. aux Bœufs 78121 Crespières France;https://www.marionprana.fr/;;;;;;;;;;Traité
Marine Shape;1 Le Moulin de la Chaussée 44310 Saint-Philbert-de-Grand-Lieu France;http://wolf-oval-8kn8.squarespace.com/;;;;;;;;;;Traité
Marina Massage;44 Chem. du 21 Août 1944 Lieu dit Pommiers 42550 Apinac France;https://www.marina-massage.fr/;;;;;;;;;;Traité
Marie-Pierre Ferland - Cabinet Locmariaquer;cabinet à Auray également Espace Orée des pins 29C ZA de Kerran 56740 Locmariaquer France;http://www.atma-bretagne-massage.com/;;;;;;;;;;Traité
MARIE RELAXATION MEDITATION;1 Rue Droite 83510 Lorgues France;http://lasantepourtous1.com/;;;;;;;;;;Traité
Mariannick Fouyet;10 Rue Sainte-Anne 65100 Lourdes France;https://www.mariannickfouyet.com/;;;;;;;;;;Traité
Margaux Institut;11 Pl. des Erables 07210 Alissas France;https://www.institut-alissas.marycohr.com/;;;;;;;;;;Traité
Margaux Bio Esthetique;6 Pl. Gabriel Cerezat 19470 Le Lonzac France;;;;;;;;;;;
Marc Vienne Masseur Energéticien;2 Av. de la République 81170 Cordes-sur-Ciel France;https://www.facebook.com/profile.php?id=100091523920944;;;;;;;;;;Traité
Manon des Sens - Massage duo & solo Intuitif Aix en Provence;17 Rue Pavillon 13100 Aix-en-Provence France;http://www.manondessens.fr/;;;;;;;;;;Traité
Manea Papillon;952 Rue de Picardie 60126 Longueil-Sainte-Marie France;;;;;;;;;;;
Mamselle Bulle Massage;18 Chem. des Grandes Vignes 49140 Rives-du-Loir-en-Anjou France;http://mamselle-bulle-massage.fr/;;;;;;;;;;Traité
Malvina Facompré - Massages & Soins énergétiques - Naturopathe TCA (troubles alimentaires, digestifs, femme enceinte);73 Rue Emile Zola 59320 Hallennes-lez-Haubourdin France;https://www.mfnatura.com/;;;;;;;;;;Traité
Maloe;15 Rue de la Libération 21400 Châtillon-sur-Seine France;https://www.maloe-massages.fr/;;;;;;;;;;Traité
Maleia Institut de beauté _ Onglerie;20 Rue de l'Aunis 17290 Aigrefeuille-d'Aunis France;https://maleia.smartbooker.fr/;;;;;;;;;;Traité
MaisonSLD;20b Rue de la Paturotte 25210 Le Russey France;https://maisonsld.com/;;;;;;;;;;Traité
MaisonB;14 Av. du Général Leclerc 53100 Mayenne France;https://www.planity.com/maison-b-53100-mayenne;;;;;;;;;;Traité
Maison Sanae - Institut de beauté;8 Rue du Parc 37420 Beaumont-en-Véron France;https://www.maisonsanae.fr/;;;;;;;;;;Traité
MAISON NATIE Fougères Phytomer-Paul&Joe-Harcourt-Revitalash-TanTowel-NailMatic-Bachca-Nougatine-Beverlyhills formula;23 bis Rue nationale 35300 Fougères France;http://www.maison-natie.fr/;;;;;;;;;;Traité
MAISON NATIE Acigné Phytomer-Paul&Joe-Harcourt-Revitalash-TanTowel-NailMatic-Bachca-Nougatine-Beverlyhills formula;C.C Les Clouères Pl. de la Mairie 35690 Acigné France;http://maison-natie.fr/;;;;;;;;;;Traité
Maison Malya;57 bis Rte d'Ousson 45250 Briare France;http://www.maisonmalya.fr/;;;;;;;;;;Traité
Maison Maïa;22 Rte du Banchet 73470 Novalaise France;https://www.maison-maia.fr/;;;;;;;;;;Traité
Maison Louise;6 Av. Marcel Perrin 95540 Méry-sur-Oise France;https://www.planity.com/maison-louise-95540-mery-sur-oise;;;;;;;;;;Traité
Maison l'Instant;5 Av. du Petit Port 73100 Aix-les-Bains France;http://www.maison-linstant.com/;;;;;;;;;;Traité
Maison la Fée;40 Rue Gautier 1er 77140 Nemours France;https://www.institut-maisonlafee.com/;;;;;;;;;;Traité
Maison Isalyna - L’art du soin;Espace soin - Maison Isalyna 2 place de l'histoire 64170 Lacq France;https://www.planity.com/maison-isalyna-64170-lacq;;;;;;;;;;Traité
Maison Holistic;10 Rte de Vitré 35220 Châteaubourg France;https://maison-holistic.fr/;;;;;;;;;;Traité
Maison Harmonie;18 Av. Allongue 83510 Lorgues France;;;;;;;;;;;
Maison Grit;2 A Rue de Léry 27740 Poses France;https://maisongrit.my.canva.site/malson;;;;;;;;;;Traité
Maison Detox & Moi;Rte de Saint-Trivier 01990 Saint-Trivier-sur-Moignans France;http://www.maisondetoxetmoi.com/;;;;;;;;;;Traité
Maison de Beauté Nelly Cettier;1 Pl. Camille Gervais 26140 Anneyron France;http://www.mabeautefrancaise.fr/;;;;;;;;;;Traité
Maison de Beauté Corcoué;4 Rue du Pé Garnier 44650 Corcoué-sur-Logne France;https://www.maisondebeautecorcoue.fr/c-25.html;;;;;;;;;;Traité
Maison de Beauté Charlotte;11 Rue Gambetta 72130 Fresnay-sur-Sarthe France;https://www.planity.com/maison-de-beaute-charlotte-72130-fresnay-sur-sarthe;;;;;;;;;;Traité
MAISON DE BEAUTE by terres d'ailleurs;65a Rte de Thann 68700 Aspach-Michelbach France;http://www.terres-dailleurs.com/;;;;;;;;;;Traité
Maison Cocoon;9 Rue Dean 53200 Château-Gontier-sur-Mayenne France;https://www.planity.com/levasion-cocoon-53200-chateau-gontier-sur-mayenne;;;;;;;;;;Traité
Maison Cocon;202 Chem. de Peligre 82160 Caylus France;;;;;;;;;;;
Maison Cirrus;1 Rue Rouairie 35410 Châteaugiron France;http://maisoncirrus.fr/;;;;;;;;;;Traité
Maison CH;61 Rue Stendhal 62800 Liévin France;;;;;;;;;;;
Maison Céleste;21 Rte de Voivres 72210 La Suze-sur-Sarthe France;https://www.planity.com/maison-celeste-72210-la-suze-sur-sarthe;;;;;;;;;;Traité
Maison Bohème;2 Rue de Jebsheim 68150 Ostheim France;https://maisonboheme68.fr/;;;;;;;;;;Traité
Maison Bioté;28 Rue de Pornic 44830 Bouaye France;https://institut-beaute-bouaye.fr/;;;;;;;;;;Traité
Maison Beauté Institut;10 Rue de Nantes 44880 Sautron France;http://www.l-ecrin.fr/;;;;;;;;;;Traité
Maison Beauté;19 bis Rue de Bretagne 35360 Médréac France;;;;;;;;;;;
Maison Assia - Colombes Institut de Beauté;42 Rue du Bournard 92700 Colombes France;https://www.planity.com/maison-assia-92700-colombes;;;;;;;;;;Traité
Mahina;2 Rue Raudot 89200 Avallon France;https://www.mahina-esthetique.com/;;;;;;;;;;Traité
MAHANA - Institut de beauté;6 Rue Nationale Centre commercial Auchan Supermarché 37250 Sorigny France;http://mahana-institut.fr/;;;;;;;;;;Traité
MAGNY ESTHETIQUE;TER 10 Rue de Crosne 95420 Magny-en-Vexin France;https://www.magnyesthetique.com/;;;;;;;;;;Traité
Magnifi'toi;28 Chem. Bas 79370 Aigondigné France;;;;;;;;;;;
MaesoBeauty;Theleac 44350 Saint-Molf France;https://sites.google.com/view/maesobeauty/accueil?authuser=0;;;;;;;;;;Traité
Maderotherapie LADY;41 Rue Victor Hugo 93150 Le Blanc-Mesnil France;http://maderotherapielady.booksy.com/;;;;;;;;;;Traité
MABULLE;5 Rue Jaubert 13100 Aix-en-Provence France;http://mabulle.fr/;;;;;;;;;;Traité
Maali;1 Rue Royale 59320 Radinghem-en-Weppes France;https://maali-radinghem.fr/;;;;;;;;;;Traité
Ma Pause Beaute;25 Imp. du Monument aux Morts 74330 Lovagny France;http://www.planity.com/ma-pause-beaute-74330-lovagny;;;;;;;;;;Traité
Ma Na'ture Zen;La Perrière 72360 Mayet France;https://manaturezen.fr/;;;;;;;;;;Traité
Ma Loge Beauté;130 Rue Pierre Trouvé 78660 Ablis France;http://www.facebook.com/profile.php?id=61583209242023;;;;;;;;;;Traité
Ma bulle détente;10 Place de l'Ancien Château 60440 Nanteuil-le-Haudouin France;;;;;;;;;;;
Ma Bulle de Détente (Salon de massage);49 Rue Albert Lebrun 54560 Audun-le-Roman France;https://www.ma-bulle-de-detente.fr/;;;;;;;;;;Traité
Ma Bulle d'Air;Galerie commerciale Les Orres 1650 7 Pl. des Étoiles 05200 Les Orres France;;;;;;;;;;;
Ma Beauty Room;Place de la république 94290 Villeneuve-le-Roi France;https://www.thenailandbeautyroom.com/?fbclid=PAZXh0bgNhZW0CMTEAAaZ6tgh2PkxgbbmZeThxeIwZecmOuEjG09quUMJxp213KkC1k1_s6-B7EZU_aem_P2v-MMjkmOGMl04WdlepyA;;;;;;;;;;Traité
Ma beauté Green;3 Rue de la Paix 19360 Malemort France;https://ma-beaute-green-19.fr/;;;;;;;;;;Traité
M.Nature et Soins;2 Route de Salies 64270 Carresse-Cassaber France;https://mnatureetsoins.com/;;;;;;;;;;Traité
M&M Massage;2 Rue des Barils 27580 Bourth France;https://www.planity.com/mm-massage-27580-bourth;;;;;;;;;;Traité
M Reflexomassage;2 Imp. des Charmes 38280 Villette-d'Anthon France;http://www.m-reflexomassage.com/;;;;;;;;;;Traité
M' et Soi - Marie THOMAS;2 Chem. des Parentières 72300 Précigné France;https://metsoi.fr/;;;;;;;;;;Traité
Lussala Massage;39 Rue de Ferrette 68130 Altkirch France;https://www.lussala-massage.fr/;;;;;;;;;;Traité
Lunessa - massage holistique féminin Corbie, à 15 mn d'Amiens;2 Rue du 14 Juillet 80800 Corbie France;https://www.lunessa-massage.fr/;;;;;;;;;;Traité
Lumina Beauté - Centre de beauté;4 Bis Rue de la Tour 85150 Les Achards France;http://www.luminabeaute.fr/;;;;;;;;;;Traité
Lucie massage;33 Rue Colette Besson 35340 Liffré France;http://lucieesthetique.fr/;;;;;;;;;;Traité
Lucie Concept Beauté et Formations;36 Rue du Maréchal Leclerc 59540 Caudry France;http://www.lucieconceptbeauteetformations.fr/;;;;;;;;;;Traité
Lucia Détente;21 Rue des Saugets 16470 Saint-Michel France;;;;;;;;;;;
Lubelle;831 Goddeloozenhouck Straete 59270 Méteren France;https://lubelle.fr/;;;;;;;;;;Traité
LR esthétique;22 Rue Etienne Dolet 94140 Alfortville France;https://www.lresthetique.fr/;;;;;;;;;;Traité
LP.Beauty;3 Rue Jean-Baptiste Carpeaux 59215 Abscon France;;;;;;;;;;;
Louisy;Rue Sylvestre Chauvelot 28 21200 Beaune France;https://www.louisy.net/?utm_source=google&utm_medium=wix_google_business_profile&utm_campaign=10568000775666596853;;;;;;;;;;Traité
L'Otium - Institut de beauté;20 Rue de Nantes 85530 La Bruffière France;https://institutlotium.com/;;;;;;;;;;Traité
Lorsica;Résidence Campo Meta 20600 Furiani France;http://lorsicabienetre.com/;;;;;;;;;;Traité
L'Orchidée Blanche - Courbevoie;57 Rue Emile Deschanel 92400 Courbevoie France;https://massage.ivof.com/lorchidee-blanche/;;;;;;;;;;Traité
L'Or institut PANAZOL;27 Rue Charles Baudelaire 87350 Panazol France;https://lorinstitut.fr/;;;;;;;;;;Traité
L'or détente;334 Rte Barthélémy de Laffemas 26240 Beausemblant France;https://www.kalendes.com/site/lordetente/welcome;;;;;;;;;;Traité
L'Or de Soi;20 Rue Léo Lagrange 80130 Friville-Escarbotin France;;;;;;;;;;;
Lolita;5 Rue du Château d'Eau Espace renaissance 17290 Aigrefeuille-d'Aunis France;https://www.instagram.com/lolitamorganem?igsh=dzd2dDg2N3FpaTdo;;;;;;;;;;Traité
L'Oiseau de Paradis -Institut de Beauté;Centre Oasis 1 All. de la Pépinière Bât Passiflore 80480 Dury France;http://www.oiseau-paradis.fr/;;;;;;;;;;Traité
l'ocre du massage;6 Rue Raphaël 06400 Cannes France;http://www.locredumassage.com/;;;;;;;;;;Traité
LN Atelier esthétique Dijon;Groupe médical 21 21600 Longvic France;https://institutlnatelier.fr/;;;;;;;;;;Traité
LMZen;28 bis Rue Marie Thérèse de Clinchamps 78530 Buc France;http://www.lmzen.fr/;;;;;;;;;;Traité
L-Mass';50 Rte de Margaux 33480 Avensan France;https://www.facebook.com/profile.php?id=61550616390387;;;;;;;;;;Traité
L-M L´Esthétic;2 Av. Paquet 78260 Achères France;;;;;;;;;;;
L'institut, centre de beauté;6 Rue de l'Aumônerie 49160 Longué-Jumelles France;http://linstitutlongue.fr/;;;;;;;;;;Traité
L'Institut Sarl;6 Rte de Saint-Come 50500 Carentan-les-Marais France;https://institut-beaute-parfumerie-carentan.fr/;;;;;;;;;;Traité
L'institut du Roi René;7 Bd du Roi René 13150 Tarascon France;https://www.maisonroirene.fr/;;;;;;;;;;Traité
L'institut du Moving;27 Rte de Paris À Dieppe 95520 Osny France;;;;;;;;;;;
L'Institut du CABC;30-42 Rue Jean Jaurès 92270 Bois-Colombes France;http://spa-du-cabc-10.booksy.com/a;;;;;;;;;;Traité
L'Institut de Vanessa;59 Rue des Raques 60600 Agnetz France;https://vanessavasseur1411.wixsite.com/monsite;;;;;;;;;;Traité
L'Institut de Maud;150 Rue François Denoeu 62145 Estrée-Blanche France;http://l-institut-de-maud.lany.io/;;;;;;;;;;Traité
L'institut de Camille;4 Pl. du Martroi 45260 Lorris France;https://www.facebook.com/profile.php?id=61563800234153;;;;;;;;;;Traité
L'Institut de Beauté - So Beauty;3 Sq. Jean-Baptiste Colbert 74 Av. du Général Leclerc 92340 Bourg-la-Reine France;https://www.planity.com/linstitut-so-beauty-92340-bourg-la-reine;;;;;;;;;;Traité
L'institut de Beauté;110 Rte de Rives 38140 Apprieu France;http://kalendes.com/linstitutdebeauteapprieu;;;;;;;;;;Traité
L'institut de Bas-en-Basset By Christie;4 Bd de la Sablière 43210 Bas-en-Basset France;https://linstitutdebas-en-bassetbychristie.com/;;;;;;;;;;Traité
L'Institut d'amandine;24 Rue Léon Lemetayer 60220 Formerie France;https://www.facebook.com/Linstitut-765621350275609;;;;;;;;;;Traité
L'institut d'alice;Centre commerciale super u Rue de Lyons 27460 Igoville France;https://www.planity.com/linstitut-dalice-27460-igoville;;;;;;;;;;Traité
L'institut d'Alex;1 Av. de Pézenas 34230 Adissan France;;;;;;;;;;;
L'institut By Ju;2 Chem. du Pesquier 30111 Congénies France;https://www.planity.com/linstitut-by-ju-30111-congenies;;;;;;;;;;Traité
L'institut By Donia B;169 Rue Supervielle 62750 Loos-en-Gohelle France;;;;;;;;;;;
L'INSTITUT - beauté - d'emmanuelle;62 Rue Clemenceau 57440 Algrange France;http://institut-beaute.booksy.com/;;;;;;;;;;Traité
L'instant't;5 Rue de la Planche Grégoire 35530 Noyal-sur-Vilaine France;http://linstantt.my.canva.site/;;;;;;;;;;Traité
L'instant zen et beauté;4RP2+F6 60440 Nanteuil-le-Haudouin France;;;;;;;;;;;
L'instant Zen;11 Grand Rue 83910 Pourrières France;http://www.instant-zen-pourrieres.fr/;;;;;;;;;;Traité
L'instant soin esthétique à domicile;2 BIS Chem. des Bruyères 95510 Aincourt France;https://sandra-linstantsoin.com/;;;;;;;;;;Traité
L'Instant Serein;15 Grande Rue 89310 Sainte-Vertu France;http://www.linstantserein.com/;;;;;;;;;;Traité
L'instant présent;12 Rue du Colonel Boutin 44430 Le Loroux-Bottereau France;https://www.linstant-present44.fr/;;;;;;;;;;Traité
L'Instant Précieux;Baleone Lot 11 Michel Ange 2 20167 Afa France;http://www.institut-instant-precieux.com/;;;;;;;;;;Traité
L'Instant pour Soi;56 Rue du Maréchal Foch 78570 Andrésy France;https://institut-beaute-andresy.fr/;;;;;;;;;;Traité
L'Instant Pour Moi;1 Pl. Lucie Aubrac 35230 Bourgbarré France;https://www.instantpourmoi.com/?ved=2ahUKEwiiy7q_lIeKAxXiRaQEHTe2CukQgU96BAgXEBM;;;;;;;;;;Traité
L'Instant Naturel;9 Rue Fernand Bonis 42160 Andrézieux-Bouthéon France;https://www.kalendes.com/site/linstantnaturel42andrezieuxboutheon/booking;;;;;;;;;;Traité
L'instant d'un Soin;123 place du village 84870 Loriol-du-Comtat France;https://www.planity.com/linstant-dun-soin-84870-loriol-du-comtat;;;;;;;;;;Traité
L'instant du Soin;33 Rte de Revel 81700 Puylaurens France;https://www.linstantdusoin.fr/;;;;;;;;;;Traité
L'Instant D'Estelle;Résidence le Patio 12 Av. du Général de Gaulle 33450 Izon France;https://www.maquillage-permanent-by-estelle.fr/;;;;;;;;;;Traité
L'instant de pause massage et yoga;La Reyre 33125 Le Tuzan France;https://linstantdepauseespacedebienetre.bookinbeautiful.fr/r/2EVCOW;;;;;;;;;;Traité
L'instant Bio'thi;2 Av. Joseph Combier 26250 Livron-sur-Drôme France;http://www.linstantbiothi.fr/;;;;;;;;;;Traité
L'instant beauté;67 Av. Jean Moulin 34290 Abeilhan France;https://www.facebook.com/linstantbeaute34;;;;;;;;;;Traité
L'instant absolu;15 Av. des Templiers 88000 Épinal France;http://www.instant-absolu-spa.fr/;;;;;;;;;;Traité
LINEA;52 route de Saint Joseph Route Nationale 86 07340 Andance France;;;;;;;;;;;
Lily Beauty institut de beauté;68 Rue Jacques Moreau 85460 L'Aiguillon-la-Presqu'île France;http://www.lily-beauty85.fr/;;;;;;;;;;Traité
L'îlot Pacifique;22 Rte des Romains 67340 Ingwiller France;https://www.lilotpacifique.fr/;;;;;;;;;;Traité
L'îlot beauté;chemin rural de 120 Chem. de Longueil À Clairoix 60150 Longueil-Annel France;https://www.facebook.com/profile.php?id=61576703906660;;;;;;;;;;Traité
LiLi beauté;FR 3 Rue du Général Leclerc 60250 Mouy France;;;;;;;;;;;
Lilas ZEN Massages pour femme & bébé - Spécialisée en Massage Prénatal, Postnatal & Rebozo, Fertilité - et Massage Bébé.;117 Rue de Paris 93260 Les Lilas France;https://www.massagebienetreleslilas.fr/?utm_source=google&utm_medium=wix_google_business_profile&utm_campaign=18304900217136533742;;;;;;;;;;Traité
Líf - Beauté Holistique - Une Bulle de Coton au Milieu des Flocons;218 Rue du Mont Blanc 73590 Flumet France;https://www.lif-beaute.com/;;;;;;;;;;Traité
Libre Et Zen;1 Chem. du Pradas 31410 Mauzac France;http://libreetzen.com/;;;;;;;;;;Traité
Liberty Beauté | Institut de beauté à - Bréviandes;50 Av. Maréchal Leclerc 10450 Bréviandes France;http://reservationbeaute.fr/liberty-beaute-10450;;;;;;;;;;Traité
Libel'toi;16 Rue Jean Moulin 78730 Saint-Arnoult-en-Yvelines France;https://libeltoi.wixsite.com/my-site-2;;;;;;;;;;Traité
L'Harmony des Ongles;37 Rue du Château 80690 Ailly-le-Haut-Clocher France;;;;;;;;;;;
L'expert beauté;Rond-Point Georges Pompidou Immeuble Le POMPIDOU 83330 Le Beausset France;https://lexpertbeaute.com/;;;;;;;;;;Traité
L'Éventail des sens : Cabinet de massage sur Auray;14 Rue Pierre de Coubertin 56400 Auray France;https://www.leventaildessens.com/;;;;;;;;;;Traité
L'évasion Massage - Limoges et ses alentours;5 Rue de l'Aurence 87270 Couzeix France;;;;;;;;;;;
L'évasion du Ventoux;181 Avenue Barral des Baux 84410 Bédoin France;http://www.levasion-du-ventoux.fr/;;;;;;;;;;Traité
L'Evasion des Sens;28 Quai de la Colme 59380 Steene France;;;;;;;;;;;
L'étoile Zen;1 impasse du ZI Les Andues 83210 Solliès-Pont France;;;;;;;;;;;
L'ÉTOILE DE GAIA;2647 rte de collobrieres Quartier ginouviers 83250 La Londe-les-Maures France;http://letoiledegaia.net/;;;;;;;;;;Traité
L'étoile de formes et beauté ( anciennement capucine et h );69 Rue du Général de Gaulle 76450 Cany-Barville France;https://www.institut-letoile-cany.com/;;;;;;;;;;Traité
L'Estrée Beauté;22 Ter Gr Grande Rue 27650 Mesnil-sur-l'Estrée France;https://www.facebook.com/lestreebeaute/;;;;;;;;;;Traité
L'essentielle Beauté;Le 706 Rte de Rampieux 47210 Rayet France;https://lessentielle-beaute.fr/;;;;;;;;;;Traité
L'Essentiel Institut;35 Rue Joséphine Baker 10430 Rosières-près-Troyes France;http://lessentiel-institut.fr/;;;;;;;;;;Traité
L'Esprit du Tibet, Massages et Culture Tibétaine;4 Rue d'Artois 92160 Antony France;https://massage-tibetain.fr/;;;;;;;;;;Traité
L'Espace Balnéo;Camping Les Cercelles Le Marais Doux 17310 Saint-Pierre-d'Oléron France;https://massage-oleron.com/;;;;;;;;;;Traité
L'Escale ze'N;7 Rue de la République 43130 Retournac France;https://www.lescalezen.fr/;;;;;;;;;;Traité
L'Escale Detente Le Pouldu Les Embruns;4 Rue du Philosophe Alain 29360 Clohars-Carnoët France;https://www.camping-les-embruns.com/loisirs/lespace-bien-etre/;;;;;;;;;;Traité
L'escale Beauté;60 Fbg de Cassel 59380 Socx France;https://www.planity.com/lescale-beaute-59380-socx;;;;;;;;;;Traité
Les Sources de Manon;16 Rte de la Piscine 46120 Lacapelle-Marival France;https://lessourcesdemanon.com/;;;;;;;;;;Traité
Les Soins ô Naturels - Meurchin;21 Rue Jules Guesde 62410 Meurchin France;https://www.planity.com/les-soins-o-naturels-62410-meurchin;;;;;;;;;;Traité
Les Soins ô Naturels - Liévin;23 Rue François Courtin 62800 Liévin France;https://www.planity.com/les-soins-o-naturels-62800-lievin;;;;;;;;;;Traité
Les Soins Du Monde Par Severine;20 Rue Gambetta 40800 Aire-sur-l'Adour France;http://lessoinsdumonde.fr/?utm_source=gmb;;;;;;;;;;Traité
Les soins du Lude;38 Rue Division Leclerc 50740 Carolles France;;;;;;;;;;;
Les Soins d'Or;12 Av. de Verdun 40800 Aire-sur-l'Adour France;http://lessoinsdor.fr/;;;;;;;;;;Traité
Les Soins d'Hélène : Institut de beauté BIO, Massages du monde et Cosmétiques locales;3 Rue Pierre Brossolette 83210 Solliès-Pont France;http://lessoinsdhelene.fr/;;;;;;;;;;Traité
Les soins de Vaea;3 Rue du Pont de Baillet 95560 Baillet-en-France France;http://www.lessoinsdevaea.fr/;;;;;;;;;;Traité
Les Soins de L'O Institut de beauté;17 D308 69550 Saint-Jean-la-Bussière France;;;;;;;;;;;
Les soins de Lisa;Quartier Plessier Bât 7 Av. du 8E Régiment de Hussards 68130 Altkirch France;http://lessoinsdelisa.com/;;;;;;;;;;Traité
Les soins de Chloé;12 Pl. de l'Étoile 12450 Luc-la-Primaube France;http://lessoinsdechloe.com/;;;;;;;;;;Traité
Les Soins d'Aurélie;3 All. Hector Berlioz 95130 Franconville France;http://lessoinsdaurelie.booksy.com/;;;;;;;;;;Traité
Les soins d'Anaïs- Experte en massage- Soins du visage- Epilation définitive- Femmes/Hommes/Enfants La Roche sur Yon;17 Rue la Fayette 85000 La Roche-sur-Yon France;https://www.planity.com/les-soins-danais-85000-la-roche-sur-yon;;;;;;;;;;Traité
Les Soins d'Amélie;13 Av. du Léon 22190 Plérin France;https://www.soins-amelie.com/?utm_source=google&utm_medium=wix_google_business_profile&utm_campaign=4737946376531776218;;;;;;;;;;Traité
Les Sens en Eveil;7 place South Wonston 76170 La Frénaye France;https://www.planity.com/les-sens-en-eveil-76170-la-frenaye;;;;;;;;;;Traité
Les Sens de GAÏA;15 Rue des Murs 67700 Saverne France;http://www.lessensdegaia.fr/;;;;;;;;;;Traité
Les Sens de Beauté;12 Bis Rue Blanqui 59215 Abscon France;https://www.les-sens-de-beaute.net/;;;;;;;;;;Traité
Les Sens De Bach;13 Rue Grande 36200 Argenton-sur-Creuse France;http://www.les-sens-de-bach.fr/;;;;;;;;;;Traité
Les sens d'Amalthée;8 bis Rte du Blanc 36300 Pouligny-Saint-Pierre France;;;;;;;;;;;
Les Sens Ciel Massage;Salon d'Aurélie - Côté Institut 18 All. de Mamique 40400 Bégaar France;https://lessenscielmassage.wixsite.com/massage;;;;;;;;;;Traité
Les Sens Ciel d'Emilie;34 Rue Anne de Goulaine 44430 Le Loroux-Bottereau France;http://www.facebook.com/LesSensCieldEmilie;;;;;;;;;;Traité
Les Sens 18;11 Rue de la République 18190 Uzay-le-Venon France;https://les-sens-18-11.webselfsite.net/?fbclid=IwAR0Ev4lN-6tm9p0eGujYeXtXDwPDiY3lMD-m2O8vgGFeIkY54IVpIftQISo;;;;;;;;;;Traité
Les secrets de beauté;28 Rue des Écureuils 72250 Brette-les-Pins France;https://www.fresha.com/fr/a/les-secrets-de-beaute-brette-les-pins-28-rue-des-ecureuils-omraorqf;;;;;;;;;;Traité
Les Rituels de Méryl;4 bis Rue Saint-Romain 33540 Sauveterre-de-Guyenne France;https://www.planity.com/les-rituels-de-meryl-33540-sauveterre-de-guyenne;;;;;;;;;;Traité
Les Racines du Sourire;285 Av. de la République de Montferrand 34270 Saint-Mathieu-de-Tréviers France;https://www.lesracinesdusourire.com/;;;;;;;;;;Traité
Les Racines du mieux-être;69 Rue de l'Hôtel de ville 59620 Aulnoye-Aymeries France;https://www.facebook.com/share/1NPcom4kW4/?mibextid=wwXIfr;;;;;;;;;;Traité
Les P'Tites Bulles By Sophie;4a Rue du Bass. 57515 Alsting France;http://les-p-tites-bulles.webnode.fr/;;;;;;;;;;Traité
Les promesses d'Anthéa;11 Grande Rue 25660 Saône France;https://www.planity.com/les-promesses-danthea-25660-saone;;;;;;;;;;Traité
Les Mondes Flottants : massage et fasciathérapie;67 Rue du Général de Gaulle 76310 Sainte-Adresse France;http://www.lesmondesflottants.com/;;;;;;;;;;Traité
Les Massages de Solène - Port Cergy;7 Av. Jean Bart 95000 Cergy France;http://www.lesmassagesdesolene.com/;;;;;;;;;;Traité
Les massages de Moana;La Maison des îles 9 Rue d'Anjou 53200 Gennes-Longuefuye France;https://www.la-maison-des-iles.org/?utm_source=gmb;;;;;;;;;;Traité
Les Massages de Kéné;73 Av. Léon Aubin 26250 Livron-sur-Drôme France;https://sites.google.com/view/les-massages-de-kene/;;;;;;;;;;Traité
Les massages de Joseph;345 Imp. de la Mouise 45130 Huisseau-sur-Mauves France;https://sites.google.com/view/les-massages-de-joseph?usp=sharing;;;;;;;;;;Traité
Les Massages de Garance;84 Rue de la Double 07400 Alba-la-Romaine France;https://www.lesmassagesdegarance.com/;;;;;;;;;;Traité
Les Massages de Gaëlle;14 Rue de Haute Saintonge 17500 Réaux sur Trèfle France;;;;;;;;;;;
Les massages de Dorothée - Delestrées Dorothée;21 Rue des Martels 76730 Bacqueville-en-Caux France;http://lekotadelasaane.fr/;;;;;;;;;;Traité
Les massages de Coralie et Eva;6bis Rue Bara Viala 03320 Lurcy-Lévis France;https://www.facebook.com/share/MLjSfFrfMRuWj3as/;;;;;;;;;;Traité
Les Massages d'Armelle - Massage Crest;42 Rue Archinard 26400 Crest France;https://www.lesmassagesdarmelle.com/;;;;;;;;;;Traité
Les massages d'Alice;34 Av. des Pervenches 66000 Perpignan France;http://www.lesmassagesdalice.fr/;;;;;;;;;;Traité
Les Mains Dorées;Rue du Gén de Gaulle 62320 Acheville France;;;;;;;;;;;
Les mains de rose;28 Chem. des Jonquilles 39160 Val-d'Épy France;https://booksy.com/fr-fr/13287_les-mains-de-rose_spa-massage_96768_montagna-le-reconduit#ba_s=seo;;;;;;;;;;Traité
Les Mains de Reva;Quartier Nautica 12 Quai des Pyrénées 66420 Le Barcarès France;;;;;;;;;;;
Les Mains De Mu;3 bis Rue des Chalutiers 29340 Riec-sur-Bélon France;https://www.lesmainsdemu.fr/;;;;;;;;;;Traité
Les Mains de Mado Minceur - Drainage Lymphatique - Maderotherapie - Cryolipolyse - Epilation Lumière Pulsée;173 Av. du Sidobre 81100 Castres France;https://naturalminceur.com/;;;;;;;;;;Traité
Les Mains de Faye;5 Rue de Lucette 37120 Faye-la-Vineuse France;https://lesmainsdefaye.weebly.com/;;;;;;;;;;Traité
Les Mains d'Auré;2b Av. Jean Monnet 02000 Laon France;https://www.lesmainsdaure.spa/;;;;;;;;;;Traité
Les Mains d'Anne;15 Rue du Moulin 52000 Jonchery France;https://lesmainsdanne.fr/;;;;;;;;;;Traité
Les Mains d'Adrien;33 Av. Jules Vercruysse 93170 Bagnolet France;http://lesmainsdadrien.com/;;;;;;;;;;Traité
Les Magnolias;3 Rue du Général Leclerc 60250 Mouy France;;;;;;;;;;;
Les L De La Beauté;20 Quai de Cricklade 44240 Sucé-sur-Erdre France;http://www.lesldelabeaute.fr/;;;;;;;;;;Traité
Les Jardins d'Estrella Carcassonne;5 Rue du Carla 11170 Moussoulens France;https://www.lesjardinsdestrella.com/;;;;;;;;;;Traité
Les Fees Douce Heure;5 Place Raymond David 35130 La Guerche-de-Bretagne France;https://www.lesfeesdouceheure.fr/;;;;;;;;;;Traité
Les énergies d'Alizée;331 Rte de Buglose 40990 Téthieu France;https://lesenergiesdalizee.wixsite.com/monsite?fbclid=PAAaZMBkXGT-WHjy1_i8QGn1oSMTtEEqXD3zF5dNaEsOHz6vbmHCNyKpoTCV4;;;;;;;;;;Traité
Les copines d'à côté;10 Bd Gallieni 31460 Caraman France;http://www.lescopinesdacote.fr/;;;;;;;;;;Traité
Les Chemains d'Isa;3 Rue de Nansouty 65200 Bagnères-de-Bigorre France;;;;;;;;;;;
Les Bains d'Orient;311 Chem. de la Draye du Marbre 34170 Castelnau-le-Lez France;https://www.planity.com/les-bains-dorient-34170-castelnau-le-lez;;;;;;;;;;Traité
LES BAINS D'AMARA by la douceur de Léa;199 Bd Dr Cuneo 83000 Toulon France;http://les-bains-damara27.booksy.com/f/;;;;;;;;;;Traité
Les bains;1 Av. Antoine Bourdelle 93600 Aulnay-sous-Bois France;;;;;;;;;;;
L'ère des Sens;4 Quai Robert Leblanc 27500 Pont-Audemer France;https://www.leredessens.com/;;;;;;;;;;Traité
L'équilibre des sens - Aix-en-Provence;70 Rue de la Coquillade 13540 Aix-en-Provence France;https://massage.ivof.com/lequilibre-des-sens/;;;;;;;;;;Traité
Léo Beauté;8 Av. Gabriel Péri 87400 Saint-Léonard-de-Noblat France;http://www.leobeaute.fr/;;;;;;;;;;Traité
L'empreinte de Joy;13 All. des 3 Villas 65100 Lourdes France;https://empreinte-de-joy.fr/;;;;;;;;;;Traité
L'Émerveille de Luna;16 Rue Saint-Jean 22550 Matignon France;https://lemerveilledeluna.fr/;;;;;;;;;;Traité
L'Emeraude;234 Grand Rue 62149 Festubert France;;;;;;;;;;;
L'Ecrin Vert ??;57 Rue de Marines 95810 Vallangoujard France;;;;;;;;;;;
L'écrin des Sens;7 Kergoat 29410 Guiclan France;;;;;;;;;;;
L'écrin à vernis (ongles, coiffure);39 Rue de l'Église 84210 Althen-des-Paluds France;https://www.planity.com/lecrin-a-vernis-84210-althen-des-paluds;;;;;;;;;;Traité
L'Échoppe Beauté;53 Av. Paul Delorme 69580 Sathonay-Camp France;http://www.lechoppebeaute.fr/;;;;;;;;;;Traité
L'échappée belle;16 Av. Charles de Gaulle 33650 La Brède France;http://www.institut-lechappee-belle.com/;;;;;;;;;;Traité
LeChalet | Massages Intuitifs&Sportifs, Duo, 4mains, soins Ayurvédiques, massage Prénatal;3a Rue des Prés 68220 Wentzwiller France;http://www.lechalet-massage.fr/;;;;;;;;;;Traité
L'eau de Rose;1 B Rue de l'Abbé Léonard 95520 Osny France;http://www.leauderose.fr/;;;;;;;;;;Traité
Léa Kobido;57 Rue de la Grande Horloge 47000 Agen France;https://www.leakobido.com/;;;;;;;;;;Traité
Le Voyage des Sens;Village des métiers d'art 62240 Longfossé France;;;;;;;;;;;
Le temps d'une pause;52 Rue du Général Leclerc 78380 Bougival France;http://institut-le-temps-dune-pause-bougival.fr/;;;;;;;;;;Traité
Le temps d'une Douce Heure;67 Rue du Général de Gaulle Quartier 67 Rue du Général de Gaulle 85150 Les Achards France;http://www.une-douce-heure.fr/;;;;;;;;;;Traité
Le temps d'un massage Hyères;112 Chem. de Beauvallon Bas 83400 Hyères France;https://letempsdunmassage83.fr/;;;;;;;;;;Traité
Le temps d'un massage;5 Chem. de Pique Tuile 33750 Saint-Germain-du-Puch France;https://www.letempsdunmassagesgdp.fr/;;;;;;;;;;Traité
Le temps d un soin - Llupia;D612 66300 Llupia France;;;;;;;;;;;
Le Temple De L'Energie;19 Rue Duguay 95100 Argenteuil France;;;;;;;;;;;
Le Soleil Massage;214 Rue Paul Vaillant Couturier 94140 Alfortville France;;;;;;;;;;;
Le Secret Du Bonheur;55 bis Quai de Cornouaille 29800 Landerneau France;;;;;;;;;;;
Le salon du soin - Institut de beauté;Rue de la Filée 44140 Aigrefeuille-sur-Maine France;https://www.planity.com/le-salon-du-soin-institut-de-beaute-44140-aigrefeuille-sur-maine?fbclid=PAY2xjawI2VUtleHRuA2FlbQIxMAABpn2neE8EQQflr6puVNFL5WqXXrLI33JkOcngMke_6beqoTfuShPzSU-bFA_aem_nF3bLtIocVTJXcJwx8rN1Q;;;;;;;;;;Traité
"Le Salon Distenn, Massages, Soin du Visage ; Kobido, Anti-age, Drainage Lymphatique. Theix-Noyalo. .";5 Rue Jean Moulin 56450 Theix-Noyalo France;http://distenn.com/;;;;;;;;;;Traité
Le Salon des Sens;48 Rue de la Madeleine 35410 Châteaugiron France;https://www.lesalondessens.com/;;;;;;;;;;Traité
Le Salon de Thao;47 Av. de la Côte Bleue 13960 Sausset-les-Pins France;https://thaomassagebienetre.com/;;;;;;;;;;Traité
Le Rituel d’Éole – Institut de massage homme Narbonne / Hérault / Aude;1 Imp. Arago 11590 Ouveillan France;https://www.leritueldeole.com/;;;;;;;;;;Traité
Le Refuge Détente;205 Rue de la Pépinière 26620 Lus-la-Croix-Haute France;;;;;;;;;;;
Le Poudrier;11 Pl. le Sciellour 56150 Baud France;http://www.lepoudrier.fr/;;;;;;;;;;Traité
Le petit institut - Institut de beauté eco-responsable;24 Rue de l'Église 71430 Palinges France;https://lepetitinstitutpalinges.my.canva.site/le-petit-institut;;;;;;;;;;Traité
Le Pavillon des Ondines;79 Av. du Général de Gaulle 33500 Libourne France;http://www.lepavillondesondines.com/;;;;;;;;;;Traité
Le Patio des Capucines - Institut de beauté Nantes;10 Rue de l'Héronnière 44000 Nantes France;http://www.lepatiodescapucines.fr/;;;;;;;;;;Traité
Le Palais d'Orient;5 Rue de la Forêt 76500 Elbeuf France;https://www.lepalaisdorient76.com/;;;;;;;;;;Traité
Le Palais Des Sens;1 Rue du Palais 52000 Chaumont France;https://www.lepalaisdessens52.fr/;;;;;;;;;;Traité
Le moulin de la détente;1 Rue du Fort 02450 La Neuville-lès-Dorengt France;https://www.lemoulindeladetente.com/;;;;;;;;;;Traité
Le Monde De Flo;20 Rue des Carrières 85800 Le Fenouiller France;http://www.institut-lemondedeflo.com/;;;;;;;;;;Traité
Le Massage de la Salamandre;4 Kerbiguet 22140 Brélidy France;https://massage.bien-etre.pro/;;;;;;;;;;Traité
Le Massage;105 Rue René Armenico 13370 Mallemort France;https://bastidedelacouloubre.my.canva.site/le-massage-bastide-de-la-couloubre;;;;;;;;;;Traité
Le Loft Beauté (M'line Esthétique);14 Av. nationale 19700 Seilhac France;https://www.le-loft-beaute-seilhac.com/;;;;;;;;;;Traité
Le Lien Doré_massage;Naturopole Maison de santé 32330 Lagraulet-du-Gers France;https://www.planity.com/le-lien-dore-32330-lagraulet-du-gers;;;;;;;;;;Traité
Le Jardin d'Isis;1945 Av. Marechal Juin 30900 Nîmes France;http://www.jardindisis.fr/;;;;;;;;;;Traité
Le Jardin des Sens;1 Pl. Saint-Martin 25110 Baume-les-Dames France;http://www.lejardindessens25.fr/;;;;;;;;;;Traité
Le jardin des secrets;5 Pl. de l'Entre-Deux Mers 33370 Pompignac France;https://le-jardin-des-secrets.fr/;;;;;;;;;;Traité
Le Jardin des Agaves;180 Chem. des Plaines 38140 Apprieu France;https://lejardindesagaves.fr/;;;;;;;;;;Traité
Le Jardin d'Edenne;235 Rue Marcel Belot 45160 Olivet France;https://www.planity.com/spa/45160-olivet;;;;;;;;;;Traité
Le Jardin de la Beauté;52 Rue Maréchal Foch 14140 Livarot-Pays-d'Auge France;https://www.lejardindelabeautelivarot.fr/;;;;;;;;;;Traité
Le comptoir des soins;23 Bd de la République 07100 Annonay France;http://www.lecomptoirdessoins.fr/;;;;;;;;;;Traité
Le Comptoir des Paumes;29 Rue de Saintonge 17540 Saint-Sauveur-d'Aunis France;https://linktr.ee/le_comptoir_des_paumes_massage;;;;;;;;;;Traité
le comptoir d'Epione;9013 Rue Alphonse Daudet 19360 Malemort France;;;;;;;;;;;
Le Comptoir de la Beauté;520 Av. de la République 06550 La Roquette-sur-Siagne France;https://www.planity.com/le-comptoir-de-la-beaute-06550-la-roquette-sur-siagne;;;;;;;;;;Traité
Le Coin Beauté;6 Imp. des Renoncees 26250 Livron-sur-Drôme France;https://www.planity.com/le-coin-beaute-26250-livron-sur-drome;;;;;;;;;;Traité
Le CoCooning De Nel formatrice du massage de L’Eveil au Naturel, et Reiki 1,2,3,4;151 Rue de l'Aérodrome 79000 Niort France;http://app.flexybeauty.com/le-cocooning-de-nel;;;;;;;;;;Traité
LE COCON DE DEL;1 Rue Cure d'Air 91390 Morsang-sur-Orge France;https://www.lecocondedel.fr/;;;;;;;;;;Traité
Le cocon de coton;47 Av. du Président S Allende 91300 Massy France;http://www.lecocondecoton.fr/;;;;;;;;;;Traité
Le Cocon de Clea;Près du Camping 340 Rte des Ripettes 01190 Saint-Bénigne France;http://www.lecocondeclea.fr/;;;;;;;;;;Traité
Le cocon de Baya;26 Côte de la Moulière 11290 Alairac France;https://lecocondebaya.fr/;;;;;;;;;;Traité
Le Cocon d'Alexandre;11 Rue Sophie Germain 35235 Thorigné-Fouillard France;https://www.lecocondalexandre.com/;;;;;;;;;;Traité
Le Cocon d’Elise - Thorée Les Pins;4 rue des coquelicots 72800 Thorée-les-Pins France;https://www.planity.com/le-cocon-delise-72800-thoree-les-pins;;;;;;;;;;Traité
LE COCON;19 Rue Jean-Claude Bouquet 25500 Morteau France;;;;;;;;;;;
Le Chant du Monde;5 Cr Pasteur 64800 Nay France;https://lechantdumondemass.wixsite.com/my-site-3;;;;;;;;;;Traité
Le Chalet Secret;1390 Rte du Bignac 24520 Saint-Nexans France;http://www.lechaletsecret.com/;;;;;;;;;;Traité
Le chalet des pierres chaudes;34 bis Rue des Mobiles de Coulmiers 24600 Ribérac France;https://chaletdespierreschaudes.sitew.fr/;;;;;;;;;;Traité
LE BOUDOIR ZEN;1265 Rte de Malagar 33880 Baurech France;https://www.instagram.com/institut.leboudoirzen;;;;;;;;;;Traité
Le Boudoir des Sens, Institut Amandine;52 Av. de Paris 33620 Cavignac France;https://app.flexybeauty.com/le-boudoir-des-sens/home;;;;;;;;;;Traité
Le Boudoir de Céline;18 Av. Georges de Saint-Sauveur 18120 Méreau France;http://www.institut-de-beaute-mereau.fr/;;;;;;;;;;Traité
Le bonheur est en soin;591 Rte de Chateauvilain 38300 Eclose-Badinières France;https://urlz.fr/nJnJ;;;;;;;;;;Traité
Le Bar à Massages;8 Rue du Général de Gaulle 02880 Bucy-le-Long France;;;;;;;;;;;
Le 4 Mains Paris Massages;40bis Rue du Faubourg Poissonnière 75010 Paris France;https://paris-massages-bien-etre.com/;;;;;;;;;;Traité
L'DIA MASSAGE;Rue de Beau Soleil 37510 Ballan-Miré France;;;;;;;;;;;
Lazelyse beauty;7 Bd Micha?l Faraday 77700 Serris France;;;;;;;;;;;
Laurent MINET;138 Rue Guillaume Cale 60600 Breuil-le-Vert France;;;;;;;;;;;
Laurence Legros Drainage Lymphatique;La Berrerie 53470 Martigné-sur-Mayenne France;https://www.instagram.com/laurencelegros3/?hl=fr;;;;;;;;;;Traité
Laurence Institut;38 Rue de Pont sur Sambre 59570 La Longueville France;https://www.laurence-institut.fr/;;;;;;;;;;Traité
Laure Fauville - Massage & Ayurveda;10 All. de Jouy 95280 Jouy-le-Moutier France;http://www.massage-ayurveda.fr/;;;;;;;;;;Traité
L'aube Des Sens;17 Rue du Marché 49400 Saumur France;https://www.laubedessens.com/;;;;;;;;;;Traité
L'attrape-beauté institut par Sandy;22 Rue des Prés Martin 79100 Louzy France;https://www.lattrapebeauteinstitut.fr/;;;;;;;;;;Traité
Lateliermd_;Rue Notre Dame 57420 Lorry-Mardigny France;https://www.instagram.com/lateliermd_?igsh=MXQ2eHdyNHE3YzM0ZQ==&utm_source=qr;;;;;;;;;;Traité
L'atelier Nature;1607 Av. du 11 Novembre 1918 40440 Ondres France;https://lateliernature-ondres.fr/;;;;;;;;;;Traité
L'atelier multi'color;45 LE FOURNET 79700 Mauléon France;https://www.planity.com/latelier-multicolor-mauleon;;;;;;;;;;Traité
L'Atelier Intérieur | Yoga & Massages à Bagnères-de-Bigorre;25 Rue du Maréchal Foch 65200 Bagnères-de-Bigorre France;http://www.atelierinterieur.com/;;;;;;;;;;Traité
L'Atelier d'Océ - Institut de Beauté & Centre de Formation;76 All. Louis Blériot 30320 Marguerittes France;https://www.planity.com/latelier-doce-30320-marguerittes-iow;;;;;;;;;;Traité
L'Atelier d'O LES BOIS VERTS;Anciennement 2 catalan 1083 route des moulins 33840 Lucmau France;http://www.lesboisverts.fr/;;;;;;;;;;Traité
L'Atelier des Anges;1 Av. de la Libération 13720 La Bouilladisse France;http://atelier-des-anges.fr/;;;;;;;;;;Traité
L'Atelier Bulle de Douceur;9 Vla Cr Creuse 92140 Clamart France;https://latelierbullededouceur.fr/;;;;;;;;;;Traité
L'Atelier Beauté;Entrée 30 Rue Louis Bosc Av. du Général de Gaulle 83250 La Londe-les-Maures France;https://www.latelierbeaute-lalonde.fr/;;;;;;;;;;Traité
L'Art des Sens;43 Rue Marcel Boucton 02190 Aguilcourt France;https://m.facebook.com/LArt-des-Sens-110014301664473/?ref=bookmarks;;;;;;;;;;Traité
L'Ansouisienne - Institut de beauté Luberon;57 Rue du Vieux Moulin 84240 Ansouis France;https://www.lansouisienne.fr/;;;;;;;;;;Traité
Lanna Massage Thérapie;6 Rue de Fontenay 79000 Niort France;http://www.lanna-massage-therapie.com/;;;;;;;;;;Traité
L'Angélo;152 Rte de Frébuge 73210 Aime-la-Plagne France;https://www.planity.com/langelo-73210-aime-la-plagne-ndg;;;;;;;;;;Traité
L'Amour de soi - Institut de beauté / Iville;1 A Rue du Val 27110 Iville France;https://www.planity.com/lamour-de-soi-27110-iville;;;;;;;;;;Traité
L'âme du Phénix;La Pacha M 6 bis Chem. d'en Mauran 31450 Ayguesvives France;http://www.lameduphenix.fr/;;;;;;;;;;Traité
Laffittothérapie;24 Rue Masson 78600 Maisons-Laffitte France;https://laffittotherapie.fr/;;;;;;;;;;Traité
Lady M Gold : Esthéticienne et Onglerie à proximité;10 Rue Marie Durand 30190 La Calmette France;https://institutladymgold.fr/;;;;;;;;;;Traité
Lady Bell;26 Rue du Dr Roux 35150 Janzé France;http://www.ladybell.fr/;;;;;;;;;;Traité
l'adora headspa;5 Bis Rue de la Paix 77500 Chelles France;https://ladora-spa.fr/;;;;;;;;;;Traité
L'Accord Des Sens;10 Rue du Landskron 68330 Huningue France;https://www.laccord-des-sens.fr/;;;;;;;;;;Traité
LaBel Indi;28 Av. de Courpian 47000 Agen France;;;;;;;;;;;
LA VOIE DU ZEN;21 Av. Paul Eluard 13550 Noves France;https://www.massage-la-voie-du-zen.fr/;;;;;;;;;;Traité
La Villa Détente;19 rue du château d'eau 79160 Ardin France;https://www.lavilladetente.fr/;;;;;;;;;;Traité
La Vie en Douce Heure;101 Rue Robert Schuman 59930 La Chapelle-d'Armentières France;https://www.lavieendouceheure.fr/;;;;;;;;;;Traité
La Vallée des Fées;9 Rue du Commerce 25660 Morre France;https://www.lavalleedesfees.com/;;;;;;;;;;Traité
La touche Étoile;123 Rue du Plessis Bouchard 95130 Franconville France;https://latouchetoile.fr/;;;;;;;;;;Traité
La tête ailleurs - Headspa;2 allée des mille sources 95260 Beaumont-sur-Oise France;http://calendly.com/la-tete-ailleurs-headspa;;;;;;;;;;Traité
La sphère de Lyla;14 Rue Albert 1er 30100 Alès France;https://www.bodyminute.com/instituts/ales-3449/?utm_source=gmb;;;;;;;;;;Traité
La Roulotte Mieux Être - Institut de beauté;26 Rue de la Tuilerie 10700 Pouan-les-Vallées France;https://www.la-roulotte-mieuxetre.fr/;;;;;;;;;;Traité
La Rose du Desert;6 Rue des Artisans 74100 Ville-la-Grand France;http://rosedudesert.com/;;;;;;;;;;Traité
LA REINE | MASSAGE EPILATION PARIS 75003 | ONGLERIE PARIS 03;41 R. de Turbigo 75003 Paris France;https://www.cclareine.fr/;;;;;;;;;;Traité
La reina de la beauty;54bis Rue Jean Philippe Canonne 59580 Émerchicourt France;https://www.planity.com/la-reina-de-la-beauty-59580-emerchicourt;;;;;;;;;;Traité
La petite magnolia;24 Rue Saint-Blaise 57660 Grostenquin France;https://lapetitemagnolia.fr/;;;;;;;;;;Traité
La Perle de Beauté;30 Place Louis Le Sénéchal 62250 Marquise France;http://www.laperledebeaute.fr/;;;;;;;;;;Traité
La pause légère;113 Sq. de l'Alouette 79230 Aiffres France;;;;;;;;;;;
La patte de l’ours massage;8 Rte de Verniaz 74200 Margencel France;;;;;;;;;;;
La Parenthèse Massages;4 bis Rue du Ctre 25320 Boussières France;http://www.laparenthese25.fr/;;;;;;;;;;Traité
LA PARENTHESE DETENTE;74 Rue de la Mairie 67117 Furdenheim France;https://www.la-parenthese-detente-67.com/?utm_medium=referral&utm_source=gmb&utm_campaign=lnk-gmb;;;;;;;;;;Traité
La Parenthèse des Sens;45 Ter Cr national 13690 Graveson France;http://laparenthesedessens.fr/contact/;;;;;;;;;;Traité
La Parenthèse de Berthe;3 Rue Camille Claudel 26120 Malissard France;https://laparenthesedeberthe.fr/;;;;;;;;;;Traité
La parenthèse _ Esthétique & Onglerie _ 85230;8 Rue de la Croix Blanche 85230 Beauvoir-sur-Mer France;https://www.planity.com/la-parenthese-85230-beauvoir-sur-mer;;;;;;;;;;Traité
La Memoire De L Eau;Batiment B1 residence la tuilerie Chem. du Maltrait 13112 La Destrousse France;https://www.lamemoiredeleau.net/;;;;;;;;;;Traité
La Marmotte qui Masse;2 Pl. du Bourg Vieux 73630 Le Châtelard France;https://lamarmottequimasse.fr/;;;;;;;;;;Traité
La Maison Massages du Monde;2 chemin de cabrolous 395 Chem. des Romains à côté du Poussan France;https://lamaisonmassagesdumonde.fr/;;;;;;;;;;Traité
La Maison du Tui Na;22 Quai Jean Moulin 69002 Lyon France;http://www.lamaisondutuina.com/;;;;;;;;;;Traité
La Maison du Mieux-Etre;86 bis Rue Aristide Briand 76410 Saint-Aubin-lès-Elbeuf France;https://lamaisondumieuxetre.kalendes.com/;;;;;;;;;;Traité
La Maison du Lotus;130 Av. Joseph Kessel 78960 Voisins-le-Bretonneux France;https://maisondulotus.fr/;;;;;;;;;;Traité
La Maison de la Coquetterie;57 Rue André Teroy 72220 Écommoy France;https://sites.google.com/view/lamaisondelacoquetterie;;;;;;;;;;Traité
La Maison de Beauté - Cilaos;4 Rue d'Anjou 49125 Tiercé France;;;;;;;;;;;
La Maison de Beauté;1 Rue du Four 80500 Rollot France;;;;;;;;;;;
LA MAISON BIOTY - BIOTY AT HOME - institut de beauté Brunoy;10 Grande Rue 91800 Brunoy France;http://www.biotyathome.fr/;;;;;;;;;;Traité
La magie d'élizen;4 Chem. du Terrier Pruvot 02260 La Flamengrie France;;;;;;;;;;;
La fontaine de jouvence;Le Treytin 33112 Saint-Laurent-Médoc France;https://www.planity.com/la-fontaine-de-jouvence-33112-saint-laurent-medoc;;;;;;;;;;Traité
la fée de l'effet;7 Chem. de Faux Vallet 91310 Linas France;;;;;;;;;;;
La fabriK;17 Rue de la Libération 50320 La Haye-Pesnel France;https://www.planity.com/la-fabrik-ex-linstitut-daudrey-50320-la-haye-pesnel;;;;;;;;;;Traité
La Douceur Des Mains massages et soins énergétiques;5 La Garenne 85220 Coëx France;https://ladouceurdesmains.fr/;;;;;;;;;;Traité
La douceur de lau;176 Rue Lucie Aubrac 62217 Beaurains France;https://www.iarabeauty.com/pro/ladouceurdelau;;;;;;;;;;Traité
La Douce Heure;22 Rue du Château 78660 Boinville-le-Gaillard France;https://www.planity.com/la-douceheure-78660-boinville-le-gaillard;;;;;;;;;;Traité
La Coquetterie;30 Chem. de la Fontaine 06530 Le Tignet France;https://www.la-coquetterie.fr/;;;;;;;;;;Traité
La Clinik Beauté by Sharonaé (Institut);765 Rte de Paris 76520 Franqueville-Saint-Pierre France;https://laclinikbeaute.fr/;;;;;;;;;;Traité
La Clef Beauté - Institut de Beauté - Clef Vallée d’Eure;Rue du Manoir Face 4 27490 Clef Vallée d'Eure France;https://www.planity.com/la-clef-beaute-institut-27490-clef-vallee-deure;;;;;;;;;;Traité
La Chimère Institut;511 Les Esclaveoux 83470 Seillons-Source-d'Argens France;https://www.lachimereinstitut.fr/;;;;;;;;;;Traité
La Cabane du Mieux-Être;2190 Rte des Grottes 74210 Faverges-Seythenex France;https://www.lacabanedumieuxetre.com/;;;;;;;;;;Traité
La Cabane Beauté;24 Rte des Bruyères 62219 Longuenesse France;https://www.planity.com/la-cabane-beaute-62219-longuenesse;;;;;;;;;;Traité
La Bulle Enchantée;7 Pl. de l'Horloge 19210 Lubersac France;https://www.planity.com/marion-coiffure-19210-lubersac?fbclid=IwdGRjcAPzAgpleHRuA2FlbQIxMQBzcnRjBmFwcF9pZAwzNTA2ODU1MzE3MjgAAR6L7OY93rZbRRE2Hbmt7TecKUvpO6te67aDrGfHW54SU2mWSfyemT4DIq4cew_aem_4n4J8x1U4iuSyrv-pRipKQ;;;;;;;;;;Traité
La bulle du Temps;11 Av. Arthur Mullot 11000 Carcassonne France;http://www.bulledutemps.com/;;;;;;;;;;Traité
La Bulle D'O2 - Épernon;7 - 9 Rue Bourgeoise 28230 Épernon France;https://www.labulledo2.fr/;;;;;;;;;;Traité
La Bulle de Lili;36 Bd Jean Moulin 83780 Flayosc France;http://www.labulledelili.fr/;;;;;;;;;;Traité
La Bulle;32 Rue du 26 Novembre 1944 57730 Folschviller France;https://www.labulle-massages.com/;;;;;;;;;;Traité
LA BERGERIE;19 Chem. de la Bergerie 30820 Caveirac France;https://www.labergerie-massages.fr/;;;;;;;;;;Traité
La Beauté au natur'elle;3 Pl. du Colombier 91490 Milly-la-Forêt France;http://beautenaturelle91.com/;;;;;;;;;;Traité
L’institut Vanessa;17 Rue du Pâquis 54800 Abbéville-lès-Conflans France;;;;;;;;;;;
L’institut du canal;35 Rue Etienne Marcel 93500 Pantin France;https://institutducanal.fr/;;;;;;;;;;Traité
L’institut de Lucy (Lu’cils);1 Rue du Pis Aller 27600 Fontaine-Bellenger France;https://www.planity.com/linstitut-de-lucy-et-eliz-beauty-27600-fontaine-bellenger;;;;;;;;;;Traité
L’institut de Caroline;83 Bis Rue Marcel Lancino 62153 Ablain-Saint-Nazaire France;;;;;;;;;;;
L’INSTITUT By Aya - Livry-Gargan;68 Av. Jean Jacques Rousseau 93190 Livry-Gargan France;https://www.planity.com/linstitut-by-aya-93190-livry-gargan;;;;;;;;;;Traité
L’instant précieux by gwen;22 Cité des Écoles 02000 Chivy-lès-Étouvelles France;https://www.instagram.com/linstantprecieuxbygwen?igsh=M2h3cTdnNTl2dGxy&utm_source=qr;;;;;;;;;;Traité
L’harmonie des sens;21 Bd Gambetta 02700 Tergnier France;https://www.planity.com/lharmonie-des-sens-02700-tergnier;;;;;;;;;;Traité
L’Escapade – Massages sur-mesure, drainage & kobido à La Motte-Servolex près de Chambéry;75 Rue de la Petite Eau 73290 La Motte-Servolex France;https://www.planity.com/maison-mysa-manon-varcin-73290-la-motte-servolex;;;;;;;;;;Traité
L’Enchanteuse;16 Rue d'Alzing 57320 Bouzonville France;http://www.lenchanteuse.fr/;;;;;;;;;;Traité
L’Eden de Camila by Yasmina;14bis Rue de la Gare 60250 Mouy France;https://www.ledendecamila.com/;;;;;;;;;;Traité
L’Atelier De Mathilde;Chem. aux Bœufs 78121 Crespières France;https://app.kiute.com/l_atelier-de-mathilde/home;;;;;;;;;;Traité
L’atelier beauté by Clara;3 Pl. de la Voile 56390 Locmaria-Grand-Champ France;https://www.planity.com/t/E2Cn;;;;;;;;;;Traité
L’arbre de Vie - Massage & Yoga;8 Rossignier 25570 Grand'Combe-Châteleu France;https://larbre2vie.com/;;;;;;;;;;Traité
L.Esthetique;3 Rue Nicolas Ledoux 78280 Guyancourt France;http://lesthetique.mytreatwell.fr/;;;;;;;;;;Traité
L Respire Zen;route Zoo de Beauval Tavenay lieu dit 41110 Châteauvieux France;https://lrespirezen.fr/;;;;;;;;;;Traité
L Institut Des Bains;2 Rue Carnot 33130 Bègles France;;;;;;;;;;;
L' institut d'Anse - Institut de beauté;714 Rte de Lyon 69480 Anse France;https://institut-anse.fr/;;;;;;;;;;Traité
L' Institut;3 Rue Maréchal Foch 57185 Clouange France;https://www.planity.com/linstitut-57185-clouange;;;;;;;;;;Traité
L Instant Beaute;10 Rue Victor Hugo 77450 Esbly France;https://lsrdv.com/linstantbeaute77;;;;;;;;;;Traité
L Ile de Beaute;11 Av. du Général Leclerc 45420 Bonny-sur-Loire France;https://www.beaute-bonny-loire.com/;;;;;;;;;;Traité
L' Autre Beauté;18 Bd Noël Marc 78570 Andrésy France;http://www.lautrebeaute.com/;;;;;;;;;;Traité
L' Atelier des sens pontrieux;ZA du port 32 Rue du Chemin Vert 22260 Pontrieux France;https://www.atelierdessens-pontrieux.fr/;;;;;;;;;;Traité
L' Atelier des Sens;2 Rue des lavandières 85500 Saint-Paul-en-Pareds France;http://www.institut-latelierdessens.fr/;;;;;;;;;;Traité
L' ATELIER DES P'TITS SOINS;9 Rue de l'Abbe Verger 44530 Guenrouet France;https://www.planity.com/latelier-des-ptits-soins-guenrouet-44530;;;;;;;;;;Traité
L' Atelier Beauté GUICHEN;12 Bd Victor Edet 35580 Guichen France;https://www.latelierbeaute35.com/;;;;;;;;;;Traité
L' Art du Massage ( uniquement sur RDV);Le Pont Rte de Laval 72300 Sablé-sur-Sarthe France;https://massagebienetrepro.wixsite.com/massage-bien--tre-pr;;;;;;;;;;Traité
L' Appart De Linaya;5 Rue Jacques Cartier 56450 Theix-Noyalo France;http://www.lappartdelinaya.com/;;;;;;;;;;Traité
L & COCO;17 Chem. de Roty 69380 Lissieu France;;;;;;;;;;;
Kor-zen by Patrick,;10 Rue de Roglazou 22970 Ploumagoar France;https://korzen.experience-beaute.com/;;;;;;;;;;Traité
Kommaly Massage;745 Av. Youri Gagarine 30100 Alès France;https://www.facebook.com/profile.php?id=61554159434720;;;;;;;;;;Traité
Kobido des cîmes;2 place de la saint jean 73260 Grand-Aigueblanche France;https://www.kobidodescimes.fr/;;;;;;;;;;Traité
Kim-ly Beauty;9 Rue de la Haute-Valois 69700 Millery France;;;;;;;;;;;
KIM BEAUTE;21 Rue Charles de Gaulle 68130 Altkirch France;;;;;;;;;;;
Kellydoux;23 Rue d'Alençon 61000 Saint-Germain-du-Corbéis France;https://www.planity.com/salon-kelly-doux-61000-saint-germain-du-corbeis?fbclid=IwVERDUAR0cz5leHRuA2FlbQIxMABzcnRjBmFwcF9pZAo2NjI4NTY4Mzc5AAEe1kksdhA3NtVNAMfRHdhslSxmKtGpqaWUoMWOAmIwtJNghxlPwpp5EOYIchQ_aem_6IBx482gZb9_JGa-nu5SLw;;;;;;;;;;Traité
Keiko Massage | institut à Cenon et à domicile en Gironde;13 Rue Harmens Rembrandt 33150 Cenon France;http://www.keikomassage.fr/;;;;;;;;;;Traité
kechnaya d'orient;16 Cr des Lavandières 93400 Saint-Ouen-sur-Seine France;;;;;;;;;;;
Katnai institutspa;9 Rue Louis Blanc 95260 Beaumont-sur-Oise France;https://www.planity.com/katnai-institutspa-95260-beaumont-sur-oise;;;;;;;;;;Traité
Karima El Tahery;8 Pl. de l'Hôtel de ville 60600 Clermont France;https://karimaeltahery.wixsite.com/monsite;;;;;;;;;;Traité
Kannika massage;6 Rue de la République 83210 Solliès-Toucas France;https://www.planity.com/kannika-massage-83210-sollies-toucas;;;;;;;;;;Traité
Kaline Beleza;136 Rue du Bac 59193 Erquinghem-Lys France;https://kaline-beleza.fr/;;;;;;;;;;Traité
Kairos Massage;2 Imp. Amans 34170 Castelnau-le-Lez France;https://www.kairos-massage.fr/?utm_source=gmb;;;;;;;;;;Traité
KA beauty and sculpt - Clamart;2 Rue de Châtillon 92140 Clamart France;http://www.thekabeauty.com/;;;;;;;;;;Traité
Justine esthetique;4 Rue du Collège 01130 Nantua France;https://sites.google.com/view/justineesthetique/accueil;;;;;;;;;;Traité
Juste une douc'heure;29 Pl. de la République 17290 Aigrefeuille-d'Aunis France;http://planity.com/;;;;;;;;;;Traité
Joyce's Home & Care - Cabinet de massage;16 Rue d'Artois 57700 Hayange France;https://joyceshomecare.com/;;;;;;;;;;Traité
JOY&CO Cil;13 Rue du Couvent 31410 Longages France;http://www.joyandcocil.fr/;;;;;;;;;;Traité
Jolies Momes;7 Rue Travot 49300 Cholet France;;;;;;;;;;;
JiXiang Beauté Coulommiers;9 Bis Rue du Général Leclerc 77120 Coulommiers France;;;;;;;;;;;
Jiu Hong Massage;24 Rue du Four 91240 Saint-Michel-sur-Orge France;;;;;;;;;;;
Jia Jia Massage;24 Rue du Faubourg 77260 La Ferté-sous-Jouarre France;;;;;;;;;;;
J'esthetic Institut de Beauté;9 Rue Jeu de Ballon 34190 Ganges France;https://www.jesthetic.fr/;;;;;;;;;;Traité
Jérémie Centre de Beauté Louviers;8 Rue du Matrey 27400 Louviers France;http://www.jeremie-esthetique.com/;;;;;;;;;;Traité
J'épile ou face;18 Rue de Verdun 24300 Nontron France;https://www.facebook.com/share/1P2XbonLUE/;;;;;;;;;;Traité
Jeanne Massothérapie en Cévennes;27 Rue Biron 34190 Ganges France;;;;;;;;;;;
Jeanahé;17 Rue Maurice Bouchery 59113 Seclin France;http://www.jeanahe.fr/;;;;;;;;;;Traité
Jatamansi Ayurveda;9 Pl. du Minage 85400 Luçon France;;;;;;;;;;;
Jardins D'Olivier - Irrigation du Côlon - Jeûne - Massages;21 Rue des Vosges 70200 Malbouhans France;https://www.olivier-renaud.com/;;;;;;;;;;Traité
Jardin Secret - Esthétique;246 Rue Auguste Potié 59320 Haubourdin France;https://www.jardinsecret-haubourdin.fr/;;;;;;;;;;Traité
Jardin d'O;62 Gd Rue de la Coupée 71850 Charnay-lès-Mâcon France;http://www.jardindo.fr/;;;;;;;;;;Traité
JARDIN DES SENS - Massages - EI;784 Rte de Bellecombe 38880 Autrans-Méaudre en Vercors France;https://www.jardindsens.fr/;;;;;;;;;;Traité
Jardin de détente;47 Av. de Gramont 03200 Vichy France;https://lejardindedetente.com/;;;;;;;;;;Traité
J'adore beauté indienne;12 Av. Charles de Gaulle 91380 Chilly-Mazarin France;http://fb.me/jadorebeauteindienne;;;;;;;;;;Traité
Jade Centre de Beauté;10 Rue de Cernay 68210 Dannemarie France;https://www.planity.com/institut-jade-68210-dannemarie;;;;;;;;;;Traité
J’peux pas j'ai massage;3 Côte du Monastère 12000 Rodez France;;;;;;;;;;;
Isalyne;Institut Isalyne 8 Rue de la Libération 56350 Allaire France;https://sites.google.com/view/institut-isalyne/accueil;;;;;;;;;;Traité
Irisroyal;derrière la boulangerie 3 Imp. des Chasses Marées 95610 Éragny France;;;;;;;;;;;
Intitut Natur'Elle et Lui;34 Rue de Brioux 79230 Prahecq France;https://www.natur-elle-et-lui-79.com/;;;;;;;;;;Traité
Intemporelle;54 Rte de Cahors 46090 Arcambal France;https://www.planity.com/intemporelle-46090-arcambal;;;;;;;;;;Traité
INSTITUT YSAE;35 Av. de l'Isle 24420 Sarliac-sur-l'Isle France;http://www.ysae-institut-beaute.fr/;;;;;;;;;;Traité
Institut Valérie;1 Rue Mal Joffre 66200 Alénya France;;;;;;;;;;;
Institut U'Vénus;18 Bd de l'Europe 02300 Chauny France;https://www.institut-u-venus.com/;;;;;;;;;;Traité
Institut Une parenthèse;58 Rue Aristide Briand 27120 Ménilles France;http://www.uneparenthese-menilles.fr/;;;;;;;;;;Traité
Institut Terre de Beauté - St Etienne de Montluc;19 Rue Amaury d'Acigné 44360 Saint-Étienne-de-Montluc France;http://www.terre-de-beaute.com/;;;;;;;;;;Traité
Institut Terre De Beauté - Couëron;65 Bd des Martyrs de la Resistance 44220 Couëron France;http://www.terre-de-beaute.com/;;;;;;;;;;Traité
Institut Temae;route de l’école de crucetta résidence l’alivetu 20290 Lucciana France;http://institut-temae.booksy.com/;;;;;;;;;;Traité
Institut Tania Dufourmentel;1 Rue des fauvettes 64800 Baudreix France;http://www.taniadufourmentel.com/;;;;;;;;;;Traité
INSTITUT SWANY'S;2 Rue Marcel Pagnol 85400 Luçon France;http://www.institut-swanys.fr/;;;;;;;;;;Traité
Institut Soins Douceur;3 bis Pl. Verdon 85660 Saint-Philbert-de-Bouaine France;https://www.planity.com/institut-soins-douceur-85660-saint-philbert-de-bouaine?utm_source=gmb;;;;;;;;;;Traité
Institut So Beauty;3 Rue Pasteur 78270 Bonnières-sur-Seine France;https://www.institut-bonnieres.marycohr.com/;;;;;;;;;;Traité
Institut Simone Mahler;12 Rue Dr Robert 21400 Châtillon-sur-Seine France;http://www.institut-mahler-chatillon.com/;;;;;;;;;;Traité
Institut Serenity;Rue des Postes 51510 Fagnières France;;;;;;;;;;;
Institut Sérénité / Oloron-Sainte-Marie;16 Pl. Georges Clemenceau 64400 Oloron-Sainte-Marie France;https://kuryenet.co/institut-serenite-oloron-sainte-marie-2/;;;;;;;;;;Traité
INSTITUT SERENITE;4 Rue de Pommard 21800 Chevigny-Saint-Sauveur France;http://www.institutserenite.fr/;;;;;;;;;;Traité
Institut Secret Détente Hammam Sauna Lumiere Pulsee;10 Rue Jean Doucet 16470 Saint-Michel France;http://www.institut-secretdetente-16.com/;;;;;;;;;;Traité
Institut San Martin | Institut de beauté à Marolles-en-brie;4 Pl. des Quatre Saisons 94440 Marolles-en-Brie France;https://www.kalendes.com/site/institutsanmartin/welcome;;;;;;;;;;Traité
Institut Sable Et Bambou;24 Rue Emile Salaün 29460 Hôpital-Camfrout France;https://www.facebook.com/sableetbambou/;;;;;;;;;;Traité
Institut Rituel Beauté;Rue Valentine Bussière 24420 Antonne-et-Trigonant France;https://institut-rituel-beaute.com/;;;;;;;;;;Traité
Institut Rituel;5 Rue de la Libération 56410 Étel France;https://www.planity.com/rituel-56410-etel;;;;;;;;;;Traité
Institut Récreation Beauté Pamiers;26 Rue de la République 09100 Pamiers France;http://www.recreationbeaute.fr/;;;;;;;;;;Traité
Institut Quintessence;20 Rue Victor Hugo 33230 Coutras France;;;;;;;;;;;
Institut Quick Epil' Altkirch;6 a Rte de Thann 68130 Altkirch France;https://quickepil.net/instituts/institut-quick-epil-altkirch/;;;;;;;;;;Traité
Institut Pretty Beauty;97 Rue de la République 76320 Caudebec-lès-Elbeuf France;https://www.planity.com/institut-pretty-beauty-76320-caudebec-les-elbeuf;;;;;;;;;;Traité
Institut Prestige - Fronton;24 Rue de la République 31620 Fronton France;https://www.institut-prestige.fr/;;;;;;;;;;Traité
Institut Plaisirs & Soins;11 Rue de la Victoire 56740 Locmariaquer France;https://www.kalendes.com/site/plaisiretsoins/reserve;;;;;;;;;;Traité
Institut Phyt's Caillac;Laboratoires Phyt's La Bouygue 46140 Caillac France;https://www.institutphytscaillac.fr/;;;;;;;;;;Traité
Institut Perle d'O Chatillon-sur-Seine;12 Rue Dr Robert 21400 Châtillon-sur-Seine France;https://www.institut-perledo.fr/;;;;;;;;;;Traité
Institut Peau de Pêche;6 Rue du 11 Novembre 1918 69550 Amplepuis France;;;;;;;;;;;
Institut Pause Detente;76 Av. de Flandre 60190 Estrées-Saint-Denis France;http://institut-pausedetente.fr/;;;;;;;;;;Traité
Institut Parfumerie Nathalie;3 Rue Daniel Lereuil 62140 Hesdin-la-Forêt France;http://www.institut-beaute-parfumerie.fr/;;;;;;;;;;Traité
Institut Ornella;11 Av. Charles de Gaulle 12700 Capdenac-Gare France;https://institutornella.fr/;;;;;;;;;;Traité
Institut Õderma;13 Rue du Dr Lionnet 15100 Saint-Flour France;https://www.institut-saintflour.marycohr.com/;;;;;;;;;;Traité
Institut Océanides;7 Rue de l'Église 29730 Guilvinec France;https://www.planity.com/institut-oceanides-29730-guilvinec;;;;;;;;;;Traité
Institut O'Blue;10 Pl. Marengo 16000 Angoulême France;https://www.institut-oblue.fr/;;;;;;;;;;Traité
Institut Nymphea;16 Rte de Cholet 49610 Mûrs-Erigné France;https://www.institut-nymphea-murs-erigne.fr/;;;;;;;;;;Traité
Institut Nissa Beauty;10 Av. des Écoles 91600 Savigny-sur-Orge France;https://www.treatwell.fr/salon/nissa-beauty/;;;;;;;;;;Traité
Institut Ness;Zac de l’arndène Rue du Moulin d'Aure 30210 Remoulins France;http://www.institutness.fr/;;;;;;;;;;Traité
INSTITUT NATUREVA;39 bis Bd Paul Barre 78580 Maule France;;;;;;;;;;;
Institut Natur'Elle et Lui;247 Grand'rue 79410 Échiré France;https://fr-fr.facebook.com/pages/category/Beauty-Salon/Institut-NaturElle-et-Lui-399569273838923/;;;;;;;;;;Traité
Institut Natur'elle;9 Rue du Four 52290 Éclaron-Braucourt-Sainte-Livière France;;;;;;;;;;;
Institut Naturel;7 Rue Etienne Cassard 44690 La Haie-Fouassière France;https://www.planity.com/institut-naturel-44690-la-haie-fouassiere-yqz;;;;;;;;;;Traité
Institut Nature'Elle Beauté;4 Rue du Dr Lombard 24120 Terrasson-Lavilledieu France;http://natureellebeaute.fr/;;;;;;;;;;Traité
institut nature et soins;12 Rue Abbé Louis Chevallier 72300 Précigné France;https://www.planity.com/nature-soins-72300-precigne;;;;;;;;;;Traité
Institut Nature et Sens;Rue du Port 71340 Iguerande France;;;;;;;;;;;
Institut Nature et Beauté;9 Rue Châteaubriand 35270 Combourg France;https://www.planity.com/nature-et-beaute-35270-combourg;;;;;;;;;;Traité
INSTITUT NATURAL BEAUTY AUBERVILLIERS;16 Rue Charron 93300 Aubervilliers France;https://www.planity.com/natural-beauty-93300-aubervilliers;;;;;;;;;;Traité
Institut Namaste LPG Endermologie;1 Pl. du Réveil Matin 77176 Savigny-le-Temple France;;;;;;;;;;;
Institut Nadine Centre Parastar;323 Rte des Alpes 38550 Cheyssieu France;http://www.mincir-parastar.com/;;;;;;;;;;Traité
Institut Miléo beauté;Galerie carrefour Market ZAC de Julhiat 63260 Aigueperse France;https://app.flexybeauty.com/mileo-beaute/home;;;;;;;;;;Traité
Institut Mélusine Beauté;5 Rue Babinet 86600 Lusignan France;https://www.institut-beaute-melusine.fr/;;;;;;;;;;Traité
Institut Matissa;3 All. André Malraux 87240 Ambazac France;;;;;;;;;;;
Institut Maryssa;122 Rue Jean Jaurès 63700 Saint-Éloy-les-Mines France;https://www.institut-maryssa.fr/;;;;;;;;;;Traité
Institut Mary Beauté;2357 Av. des Landes 47310 Sérignac-sur-Garonne France;http://mary-beaute.fr/;;;;;;;;;;Traité
Institut Marie-Jose;3 Rue du Maréchal Leclerc 89800 Chablis France;https://www.institut-chablis.marycohr.com/;;;;;;;;;;Traité
Institut Manelis;1 Cr Alsace-et-Lorraine 47190 Aiguillon France;http://www.institut-aline.com/;;;;;;;;;;Traité
Institut Mana'o Paris;2 Rue de Strasbourg 92700 Colombes France;https://www.manaoparis.net/;;;;;;;;;;Traité
Institut Maison Les Pierres Dorées | Expert de la peau | Facialiste | Laser | électrolyse | Soins performants;12 La Ruelle 69480 Lucenay France;http://www.maisonlespierresdorees.fr/;;;;;;;;;;Traité
INSTITUT MAHLER - ANICHE;9 Rue Jean Jaurès 59580 Aniche France;https://institut.simonemahler.com/14-institut-mahler-aniche?utm_source=gmb;;;;;;;;;;Traité
Institut Mahana - Ingrid Beauté agréé YON-KA;52 Rue du Général de Gaulle 33290 Parempuyre France;https://mahana-institutbeaute.fr/;;;;;;;;;;Traité
Institut M la beauté;Entrée coter parking 12 rue du pacifique Institut situé à proximité du lycée Galilée Franqueville saint pierre 76240 Belbeuf France;https://www.planity.com/institut-m-la-beaute-76000-rouen;;;;;;;;;;Traité
Institut Lysa Joo - Soins Guinot;Zone Commerciale Intermarché Quartier Mivoie route de Crest 26400 Aouste-sur-Sye France;https://www.institut-aoustesursye.guinot.com/;;;;;;;;;;Traité
Institut Lyacile;2 Pl. de l'Ancienne Mairie 78690 Les Essarts-le-Roi France;http://www.institutlyacile.com/;;;;;;;;;;Traité
institut lunae;15 bis Rue du Maréchal Gallieni 95690 Nesles-la-Vallée France;https://www.institutlunae.com/;;;;;;;;;;Traité
Institut Lumière des Sens;Av. de Cocagne 31560 Nailloux France;http://www.lumieredessens.fr/coordonees.html;;;;;;;;;;Traité
Institut l'Instant d'Evasion??;1537 Chem. de Foumezous 82370 Corbarieu France;https://www.planity.com/linstant-devasion-82370-corbarieu;;;;;;;;;;Traité
Institut l'Essentiel;10 Cr Sadi Carnot 82240 Septfonds France;https://lessentiel82.kalendes.com/;;;;;;;;;;Traité
Institut l'escale Beauté;1 Quai de la Libération 13230 Port-Saint-Louis-du-Rhône France;;;;;;;;;;;
Institut Léa Beauté;19 bis Rte de Béthune 62160 Aix-Noulette France;;;;;;;;;;;
Institut Le Temps d'une pause...;1 Pl. de la Mairie 44830 Brains France;http://www.institutletempsdunepause.com/;;;;;;;;;;Traité
Institut le jardin de Flore;220 Rue du Lombezis 32220 Lombez France;http://institut-lejardindeflore.fr/;;;;;;;;;;Traité
Institut le Chalet des Anges;38 Rue de Chausey 50660 Tourneville-sur-Mer France;https://www.planity.com/institut-chrysmarine-50660-lingreville;;;;;;;;;;Traité
Institut Laurie Beauté;3 Rue des Violettes 85260 La Copechagnière France;https://app.flexybeauty.com/institut-laurie-beaute;;;;;;;;;;Traité
Institut Lalibellule;623 Av. Léon Blum 01500 Ambérieu-en-Bugey France;http://www.institut-lalibellule.com/;;;;;;;;;;Traité
Institut la Vie en Rose;275 Grande Rue 73260 Grand-Aigueblanche France;https://manonvercellino.wixsite.com/my-site-1;;;;;;;;;;Traité
Institut La parenthèse;39 Av. de Lauzon 79200 Pompaire France;;;;;;;;;;;
Institut la Maison de la Beauté;18 Rue Eugène PETIT 25230 Seloncourt France;https://www.institut-maison-delabeaute.fr/;;;;;;;;;;Traité
Institut la Maison Bleue;21 Rue du Moulin 62128 Croisilles France;;;;;;;;;;;
Institut L Ile de Beaute;22 Rue du Clos du Chat 18230 Saint-Doulchard France;https://institutiledebeaute.fr/;;;;;;;;;;Traité
Institut Katy Esthétique;25 Av. Costa de Beauregard 73290 La Motte-Servolex France;https://www.institut-lamotteservolex.guinot.com/;;;;;;;;;;Traité
Institut Kalithéa | Institut de beauté et laser Sucy-en-brie (94) | Soins visage et corps;3 Rue Jean Moulin 94370 Sucy-en-Brie France;https://kalithea.fr/;;;;;;;;;;Traité
Institut Kalistane;24 Rue des Lombards 60200 Compiègne France;https://www.kalistane.com/;;;;;;;;;;Traité
Institut Isis;7 Av. de Versailles 14230 Isigny-sur-Mer France;;;;;;;;;;;
Institut Iris Beauté;5 All. Charles de Gaulle 47190 Aiguillon France;;;;;;;;;;;
Institut IntemporELLE;12 Rue de la Garelière 44830 Bouaye France;https://intemporelle-bouaye.fr/;;;;;;;;;;Traité
institut idéal'ine;Pl. de la Mairie 71680 Crêches-sur-Saône France;https://www.institutidealine.fr/;;;;;;;;;;Traité
Institut Harmony;3 Rue des Déportés 35310 Mordelles France;https://www.facebook.com/ida.institut/;;;;;;;;;;Traité
Institut Harmonie;20 Rue de la Liberté 71130 Gueugnon France;https://www.facebook.com/pg/Institut-Harmonie-339586909492041;;;;;;;;;;Traité
Institut Hammam Natur'elle Bioty;21 Rue des Viviers Entrée Rue Duthuard 45390 Puiseaux France;https://www.institut-naturelle-bioty.fr/;;;;;;;;;;Traité
Institut Guinot;Centre Commercial Leclerc 1 Rue de Kerlebert 56530 Quéven France;https://www.institut-queven.guinot.com/;;;;;;;;;;Traité
Institut Gloriana - Massage Kobido;138 Rue de Genève 74240 Gaillard France;http://www.institut-gloriana.com/;;;;;;;;;;Traité
Institut Froon;Le 5 Rue Saint-Vincent 44330 Le Pallet France;http://www.institut-froon.com/;;;;;;;;;;Traité
Institut Frimouss;Av. de la Cloutière Galerie Marchande La Cloutière 37600 Perrusson France;https://www.institut-perrusson.guinot.com/;;;;;;;;;;Traité
INSTITUT FORME ET BEAUTE;37 Av. Paul Bigeon 53230 Cossé-le-Vivien France;http://formeetbeaute.fr/;;;;;;;;;;Traité
Institut Florence Beauté;20 Av. du Président Vincent Auriol 87350 Panazol France;;;;;;;;;;;
Institut Flocon de neige;7 Rue des Muletiers 13100 Aix-en-Provence France;http://www.institutflocondeneige.com/;;;;;;;;;;Traité
Institut Fée moi Belle... Beau...;8 Rue Maréchal Joffre 54260 Longuyon France;;;;;;;;;;;
Institut Eveil et Sens;38 bis Rue Saint-Martin 49600 Beaupréau-en-Mauges France;http://www.instituteveiletsens.com/?utm_source=gmb;;;;;;;;;;Traité
Institut Etoile des Sens;22 Bd du S 85470 Bretignolles-sur-Mer France;https://www.institut-bretignollessurmer.guinot.com/;;;;;;;;;;Traité
Institut Etoile Des Neiges;101 Rue du Bourg 74110 Morzine France;https://www.kalendes.com/site/etoile/welcome;;;;;;;;;;Traité
Institut Esthética Malvrine;13 Rue de L Hôtel Dieu 10400 Nogent-sur-Seine France;https://www.institut-nogentsurseine.guinot.com/;;;;;;;;;;Traité
Institut Esprit de Femme;16 Rue de la République 69250 Neuville-sur-Saône France;https://www.institut-neuvillesursaone.guinot.com/;;;;;;;;;;Traité
Institut Escale nature;2 Av. de Bordeaux 86530 Naintré France;http://www.planity.com/escale-nature-86530-naintre;;;;;;;;;;Traité
Institut En Corps Plus Belle;6 Pl. du Castellas 30540 Milhaud France;https://www.institut-milhaud.guinot.com/;;;;;;;;;;Traité
Institut Elizen;8 Rue des Genêts 85800 Givrand France;http://www.institut-beaute-elizen.fr/;;;;;;;;;;Traité
Institut Éclat des Sens;Zone de 56140 Saint-Marcel France;http://eclatdessens.com/;;;;;;;;;;Traité
Institut Échappée Belle;13 All. des Coquelicots 59126 Linselles France;https://www.planity.com/echappee-belle-59126-linselles;;;;;;;;;;Traité
Institut Douce et Zen;27 Rue Joachim du Bellay 49270 Orée d'Anjou France;http://www.institut-douceetzen.fr/;;;;;;;;;;Traité
Institut Détente & Beauty;9 Rue du Marché 32260 Seissan France;http://detenteandbeauty.fr/;;;;;;;;;;Traité
Institut des Portes de l'Eau;Pl. de la Prte de l'Eau 27400 Louviers France;https://institutdesportesdeleau.fr/;;;;;;;;;;Traité
Institut des Alpilles;9 Lot. l'Espigau 13890 Mouriès France;https://www.planity.com/institut-des-alpilles-13890-mouries;;;;;;;;;;Traité
Institut Délicat;1bis Rue Ancienne Prte de Balan 08200 Sedan France;https://institut-delicat.fr/;;;;;;;;;;Traité
Institut de soin du visage Limoges Simone Moulai Depuis 1995 Épilation définitive Institut massage Institut minceur Limoges;13 Boulevard Georges Périn 87000 Limoges France;http://www.spa-limoges.com/;;;;;;;;;;Traité
institut de massage Kalaya;8 ter Rue Pasteur 91460 Marcoussis France;http://www.kalaya-massage.com/;;;;;;;;;;Traité
Institut de Léna;753 Rte de Paris 60600 Breuil-le-Vert France;https://www.planity.com/l-institut-de-lena-60600-breuil-le-vert;;;;;;;;;;Traité
Institut de la Villa Romaine;38 Rue de la Collégiale 44190 Clisson France;https://www.institut.clisson.marycohr.com/;;;;;;;;;;Traité
Institut de beauté, massage, ChillAum;141 Av. de la Côté d'Argent 40170 Lit-et-Mixe France;http://www.chillaum.fr/;;;;;;;;;;Traité
Institut De Beaute Utopia;16 Pl. de la Promenade 31350 Boulogne-sur-Gesse France;http://www.institut-utopia.fr/;;;;;;;;;;Traité
Institut De Beauté Sylvie;976 Rue du Petit Fief 79230 Aiffres France;https://institutbeaute-sylvie79.fr/;;;;;;;;;;Traité
Institut de Beauté Stéphanie;4 Rue Dr Jules Cordier 03210 Souvigny France;https://www.planity.com/institut-de-beaute-stephanie-03210-souvigny;;;;;;;;;;Traité
INSTITUT DE BEAUTE SOLEIL ET LUNE;196 Rte de Bourgogne 71580 Beaurepaire-en-Bresse France;https://www.kalendes.com/institutdebeautesoleiletlune/?fbclid=IwAR1RPnWfM4nIYhcG0hI-iXxil4szMHCNZMMXuEVGYvA2vUULioewTlW1kC4#/welcome;;;;;;;;;;Traité
Institut de beauté SEA ZEN;4 Rue de la Fontaine 56950 Crach France;https://www.planity.com/institut-sea-zen-56950-crach;;;;;;;;;;Traité
Institut de beauté Sceaux Bodyminute;182 Rue Houdan 92330 Sceaux France;https://www.bodyminute.com/instituts/sceaux-3512/?utm_source=gmb;;;;;;;;;;Traité
Institut de beauté Saint-Mard Bodyminute;ZAC de la Fontaine du Berger Cellule B09 77230 Saint-Mard France;;;;;;;;;;;
Institut de beauté Romainville Bodyminute / Nailminute;3 All. du Belvédère 93230 Romainville France;https://www.bodyminute.com/instituts/romainville-3752/?utm_source=gmb;;;;;;;;;;Traité
Institut de beauté Quincy-Sous-Sénart Bodyminute;Parking centre commercial Val D'Yerres Résidence Val Sénart 21 Rue des 2 Communes 91480 Quincy-sous-Sénart France;https://www.bodyminute.com/instituts/quincy-sous-senart-3393/?utm_source=gmb;;;;;;;;;;Traité
Institut De Beauté Plénitude;6 Rue du 2E Cuirassiers 68130 Altkirch France;;;;;;;;;;;
Institut de Beauté Peau d'Anne;311 Av. nationale 72230 Arnage France;http://www.institutdebeautepeaudanne-72.com/;;;;;;;;;;Traité
Institut de beauté Pavo Real;2 Bd Gambetta 30390 Aramon France;https://www.institutpavoreal.fr/;;;;;;;;;;Traité
Institut De Beauté Océane;17 A Rue de la Cave 79300 Bressuire France;http://www.institut-beaute-oceane-79.fr/?utm_source=gmb;;;;;;;;;;Traité
Institut de beauté Nephtys;5 Pl. Roger Salengro 25300 Pontarlier France;https://www.hammam-nephtys.fr/;;;;;;;;;;Traité
Institut de beauté Néolia;14 Bis Rue Saubotte 33540 Sauveterre-de-Guyenne France;https://institut-neolia-73.webselfsite.net/;;;;;;;;;;Traité
Institut de beauté naturelle Beauty Terr'Happy soins visage bio épilations massage bronzage spraytan bio;63 Imp. de l'Opaline 34160 Saint-Drézéry France;http://www.beautyterrhappy.com/;;;;;;;;;;Traité
Institut de beauté Naturea;4 Pl. des allées 64120 Saint-Palais France;http://www.naturea64.fr/;;;;;;;;;;Traité
Institut de Beauté Natur' Elle;La 1 Rue du Puits 27750 La Couture-Boussey France;;;;;;;;;;;
Institut de Beauté Nathalie;32 Mnt de la Calade 84320 Entraigues-sur-la-Sorgue France;http://nathalie-spa.fr/;;;;;;;;;;Traité
Institut de beauté Monette;7 Rue de la République 83670 Barjols France;http://institut-monette.com/;;;;;;;;;;Traité
Institut de Beauté Merveilleuse | Centre de formation beauté nouvelle génération Thourotte;6 Rue Amour Baillon 60150 Thourotte France;;;;;;;;;;;
Institut de beauté Mary Cohr;9 All. du Dr Subert 58000 Nevers France;https://www.institut-nevers.marycohr.com/;;;;;;;;;;Traité
Institut de beauté Marion;33 Place Antoine Déroche 42155 Pouilly-les-Nonains France;https://reservationbeaute.fr/institutdebeautemarion/institut-de-beaute-detente-soin-visage-phyt-s-epiloderm-soin-visage-massage-corps-epilation-pouilly-les-nonains-42155-massage-autour-du-monde-kobido-stretch-tao;;;;;;;;;;Traité
Institut de Beauté Marina - agréé Yon-Ka;14 Pl. de la Mairie 18110 Saint-Martin-d'Auxigny France;http://www.yonka.com/;;;;;;;;;;Traité
Institut de beauté Lormont Bodyminute;Centre Commercial des 4 Pavillons 33310 Lormont France;https://www.bodyminute.com/instituts/lormont-3475/?utm_source=gmb;;;;;;;;;;Traité
Institut de Beauté L'Oasis;8 Rue Saint-Lazare 76390 Aumale France;https://rdvenligne.dylentab.fr/institut/institut-de-beaute-l-oasis-76390-aumale-33235946310;;;;;;;;;;Traité
Institut de beauté LES OCEADES Sargé-les-Le-Mans;ZAC de la Pointe 72190 Sargé-lès-le-Mans France;https://www.lesoceades.fr/instituts/nos-instituts/sarge-les-le-mans/;;;;;;;;;;Traité
Institut de beauté Les 5 Sens;10 Rue des Alliés 68130 Altkirch France;http://www.institutlescinqsens.fr/;;;;;;;;;;Traité
Institut de Beauté L'Elixir;125 Av. de l'Europe 62120 Aire-sur-la-Lys France;https://www.planity.com/elixir-institut-de-beaute-62120-aire-sur-la-lys;;;;;;;;;;Traité
Institut de Beauté L'éclat d'amande;16 Pl. de L Hôtel de ville 85150 Les Achards France;http://www.eclatdamande.fr/;;;;;;;;;;Traité
Institut de beauté LA Douce Evasion Mazé;13 Rue Principale 49630 Mazé-Milon France;https://ladouceevasion.fr/;;;;;;;;;;Traité
Institut de beauté L’univers de Célia;17 Rue de l'Église 37240 Ligueil France;https://www.planity.com/lunivers-de-celia-37240-ligueil;;;;;;;;;;Traité
Institut de Beauté Isis;19 Pl. du Renard 79700 Mauléon France;https://www.facebook.com/Isis-Maul%C3%A9on-301477406895199;;;;;;;;;;Traité
Institut de Beauté Hébéa - Ligueil;45 Rue Aristide Briand 37240 Ligueil France;http://www.hebea-metamorphose.com/;;;;;;;;;;Traité
institut de beauté HARMONIE . maquillage permanent. soins visage. massages.;5 Rue Saint-Jean 14370 Argences France;http://www.institutdebeauteharmonie.com/;;;;;;;;;;Traité
Institut de beauté Harmonie;28 Rue Jean Mermoz 78620 L'Étang-la-Ville France;https://www.planity.com/institut-harmonie-agathe-joubert-78620-letang-la-ville;;;;;;;;;;Traité
Institut De Beaute Hammam et Lys;82 Rue Henri Messager 76170 Lillebonne France;;;;;;;;;;;
Institut de beauté Galespa;7 Rte du Moulin 17290 Ciré-d'Aunis France;https://www.planity.com/institut-galespa-17290-cire-daunis;;;;;;;;;;Traité
Institut de Beauté et Massages Cocoon n'Flow Perigueux;184 Av. Winston Churchill 24660 Coulounieix-Chamiers France;http://institutcocoonnflow.fr/?utm_medium=referral&utm_source=gmb&utm_campaign=lnk-gmb;;;;;;;;;;Traité
Institut de beauté Ermont Bodyminute;32 Rue de Stalingrad 95120 Ermont France;https://www.bodyminute.com/instituts/ermont-3789/?utm_source=gmb;;;;;;;;;;Traité
Institut De Beauté Ephélide;1 Rue de Laval 62217 Achicourt France;;;;;;;;;;;
Institut de Beauté Divine;12 Gd Rue Octave Chenavas 38590 Saint-Étienne-de-Saint-Geoirs France;http://www.institut-beaute-divine.fr/;;;;;;;;;;Traité
Institut De Beauté De La Vaunage;5 Rue des Grezas 30870 Clarensac France;http://www.facebook.com/pages/category/Local-Business/Institut-de-beaut%C3%A9-de-la-vaunage-450217095080632/;;;;;;;;;;Traité
Institut de beauté d'Argent sur Sauldre;8 Rue nationale 18410 Argent-sur-Sauldre France;http://www.institut-argent.com/;;;;;;;;;;Traité
Institut de Beauté Cybelle Orgères;11 D286 35230 Orgères France;;;;;;;;;;;
Institut de Beauté Côté Jardin;2 Le Balat 15220 Marcolès France;http://www.institutbeautespa.com/;;;;;;;;;;Traité
Institut de beauté Coté jardin;16 Pl. Xavier Jourdain 68130 Altkirch France;http://www.institut-beaute-cotejardin.fr/?utm_source=gmb;;;;;;;;;;Traité
institut de beaute CM;38 Qur Saint-Clair 07340 Andance France;http://institutdebeaute-cm-andance.fr/;;;;;;;;;;Traité
Institut de beauté Chrysalide agréé AHAVA /GUERANDE. institut de beauté;28 Pl. de la Promenade 36140 Aigurande France;https://www.facebook.com/profile.php?id=100077271919887;;;;;;;;;;Traité
Institut de Beauté Charme;146 Rue Veuve Thibeauville 80110 Moreuil France;https://institutbeautecharme.com/;;;;;;;;;;Traité
Institut de Beauté Chama;19 Rue Augustin Bellard 91590 La Ferté-Alais France;;;;;;;;;;;
Institut de Beauté Carole;30 Chem. du Corps de Garde 17111 Loix France;https://www.planity.com/institut-de-beaute-carole-17111-loix;;;;;;;;;;Traité
Institut de beauté Brunoy Bodyminute;5 Rue de la République 91800 Brunoy France;https://www.bodyminute.com/instituts/brunoy-3425/?utm_source=gmb;;;;;;;;;;Traité
Institut de beauté Bleu turquoise;2 Av. de Toulouse 31460 Caraman France;https://www.institut-bleu-turquoise.fr/;;;;;;;;;;Traité
Institut de beauté Biocoop Epone;Av. de la Mauldre 78680 Épône France;https://connectilib.fr/profil-professionnel/escale-douces-heures;;;;;;;;;;Traité
Institut de beauté bio A la Source;40 Rue Charles Rivière 44400 Rezé France;http://www.alasource-bienetre.fr/;;;;;;;;;;Traité
Institut de beauté Belle & Natur'Elle;45d place de l'église 26300 Jaillans France;https://www.kalendes.com/site/belleetnaturelle26/welcome;;;;;;;;;;Traité
Institut De Beauté Aude;206 Rue de la République 37110 Château-Renault France;https://cutt.ly/rdv-aude?utm_source=gmb;;;;;;;;;;Traité
Institut de beauté Au Sentier des Anges à Pouxeux entre Epinal et Remiremont;85 Rue sous les Remparts 88550 Pouxeux France;https://ausentierdesanges.fr/;;;;;;;;;;Traité
Institut de Beauté Au Natur'Elle;17 Av. Général Cartier 73160 Cognin France;http://aunaturelle.fr/;;;;;;;;;;Traité
Institut de beauté Arras : Une porte s'ouvre;12 Rte de Béthune 62580 Neuville-Saint-Vaast France;https://une-porte-souvre.fr/;;;;;;;;;;Traité
Institut de beauté Arômes & Sens;279 Rue Charles de Gaulle 1er étage 78410 Flins-sur-Seine France;;;;;;;;;;;
Institut de beauté Antony Bodyminute;45 Av. Aristide Briand 92160 Antony France;https://www.bodyminute.com/instituts/antony-3728/?utm_source=gmb;;;;;;;;;;Traité
Institut de beauté Angoulins Bodyminute;Route de Rochefort Centre Commercial Carrefour 17690 Angoulins France;https://www.bodyminute.com/magasins/21-17690-la-rochelle?utm_source=gmb;;;;;;;;;;Traité
Institut de beauté Anet Bodyminute;ZAC Le Debucher Centre commercial E.Leclerc 28260 Anet France;https://www.bodyminute.com/instituts/anet-3450/?utm_source=gmb;;;;;;;;;;Traité
Institut de beauté Aizenay So Pretty;13 Rue de la Monnaie 85190 Aizenay France;http://www.sopretty-institut.fr/;;;;;;;;;;Traité
Institut De Beauté Accord Parfait;10rue Montaret 03200 Vichy France;https://www.planity.com/accord-parfait-03200-vichy-j0q;;;;;;;;;;Traité
Institut de Beaute A Fleur de Peau;9 Rte du Tronquay 76220 La Feuillie France;https://institutdebeautelafeuillie.setmore.com/;;;;;;;;;;Traité
"Institut de beauté ""L'elixir""";22 Rue Holgate 50500 Carentan-les-Marais France;https://www.planity.com/lelixir-50500-carentan-les-marais?fbclid=IwRlRTSAQrbqhleHRuA2FlbQIxMABzcnRjBmFwcF9pZAo2NjI4NTY4Mzc5AAEehKXdUjbPQVU_CWKOg3jEr32Iu-6rA2dSikD-RAnqZL-B5Lou3cjl6ZXdyYA_aem_Rf9lIFePJsmlztTIxl-qDA;;;;;;;;;;Traité
Institut de beauté - Essenci'elle;1 l'orée 79200 Viennay France;https://www.institutessencielle.fr/;;;;;;;;;;Traité
Institut de Beauté - Chloé;36 Grande Rue 37600 Loches France;http://chloe-tamara.com/4847/institut-chloe.html;;;;;;;;;;Traité
Institut Dar Sabah;401 Rte du Mont 74520 Jonzier-Épagny France;https://institut-dar-sabah.com/;;;;;;;;;;Traité
Institut Créon Beauté;6 Rue Jean Baspeyras 33670 Créon France;https://www.institut-creon.guinot.com/;;;;;;;;;;Traité
INSTITUT COTE BLEUE;2 place de l'Horloge 13960 Sausset-les-Pins France;http://www.institutcotebleue.com/;;;;;;;;;;Traité
Institut Corps-In;12 Rue Clemence Isaure 31250 Revel France;https://www.institut-revel.guinot.com/;;;;;;;;;;Traité
Institut corps a coeur;22 Av. Jean Jaurès 14270 Mézidon Vallée d'Auge France;http://www.institutcorpsacoeur.fr/;;;;;;;;;;Traité
Institut Corpor'L;9 Le Village 38780 Eyzin-Pinet France;http://www.corporl.com/;;;;;;;;;;Traité
Institut Corail;Zone Industrielle La Mirande 4 Bd de l'Atelier 66240 Saint-Estève France;http://www.institutcorail.fr/;;;;;;;;;;Traité
Institut Clinifine;36 Bd Carnot 78250 Hardricourt France;https://www.institut-hardricourt.marycohr.com/;;;;;;;;;;Traité
Institut Chrysmarine;38 Rue de Chausey 50660 Tourneville-sur-Mer France;https://www.planity.com/institut-chrysmarine-50660-lingreville;;;;;;;;;;Traité
Institut Chrysalide;18 Rue de la Libération 21400 Châtillon-sur-Seine France;http://www.institut-beaute-chrysalide.fr/;;;;;;;;;;Traité
Institut Christine DA SILVA;162 Chem. des Paillères 38270 Beaurepaire France;http://www.christinedasilvainstitut.com/;;;;;;;;;;Traité
Institut Cha'Beauté;3 Rue des Sports 85430 Aubigny-Les Clouzeaux France;https://www.planity.com/institut-cha-beaute-85430-les-clouzeaux;;;;;;;;;;Traité
Institut Cendrine;266 Rue Jean Jaurès 63700 Saint-Éloy-les-Mines France;;;;;;;;;;;
Institut Celyn;9 Rue Gambetta 11400 Castelnaudary France;http://www.institut-celyn.com/;;;;;;;;;;Traité
Institut Camélia;106 Rue de l'Église 35460 Maen Roch France;http://www.camelia-institut.fr/;;;;;;;;;;Traité
Institut Calyléo;10 Pl. du Petit Booth 85400 Luçon France;http://www.calyleo.com/;;;;;;;;;;Traité
Institut Callune;2 Rue de la Mare de la Toux 56380 Beignon France;https://www.institut-callune.fr/;;;;;;;;;;Traité
Institut by Sisters;1 Rue de la République 69580 Sathonay-Camp France;;;;;;;;;;;
Institut by Nat;26 Rue Messieurs Boyer 13720 La Bouilladisse France;https://institutbynatlabouilladisse.fr/;;;;;;;;;;Traité
Institut Bulle de Douceur;1 Pl. du Général de Gaulle 80250 Ailly-sur-Noye France;https://www.institut-aillysurnoye.marycohr.com/;;;;;;;;;;Traité
Institut Biotyful;5 Rue de Ribeauvillé 68180 Horbourg-Wihr France;http://www.bio-tyful.fr/;;;;;;;;;;Traité
Institut Bio Latitude;2 Rue du Moulin des Landes 44840 Les Sorinières France;https://www.bio-latitude.com/;;;;;;;;;;Traité
INSTITUT BELLES DU SUD;21 Rue Gambetta 31390 Carbonne France;https://www.bellesdusud.fr/;;;;;;;;;;Traité
Institut Belle et Nature;6 Rue de L Hôtel de ville 85520 Jard-sur-Mer France;http://www.belle-et-nature-jard-sur-mer.fr/?utm_source=gmb;;;;;;;;;;Traité
Institut BELLE DES CIMES;72 Rue Cardinale 73600 Moûtiers France;https://belledescimes-institut.fr/;;;;;;;;;;Traité
Institut Belle & Sens;189 Av. de Limoges 87270 Couzeix France;https://belle-et-sens.com/;;;;;;;;;;Traité
Institut Bellara;202 Rue de Picardie 60126 Longueil-Sainte-Marie France;http://www.bellara.fr/;;;;;;;;;;Traité
Institut Bell & Sa;402 Av. Général de Gaulle 69760 Limonest France;http://institut-belletsa.fr/;;;;;;;;;;Traité
Institut Beauté Soleil;5 Bd du General Leclerc 06240 Beausoleil France;https://beautesoleil.fr/;;;;;;;;;;Traité
Institut Beauté Plaisir;4 Rue du Maquis 01100 Arbent France;http://www.institutbeauteplaisir.com/;;;;;;;;;;Traité
Institut Beauté Nature;7 Pl. des Halles 78910 Orgerus France;https://www.institut-beaute-orgerus.fr/;;;;;;;;;;Traité
Institut Beauté Mer Morte Massage Bordeaux;71 Rue des Remparts 33000 Bordeaux France;http://institutbeautemermorte.fr/;;;;;;;;;;Traité
institut beauté l'esprit aloha;4 rue du Maréchal de Lattre de Tassigny 85560 Longeville-sur-Mer France;https://institutdebeautealoha.kalendes.com/;;;;;;;;;;Traité
Institut Beauté de Soi;643 Chem. de la Valorière 30390 Aramon France;https://www.planity.com/institut-beaute-de-soi-30390-aramon;;;;;;;;;;Traité
Institut Beauté création;Les Fleuraies 49500 France;http://www.beaute-creation-avire.fr/;;;;;;;;;;Traité
Institut Beauté & Sens;40 Grande Rue 56570 Locmiquélic France;https://www.institut-locmiquelic.marycohr.com/;;;;;;;;;;Traité
Institut Beauséjour | Institut de Beauté (91);30 B Av. Marthe 91390 Morsang-sur-Orge France;https://institut-beausejour.com/;;;;;;;;;;Traité
Institut Bahia;131 Rue du Barry 07400 Alba-la-Romaine France;https://www.choisirardecherhonecoiron.fr/alba-la-romaine/institut-bahia/produits;;;;;;;;;;Traité
Institut B by Espace B;72 Rue Sadi Carnot 16300 Barbezieux-Saint-Hilaire France;https://institutb-barbezieux.fr/;;;;;;;;;;Traité
Institut Ayur Prana - Christophe GAMEL - EI;1 Rue du Chanoine Joseph Halter 57350 Stiring-Wendel France;http://www.ayurprana.com/;;;;;;;;;;Traité
Institut Aux Bouts de Soi;2 Rue Grace Hopper 35310 Mordelles France;http://www.auxboutsdesoi.fr/;;;;;;;;;;Traité
Institut Arum des Sens;37 Rue de Champagne 52250 Longeau-Percey France;https://www.institut-longeaupercey.marycohr.com/;;;;;;;;;;Traité
Institut Aromatique Beauté - Soin du Visage - Massage - Esthéticienne;10 Pl. de l'Église 44310 Saint-Philbert-de-Grand-Lieu France;http://aromatiquebeaute.fr/;;;;;;;;;;Traité
Institut Aroma Source - Massages à Orange;161 Av. Rodolphe d'Aymard 84100 Orange France;http://www.aroma-source.fr/;;;;;;;;;;Traité
Institut Aphrodite;10 Rue Thibaut 52220 La Porte du Der France;http://www.institut-spa-aphrodite.com/;;;;;;;;;;Traité
INSTITUT ANTHIOPE;295 Cours Charles-Jean Sarocchi Rue de La Poste et de la gendarmerie 20270 France;http://www.institut-anthiope.com/;;;;;;;;;;Traité
Institut Amélie Beauté & hammam;Zone Artisanale des 6 Les Petits Clais 18110 Saint-Martin-d'Auxigny France;http://www.institut-amelie-beaute.fr/;;;;;;;;;;Traité
Institut Amber;35 Pl. de la Halle 60380 Songeons France;https://www.kalendes.com/platform/booking/institutamber;;;;;;;;;;Traité
INSTITUT ALOES;20 Rue de Saint-Avold 57660 Lixing-lès-Saint-Avold France;http://institutaloes.fr/;;;;;;;;;;Traité
Institut Alize;21 Rue de Verdun 24300 Nontron France;;;;;;;;;;;
Institut Actuel Beauté;12 Pl. de la Libération 82300 Caussade France;https://www.institut-caussade.marycohr.com/;;;;;;;;;;Traité
Institut A Fleur de Peau;9 Pl. du Général d'Argence 44410 Herbignac France;http://www.institutafleurdepeau.fr/;;;;;;;;;;Traité
Institut A Corps Parfait Agréé Yon-Ka;Galerie Marchande Intermarché 47510 Foulayronnes France;http://www.yonka.com/;;;;;;;;;;Traité
Institut A Corps Parfait;Le Bonaparte 1665 Rte Napoléon 38320 Brié-et-Angonnes France;;;;;;;;;;;
Institut A à Zen;120 Bd Ampère 79180 Chauray France;https://www.institutaazen.com/;;;;;;;;;;Traité
Institut 100% Beauté;85 Av. Professeur Tixier 38300 Bourgoin-Jallieu France;http://www.institut-beaute-spa.com/;;;;;;;;;;Traité
"Institut ""Soins de soie""";6 place du Rue du Tulmonenc 82410 Saint-Étienne-de-Tulmont France;;;;;;;;;;;
Instants Sacrés;97 Bis Rue de la Paix 38780 Estrablin France;https://www.institutrdv.com/instantssacres38;;;;;;;;;;Traité
Instant Suspendu - massage ayurvédique & sonore;29 Rue des Potires 57530 Ars-Laquenexy France;https://instantsuspendu.fr/;;;;;;;;;;Traité
Instant Naturel;la maison neuve Rue de la Grosse Pierre 17290 Chambon France;;;;;;;;;;;
Instant Massage;23 rue de l'Etang de la Cane 35160 Montfort-sur-Meu France;;;;;;;;;;;
Instant Kumo Massage;5 Rue des Ouches 95410 Groslay France;https://instantkumo.fr/;;;;;;;;;;Traité
Instant Détente;10 Av. des Griffons 33560 Carbon-Blanc France;http://www.balneo-beaute-carbonblanc.fr/;;;;;;;;;;Traité
Instant de détente;38 Pl. de L Hôtel de ville 62820 Libercourt France;http://instantdedetente.booksy.com/;;;;;;;;;;Traité
Instant de Beauté;Av. Dauphiné Provence 26300 Alixan France;;;;;;;;;;;
Instant Céleste;22 Rue de la Tillaye 77580 Coutevroult France;https://instantceleste77.wixsite.com/instant-c;;;;;;;;;;Traité
Instant Camille;38 Rte de Lyon 58000 Sermoise-sur-Loire France;https://reservationbeaute.fr/lessence-de-soi-58000/estheticienne-sermoise-sur-loire-route-de-lyon-58000-esthetique-spa-praticienne-;;;;;;;;;;Traité
Instant Beauté by Alexy;283 avenue de la République RDC 34400 Lunel-Viel France;https://instantbeaute.org/;;;;;;;;;;Traité
Inspiration Massage - Gwladys;Le Buisson 37310 Tauxigny-Saint-Bauld France;https://www.planity.com/inspiration-massage-gwladys-37310-tauxigny-saint-bauld;;;;;;;;;;Traité
INK beauty institut;Ink beauty institut (gps Waze 38 Chem. des Fontaines 77166 Évry-Grégy-sur-Yerre France;https://inkbeautyinstitut.fr/;;;;;;;;;;Traité
In'Hay Massages;Espace de Santé 45 Place de la Vieille Porte 01300 Belley France;;;;;;;;;;;
Infinie Détente;67 Av. Pasteur 44730 Saint-Michel-Chef-Chef France;https://infinie-detente.com/;;;;;;;;;;Traité
Infinie Beauté;Zone d'activité de la Champagne45420 Bonny-sur-Loire France;;;;;;;;;;;
Infini zen;48 Rue de la Libération 55840 Thierville-sur-Meuse France;http://infinizen.wixsite.com/massage-bien-etre;;;;;;;;;;Traité
Infini Beaute;31 Rue de l'Océan 85600 Montaigu-Vendée France;https://www.infinibeaute.fr/;;;;;;;;;;Traité
INDIGO BEAUTÉ;5 Rue des Carmes 15000 Aurillac France;http://www.indigobeaute.fr/;;;;;;;;;;Traité
Iglam;21 Rue des Jacinthes 62160 Aix-Noulette France;https://l.instagram.com/?u=https://www.planity.com/iiglam-62160-aix-noulette&e=AUCxScsGF6tsK_xjvwQYE6xg7_FVHTQrvaEYO19g3PFhTbrlJJTFCSkJEYYUApT1BxJJsM6LYTI_NbFAtnZLRtGY4bbE5VGge9rgE60ewb1IbLR9siUY1jyRikXODpvrNSTZz6NKY9u5;;;;;;;;;;Traité
Idylle Beauté Esthéticienne;21 ter Rue Georges Clemenceau 85220 L'Aiguillon-sur-Vie France;https://www.idylle-beaute.com/;;;;;;;;;;Traité
Ideal Beaute;23 Rue de l'Océan 44810 Héric France;http://www.idealbeaute.fr/;;;;;;;;;;Traité
ICONIQUE Beauté sur-mesure;32 Pl. de l'Église 56920 Noyal-Pontivy France;http://www.iconiquebeaute.fr/;;;;;;;;;;Traité
Hyxie;48 Rue de la Grande Charrière 69440 Taluyers France;http://www.hyxie.fr/;;;;;;;;;;Traité
Human&Sens;62 Rue de la Cressonnière 31270 Cugnaux France;https://humansens.fr/;;;;;;;;;;Traité
Horizon Vitalité;1 La Clé des Champs 31280 Aigrefeuille France;http://www.horizonvitalite.com/;;;;;;;;;;Traité
Horizon des Sens;Situé dans le salon de coiffure LES TALENTUEUSES 115 Avenue de St Médard 33320 Eysines France;https://www.horizondessens.com/;;;;;;;;;;Traité
Ho'opozen;4 Rue Salvador Dali 72230 Guécélard France;https://hoopozen.fr/;;;;;;;;;;Traité
HONG QI BEAUTE;12 Grande Rue 53000 Laval France;;;;;;;;;;;
Homénaïs;37 Rue Pré Magné 69126 Brindas France;http://www.homenais.com/;;;;;;;;;;Traité
Holysticway Béa - Yoga - Massages (drainage lymphatique, sportif, réflexologie, ayurveda);11 Rue Guynemer 26100 Romans-sur-Isère France;https://holysticway.fr/;;;;;;;;;;Traité
Hoa Tay Massage;Dom. de Château Gaillard 94700 Maisons-Alfort France;;;;;;;;;;;
Hestia;14 Rue Basse 30300 Fourques France;https://www.planity.com/hestia-30300-fourques;;;;;;;;;;Traité
HENZELI Concept Esthétique;2 Pl. François Mitterrand 94140 Alfortville France;https://www.planity.com/henzeli-94140-alfortville;;;;;;;;;;Traité
HELENE TUINA;2 Rue des Côtes de Vannes 78700 Conflans-Sainte-Honorine France;https://nolimite.fr/helene-tuina;;;;;;;;;;Traité
Heiwa Massage Niort;23 Rte de la Crèche 79260 François France;https://heiwa-niort.fr/;;;;;;;;;;Traité
Heaven Beauty;4c place du cedre 51390 Gueux France;https://www.planity.com/heaven-beauty-51390-gueux;;;;;;;;;;Traité
Haven Home;17 Rue Henri Vincenot 21110 Rouvres-en-Plaine France;;;;;;;;;;;
Harmonie Massage;28 Chem. des Marcellines 13720 La Bouilladisse France;https://harmoniemassage-labouilladisse.fr/;;;;;;;;;;Traité
Harmonie institut;15 Rue de l'Oeuille 33410 Cadillac-sur-Garonne France;https://www.planity.com/harmonie-institut-33410-cadillac;;;;;;;;;;Traité
HARMONIE ESPACE BEAUTE;Pl. du Huit Mai 1945 46130 Bretenoux France;https://harmonie-espace-beaute.fr/;;;;;;;;;;Traité
Harmonie des Sens;6 Av. Vauban 66660 Port-Vendres France;https://harmoniedessens66.fr/;;;;;;;;;;Traité
harmonie corps et esprit;450 Le Balayn 07410 Saint-Félicien France;https://harmonie-corps-et-esprit.fr/;;;;;;;;;;Traité
Harmonia Rituel By Laetitia Hedde à Dieppe;10 Rue Desmarets 76200 Dieppe France;https://www.harmoniarituelspabeaute.fr/;;;;;;;;;;Traité
Harmonessence;126 Rue du 19 Mars 1962 71640 Mellecey France;http://www.harmonessence.fr/;;;;;;;;;;Traité
Happy Mood Society - Massage Bordeaux;12 Rue Béranger 33100 Bordeaux France;https://www.happymoodsociety.com/;;;;;;;;;;Traité
Happy Holistic : Massage - Esthetique - Ayurvedique : Albi;1 Rue Puech Amadenc 81000 Albi France;https://www.happyholistic.fr/;;;;;;;;;;Traité
Hammam La Sultane Avignon;3/5 Rue Alphonse Peillard 84000 Avignon France;https://hammam-avignon.com/;;;;;;;;;;Traité
HAMMAM LA PALMERAIE;107 Av. de Paris 42300 Roanne France;https://www.planity.com/hammam-la-palmeraie-42300-roanne;;;;;;;;;;Traité
HAMMAM KYS BEAUTY;106 Bd Jean Jaurès 91100 Corbeil-Essonnes France;https://www.hammamkysbeauty.fr/;;;;;;;;;;Traité
Hammam et Beauté;6 Bis Rue de la Cure 55170 Bazincourt-sur-Saulx France;https://www.hammam-et-beaute.fr/;;;;;;;;;;Traité
Hammam Cleopatra;376 Cr Émile-Zola 69100 Villeurbanne France;http://www.hammam-cleopatra.com/;;;;;;;;;;Traité
Hammam 91;8 Rue de la Libération 91480 Quincy-sous-Sénart France;http://hammam-91.fr/;;;;;;;;;;Traité
Hamamelys;15 Rue Fairand 44390 Nort-sur-Erdre France;http://www.hamamelys.com/;;;;;;;;;;Traité
Gwendolyn Lambert centre MK masseuse saint affrique;68 Rue de L Hôpital Bd de la Résistance 12400 Saint-Affrique France;;;;;;;;;;;
Guytouzen - Massage Strasbourg (Sportif, Massage Ayurvédique)et formation;9 Rue de Lorraine 67540 Ostwald France;https://guytouzen.com/;;;;;;;;;;Traité
Great Body;20 Av. des Pivoines 93220 Gagny France;https://greatbody.fr/;;;;;;;;;;Traité
Grain de Beauté - Somain;19 Rue Wilson 59490 Somain France;;;;;;;;;;;
Grain de Beauté;4 Rue Chevalière 71110 Marcigny France;https://institutrdv.com/graindebeaute71;;;;;;;;;;Traité
GRAIN DE BEAUTE;11 Ter Av. Aristide Briand 37600 Loches France;http://www.graindebeaute.sitew.fr/;;;;;;;;;;Traité
Goldhand-massage;9 Rue Victor Hugo 57990 Hundling France;https://goldhandformation.fr/;;;;;;;;;;Traité
Glowiya Studio;14 All. des Bois 33310 Lormont France;https://lnk.bio/glowiya_studio_bdx?utm_source=ig&utm_medium=social&utm_content=link_in_bio&fbclid=PAZXh0bgNhZW0CMTEAc3J0YwZhcHBfaWQMMjU2MjgxMDQwNTU4AAGnzX6VdaqyI4_tqs3j_UH8WWUMNXO49RAOKsA4NbyIPPE9IB9EZHrqIYd8Br0_aem_QsYHLqqJxgE4bIAeUP-jkA;;;;;;;;;;Traité
Gáyàtri Massages;1 Chem. du Rascas 11200 Montséret France;https://gayatrimassages11.wixsite.com/website-1;;;;;;;;;;Traité
GANAEL ESTHETIC;18 Rue de la Barre 87240 Ambazac France;https://www.ganael-esthetic.fr/;;;;;;;;;;Traité
GALIMA;8 place du printemps 19300 Rosiers-d'Égletons France;https://galima-institut.fr/;;;;;;;;;;Traité
Galants De Nuit;8 Rue du Prof-G-Mouriquand 26400 Crest France;http://www.galantsdenuit.com/;;;;;;;;;;Traité
Gaïanna;Cabinet pluridisciplinaire 21 Rue de la Garenne 44690 La Haie-Fouassière France;https://www.gaianna.fr/accueil;;;;;;;;;;Traité
Gaëlle Michelangeli - Massage Ayurvédique;activités Pole d'activités d 488 Chem. des Jallassières 13510 Éguilles France;;;;;;;;;;;
Freya Esthétique;Le Clos Astrid 52 Rue Sébastien Vaillant Immeuble A 76230 Isneauville France;;;;;;;;;;;
For My Beauty - Institut de Beauté Exclusif;06 Rue du Dr Amodru 91590 La Ferté-Alais France;https://www.planity.com/for-my-beauty-91590-la-ferte-alais-dlp;;;;;;;;;;Traité
Fontaine des Sens - Centre d'épilation Laser Diode à Dijon;29 Rue de Font les Dijon 21000 Dijon France;https://www.fontainedessens.fr/;;;;;;;;;;Traité
Florence Institut de Beauté - Alençon;6 Pl. Commandant Daniel Desmeulles 61000 Alençon France;;;;;;;;;;;
FLOHARMONIE;5 Rue de la Mare du Paradis 28410 Abondant France;https://floharmonie9.wixsite.com/floharmonie;;;;;;;;;;Traité
Fleur de vahiné??;27 Av. de Bédarieux 34560 Poussan France;http://fleur-de-vahine.fr/;;;;;;;;;;Traité
Fleur de Lune;19 Bd du Port 34140 Mèze France;https://www.planity.com/fleur-de-lune-massage-relaxant-drainage-lymphatique-renata-franca-34140-meze;;;;;;;;;;Traité
Fleur de Coton;2 Rue Ampère 18400 Saint-Florent-sur-Cher France;;;;;;;;;;;
Fleur D’or Beauté;34 Rue de Paris 78600 Maisons-Laffitte France;;;;;;;;;;;
Ferté Nature;48 Rue d'Huisne 72400 La Ferté-Bernard France;https://www.fertenature.com/;;;;;;;;;;Traité
FEN Concept Beauty & Shop;8 Rue Cyprien Borgnon 77860 Couilly-Pont-aux-Dames France;;;;;;;;;;;
feeling'spa;115 Rte de Vars 16160 Gond-Pontouvre France;https://feeling-spa.fr/;;;;;;;;;;Traité
Feel Zen;13 Rte de Bornachon 74330 Sillingy France;http://feel-zen.fr/;;;;;;;;;;Traité
Fée2Beauté - institut de beauté;52 Rte du St Joseph 07340 Andance France;https://fee2beaute.fr/;;;;;;;;;;Traité
Fatiha-Zen massage-massage intuitif de qualité à Aix en Provence.;220 Av. de Pérouse 13090 Aix-en-Provence France;https://zenmassageaix.simplybook.it/;;;;;;;;;;Traité
Fanny Institut;23 Grande Rue 72190 Neuville-sur-Sarthe France;https://www.fanny-institut.com/;;;;;;;;;;Traité
Fanny Esthétique;3 Rue Charles Lechevrel 28260 Anet France;http://www.institut-de-beaute-anet.fr/;;;;;;;;;;Traité
Exalte sublimez-vous spécialiste de la méthode Renata França;753 Av. Léon Blum 01500 Ambérieu-en-Bugey France;http://www.exaltesublimezvous.fr/;;;;;;;;;;Traité
Exaltation des sens;8 All. des Palombes 77185 Lognes France;https://www.exaltationdessens.com/;;;;;;;;;;Traité
Évry Body 77;13 Grande Rue 77166 Évry-Grégy-sur-Yerre France;https://www.planity.com/evry-body-77-77166-evry-gregy-sur-yerre;;;;;;;;;;Traité
éveil Ô sens;5 bis Rue Gutenberg 44170 Nozay France;http://www.eveil-o-sens.fr/;;;;;;;;;;Traité
Eveil et Détente;8 Rue de la République 27110 Le Neubourg France;https://www.institut-eveil-et-detente.fr/;;;;;;;;;;Traité
Éveil des Sens;120 Rue de la Loire 44521 Oudon France;https://www.institut-eveildessens.fr/;;;;;;;;;;Traité
Eveil des Sens;12 Rue Prte Haute 68420 Eguisheim France;https://institut-eveil-des-sens.com/;;;;;;;;;;Traité
Eveil Beauté institut spécialisée en soin visage anti âge, Minceur,Massage et épilation définitive.;182 Grande Rue 63260 Aigueperse France;https://www.eveil-beaute.com/;;;;;;;;;;Traité
Evasion Sensorielle Laval L'huisserie;Salon privé sur rendez-vous uniquement 6 Imp. de l'Ouette 53970 L'Huisserie France;https://www.evasionsensorielle.fr/;;;;;;;;;;Traité
Évasion Sensorielle;31 Rue des Carrières 25230 Seloncourt France;;;;;;;;;;;
Evasion Des Sens;35 Rue Raymond Cau 34490 Lignan-sur-Orb France;https://www.planity.com/evasion-des-sens-34490-lignan-sur-orb;;;;;;;;;;Traité
Evasion Beaute centre de beauté;Place Notre - Dame 36240 Écueillé France;https://evasionbeaute36.kalendes.com/;;;;;;;;;;Traité
Évasion Beauté By Sarah;24 Grand Rue 63350 Maringues France;https://www.planity.com/evasion-beaute-by-sarah-63350-maringues;;;;;;;;;;Traité
Évasion Beauté & Massage - Le Pouzin;6 Rue Marcel Seignobos 07250 Le Pouzin France;https://www.instagram.com/evasion_beaute_et_massage/;;;;;;;;;;Traité
Evasion Beauté;13 Rue René Payot 25500 Morteau France;https://www.facebook.com/evasionbeaute25;;;;;;;;;;Traité
Evanes'sens;155 Rue des Allobroges 73290 La Motte-Servolex France;http://evanes-sens.fr/;;;;;;;;;;Traité
Evad'Massage;5 Av. du Grand Chêne 34270 Saint-Mathieu-de-Tréviers France;;;;;;;;;;;
Eva Care;52 Rue de la Libération 77370 Nangis France;https://www.evacare.fr/;;;;;;;;;;Traité
Étincelles;40 Rte de Bretagne 14760 Bretteville-sur-Odon France;https://www.planity.com/etincelles-14760-bretteville-sur-odon;;;;;;;;;;Traité
Etern'elle Beauté;16 Bis Rue des Forges 53410 Port-Brillet France;https://www.planity.com/eternelle-beaute-53410-port-brillet;;;;;;;;;;Traité
ET L'EAU D'AURA;6 Av. du Pasteur Rollin 30140 Anduze France;http://www.etleaudaura.fr/;;;;;;;;;;Traité
ESTHI'ZEN;32 Rue de Molène 35530 Noyal-sur-Vilaine France;http://www.esthizen.com/;;;;;;;;;;Traité
Esthéti'zen;52 Bd de l'Atelier 66240 Saint-Estève France;https://www.planity.com/estheti-zen-66240-saint-esteve;;;;;;;;;;Traité
Esthétiquement Belle;46 Quai de Seine 27680 Quillebeuf-sur-Seine France;https://reservationbeaute.fr/esthetiquementbelle;;;;;;;;;;Traité
Esthetique by L - Institut de Beauté Annemasse;17 bis Rue de Genève 74100 Ambilly France;https://www.esthetiquebyl.com/;;;;;;;;;;Traité
Esthéti'Cath Institut;25b Rue Pierre Brossolette 59252 Marquette-en-Ostrevant France;https://www.estheticath.fr/;;;;;;;;;;Traité
Esthetica;12 Rue Romain Darchy 61300 L'Aigle France;https://www.planity.com/esthetica-61300-laigle;;;;;;;;;;Traité
Esthetic Shop;3 Pl. Croix des Rameaux 87220 Feytiat France;http://www.esthetic-shop.fr/?utm_source=gmb;;;;;;;;;;Traité
Esthetic Center;Lieu-dit La Chem. de la Bâche C.C. Intermarché 91760 Itteville France;https://www.esthetic-center.com/trouver-institut/esthetic-center-itteville-2/;;;;;;;;;;Traité
Estheoderm - Cabinet dermessence & facialiste;Pl. du 225ème RI 59380 Spycker France;;;;;;;;;;;
ESTHÉ Tiphaine;46 Rue Emile Zola 62217 Agny France;http://www.esthetiphaine.fr/;;;;;;;;;;Traité
Esthe Marine;Chem. de la Viva 20166 Grosseto-Prugna France;https://esthemarine.bookinbeautiful.fr/;;;;;;;;;;Traité
Esthé d'Elle & Lui;29 Rue Diane de Poitiers 28260 Anet France;https://app.reservation-en-ligne.fr/esthe-delle--lui-28260-anet/home;;;;;;;;;;Traité
Esthe Cera;576 Rte d'Apremont 73490 La Ravoire France;http://esthecera.fr/;;;;;;;;;;Traité
ESSENTIELLES;39 Rue Jean Jaurès 42800 Rive-de-Gier France;http://essentielles-lm.com/mon-compte/;;;;;;;;;;Traité
Essenti'elle Institut de beauté;15 rue portail d'Avignon entrée 1 Rue Oddo de Gissey 1er étage 43000 Le Puy-en-Velay France;https://essentiellelepuy-43.fr/;;;;;;;;;;Traité
Essentielle;16 Pl. de la Liberté 24600 Ribérac France;http://www.institut-essentielle.com/;;;;;;;;;;Traité
Essentiel;20 Av. Emile Sari 20200 Bastia France;https://www.essentielspa.fr/;;;;;;;;;;Traité
Essence'Elle;37 Rue Bernard Palissy 86100 Châtellerault France;https://relaxessenceelle.wordpress.com/;;;;;;;;;;Traité
Essence Natur’L | CBD Shop Saint-Avold;65 Rue des Américains 57500 Saint-Avold France;https://essencenaturl.fr/;;;;;;;;;;Traité
Esprit-Corps Zen;2 TER Pl. des Oustalots 64400 Oloron-Sainte-Marie France;http://www.espritcorpszen.fr/;;;;;;;;;;Traité
Esprit Soins;8 Pl. de la République 30130 Pont-Saint-Esprit France;;;;;;;;;;;
Esprit Libellule, Massage et Energie;160 Chem. du Premier Banc 62340 Guînes France;https://www.esprit-libellule.fr/;;;;;;;;;;Traité
Esprit de Peau;35 Rue de la Roche 85230 Beauvoir-sur-Mer France;https://www.estheticienne-beauvoir-mer.fr/fr;;;;;;;;;;Traité
Esprit Beauté;27 Rue du Président Kennedy 59940 Estaires France;https://esprit-beaute.fr/;;;;;;;;;;Traité
Esprit Beaute;7 Av. du Dauphiné 26270 Saulce-sur-Rhône France;https://www.planity.com/esprit-beaute-26270-saulce-sur-rhone;;;;;;;;;;Traité
Espace TILIA;18 Chem. d'en Couyoulet 31250 Revel France;https://cathymarquis.wixsite.com/tilia;;;;;;;;;;Traité
Espace Soins Naturels;3 Rue Georges Clemenceau 78250 Meulan-en-Yvelines France;http://www.massages-chinois-wu.com/;;;;;;;;;;Traité
Espace Soins Détente;8 Bd des Poumadères 32600 L'Isle-Jourdain France;https://espacesoinsdetente.fr/;;;;;;;;;;Traité
Espace Pierre de Lune - Massage & Ayurvéda réservé aux femmes;3 Baleme 19260 Affieux France;http://www.espace-pierredelune.com/;;;;;;;;;;Traité
Espace Douce’Heure;83 Rue Jules Boisseau 86220 Port-de-Piles France;https://www.planity.com/espace-douceheure-86220-port-de-piles-vos;;;;;;;;;;Traité
Espace Détente & Beauté: Fermé Bl;8 Pl. de la Libération 21320 Pouilly-en-Auxois France;;;;;;;;;;;
Espace Cosy;44 Rue nationale 29140 Rosporden France;http://espace-cosy.fr/;;;;;;;;;;Traité
Espace Chantal Lehmann;175 Quater Bd Jean Jaurès 92100 Boulogne-Billancourt France;http://www.chantallehmann.com/;;;;;;;;;;Traité
espace beauté le temps pour soi Institut de Beauté;87 Av. François Mitterrand 31800 Saint-Gaudens France;http://www.letempspoursoi.net/;;;;;;;;;;Traité
Espace Beauté Christelle Monréal;96 Rue du Jeu de Mail 34820 Teyran France;http://www.espace-beaute-teyran.fr/;;;;;;;;;;Traité
Espace Beauté;82 Rue de l'École Militaire 10500 Brienne-le-Château France;http://www.espacebeaute10.fr/;;;;;;;;;;Traité
Espace Agapè;8 Rue Baudin 34700 Lodève France;https://www.espace-agape.com/;;;;;;;;;;Traité
Escapade Douceur;Résidence la fontaine Impasse des dominicains 12510 Olemps France;https://escapadedouceur-aveyron.fr/;;;;;;;;;;Traité
Escapade Beauté;7 Lot. les Tilleuls 52000 Brethenay France;https://www.kalendes.com/site/escapadebeaute52/welcome;;;;;;;;;;Traité
Escales Détente - Institut de beauté Niort;256 bis Rte de Coulonges 79000 Niort France;https://escalesdetente.fr/;;;;;;;;;;Traité
ESCALE O NATUREL - Firminy;41 C Rue du Professeur Calmette 42700 Firminy France;;;;;;;;;;;
Escale Détente Hanches;6 L'Arche du Loreau rue de 28130 Hanches France;http://escale-detente-spa.fr/;;;;;;;;;;Traité
Escale des sens;31 Rue Charles de Gaulle 94140 Alfortville France;;;;;;;;;;;
Escale Beaute Laurine;148 Pl. Cecillon du Perrier 38780 Septème France;http://www.escalebeautesepteme.fr/;;;;;;;;;;Traité
Escale Beauté Institut Mordelles;2 Rue de Plaisance 35310 Mordelles France;http://www.institut-escalebeaute.fr/;;;;;;;;;;Traité
Escale beauté;5 Pass. Pierre Mendès-France 90500 Beaucourt France;;;;;;;;;;;
Escal Beauty;192 Av. des Salines Royales 73600 Moûtiers France;https://www.escalbeauty.fr/;;;;;;;;;;Traité
Ephelides;Place de l'Eglise Pl. de l'Église 49125 Tiercé France;http://link.institut-ephelides.fr/;;;;;;;;;;Traité
Ephelide Beauty Center;9 Pl. de la Libération 76360 Barentin France;https://www.ephelide-institut.fr/;;;;;;;;;;Traité
Envie de douceur;24 territorial 30 20220 Algajola France;;;;;;;;;;;
Envie d’ailleurs;25 Rue de l'Église 57660 Frémestroff France;;;;;;;;;;;
Entre Terre et Ciel;8 Pl. de l'Église 35410 Nouvoitou France;https://www.entreterreetciel.bzh/;;;;;;;;;;Traité
Entre lueur et douceur;1195 Bis Chem. de Montagne 82290 Montbeton France;http://entrelueuretdouceur.fr/;;;;;;;;;;Traité
Enjoy your Body;36 Rue de France 57280 Maizières-lès-Metz France;https://www.planity.com/maderotherapie-enjoy-your-body-57280-maizieres-les-metz;;;;;;;;;;Traité
En tête à tête;4 Rue des Croix Cabinet 2 62223 Roclincourt France;https://www.enteteatetemassage.fr/;;;;;;;;;;Traité
En corps plus belle;3 Rue Pasteur 27320 Nonancourt France;;;;;;;;;;;
Emma beauté;Le 7 Rue Saint-Laurent 44430 Le Loroux-Bottereau France;https://www.emma-beaute.fr/;;;;;;;;;;Traité
Émilie Svay;Le petit Robinson 43 Bd Saint-Michel 91700 Sainte-Geneviève-des-Bois France;https://massage-bien-etre-emilie-svay.jimdo.com/les-tarifs/;;;;;;;;;;Traité
Emeline institut;20 Gd Rue Saint-Laurent 10400 Nogent-sur-Seine France;;;;;;;;;;;
Emanessence;11 Chem. de Riquie 11240 Belvèze-du-Razès France;;;;;;;;;;;
Elzen institut;4 Chem. de la Botte 57245 Mécleuves France;https://booksy.com/fr-fr/65226_el-zen-institut-et-spa_instituts-de-beaute_105496_mecleuves;;;;;;;;;;Traité
Elysium massages divins;10 Rue Aristide Briand 27120 Pacy-sur-Eure France;https://www.planity.com/elysium-massages-divins-27120-pacy-sur-eure;;;;;;;;;;Traité
Elod'ink Make Up;22 Rue de Metz 57420 Lorry-Mardigny France;http://www.elodink.fr/;;;;;;;;;;Traité
Elodie Beauté;37 Rue Grande 77480 Bray-sur-Seine France;https://www.planity.com/institut-elodie-beaute-77480-bray-sur-seine;;;;;;;;;;Traité
Elo'Beauté Esthétique et Maquillage;29 Bis Chem. de Lançon 31410 Longages France;http://planity.com/elobeaute-31410-longages;;;;;;;;;;Traité
Elo Relax'sens;12 Imp. des Dunes 76280 Angerville-l'Orcher France;https://www.facebook.com/Elorelaxsens;;;;;;;;;;Traité
Ellemspa;14 Rue Georges Brassens 31140 Fonbeauzard France;https://ellemspa.fr/;;;;;;;;;;Traité
Elle Se Relax';4 All. Vert Bois 68840 Pulversheim France;https://www.planity.com/elle-se-relax-68840-pulversheim;;;;;;;;;;Traité
EllaZen;8 Av. du Cuirassé Bretagne 83210 Solliès-Pont France;https://www.planity.com/ellazen-83210-sollies-pont;;;;;;;;;;Traité
Élixir - Institut de Beauté - Lucciana;institut Élixir Centre europa route de l'aéroport 20290 Lucciana France;;;;;;;;;;;
Elisa Beauté;Rue d'Huisne 72400 La Ferté-Bernard France;;;;;;;;;;;
Eli Z Beauty;1 Rue du Pis Aller 27600 Fontaine-Bellenger France;http://planity.com/linstitut-de-lucy-27600-fontaine-bellenger;;;;;;;;;;Traité
El'beauté;03 Rue Costes 60110 Méru France;http://www.elbeaute60.com/;;;;;;;;;;Traité
El’Ode Beauté;Place st David’s Les flanades 63190 Orléat France;http://www.planity.com/elode-beaute-63190-orleat;;;;;;;;;;Traité
Ek institut;72 Av. du Général de Gaulle 33650 La Brède France;https://www.planity.com/t/GeVN;;;;;;;;;;Traité
Efferv'&sens D'ôrée;2 Placette des Albizzias 86130 Saint-Georges-lès-Baillargeaux France;;;;;;;;;;;
Eden Part- Drainage lymphatique, Minceur, Soins visages, massage;30 Voie Sacrée 55100 Verdun France;https://edenpart.fr/;;;;;;;;;;Traité
Eden institut;323 b Rte des Alpes 38550 Cheyssieu France;http://edeninstitut.fr/;;;;;;;;;;Traité
Eden Garden Institute;3 Av. du Maquis des Glières 51000 Châlons-en-Champagne France;;;;;;;;;;;
Eden Esthetic;7 Rue Principale 72190 Sargé-lès-le-Mans France;http://www.eden-esthetic.fr/?utm_source=gmb;;;;;;;;;;Traité
Eden Des Sens;7 Les Herbues 10110 Polisot France;;;;;;;;;;;
Écrin de pureté;40 Rue Beaurepaire 49400 Saumur France;;;;;;;;;;;
Ecolodge;62 rue jean de la nuit 63160 Égliseneuve-près-Billom France;https://www.xn--colodge-9xa.fr/;;;;;;;;;;Traité
Éclat et Sérénité Conches en Ouche;26 Rue Sainte-Foy 27190 Conches-en-Ouche France;https://eclat-serenite-conches.com/?utm_source=gmb;;;;;;;;;;Traité
Echap&Vous;398 Av. du Dr Jean Mac 72100 Le Mans France;http://www.echap-vous.fr/;;;;;;;;;;Traité
Eau 5 Sens;1 Rue des Aigrettes 59630 Brouckerque France;https://www.planity.com/institut-eau-5-sens-59630-brouckerque;;;;;;;;;;Traité
E.Leclerc Une Heure Pour Soi;26 Av. Georges Pompidou 53200 Château-Gontier-sur-Mayenne France;https://www.uneheurepoursoi.com/institut/chateau-gontier/;;;;;;;;;;Traité
Duho Institut;12a Rue de l'Epeautre 67370 Schnersheim France;http://www.duho-institut.com/;;;;;;;;;;Traité
Du Coeur à L'Âme;15ter Bd de la République 13490 Jouques France;https://www.du-coeur-a-lame.com/;;;;;;;;;;Traité
Douc'Heure Nature by Angéline;4 Rue du Thuret 72550 Coulans-sur-Gée France;http://www.institut-douc-heur-nature.fr/?utm_source=gmb;;;;;;;;;;Traité
Douc'Heure de Daphné;36 Bd Jean Jaurès 35300 Fougères France;https://www.planity.com/dhd-institut-35133-fougeres;;;;;;;;;;Traité
Douceur pour soi;4 Rue Alexis Lemoine 50230 Agon-Coutainville France;https://www.douceurpoursoi.fr/;;;;;;;;;;Traité
Douceur Marine;11 Rue de la République 76810 Luneray France;https://www.douceur-marine.fr/?utm_medium=referral&utm_source=gmb&utm_campaign=lnk-gmb;;;;;;;;;;Traité
Douceur Licia - Massages à St Mard 77230;16 Chem. du Puits 77230 Saint-Mard France;;;;;;;;;;;
Douceur de l'Etoile;24 Pl. de l'Étoile 12450 Luc-la-Primaube France;https://www.douceurdeletoile.fr/;;;;;;;;;;Traité
Douceur dans ma Bulle;1 Imp. du Clos Botret 35600 Redon France;http://www.douceurdansmabulle.fr/;;;;;;;;;;Traité
Douceur & évasion;61 Rue de la Syrah 34370 Maraussan France;;;;;;;;;;;
Douce'heure essentielle;50 Bd du Président Carnot 47000 Agen France;https://douceheureessentie.wixsite.com/douce-heure-essentie;;;;;;;;;;Traité
Doucêa;60 Rue Carnot 59116 Houplines France;https://douceaetladouceparentalite.kalendes.com/;;;;;;;;;;Traité
Douce Soeur;2 bis Chem. du Lavoir 53950 Louverné France;https://www.planity.com/douce-soeur-53950-louverne;;;;;;;;;;Traité
Douce Parenthèse;44 Rte d'Hericy 77870 Vulaines-sur-Seine France;http://planity.com/;;;;;;;;;;Traité
Douce Heure Institut;1 Rue de Vauzelle 37320 Truyes France;https://www.mc2g-app.com/Luna?action=AGL&login=douceheure37;;;;;;;;;;Traité
Douce Heure;Espace du lac Av. du Général de Gaulle 72400 La Ferté-Bernard France;https://www.planity.com/douce-heure-72400-la-ferte-bernard;;;;;;;;;;Traité
Douce Évasion;39 Rte de Laval 53210 Soulgé-sur-Ouette France;https://www.planity.com/douce-evasion-53210-soulge-sur-ouette;;;;;;;;;;Traité
Douce Evasion;2 Rue Saint-Denis 80270 Airaines France;https://www.facebook.com/douce.evasion1;;;;;;;;;;Traité
Doubs Massage;2 Rue d'Ondougou 25120 Maîche France;http://www.doubs-massage.com/;;;;;;;;;;Traité
Dorlo'Thé Institut de Beauté;1 Rue du Muguet 60126 Longueil-Sainte-Marie France;https://www.planity.com/institut-dorlothe-60126-longueil-sainte-marie;;;;;;;;;;Traité
Djesazen - Massage Metz pour ELLES;10 Rue Daubrée 57000 Metz France;http://www.djesazenmassage.fr/;;;;;;;;;;Traité
Divinessences;2113 Rte de Saint-Etienne de Tulmont 82230 Léojac France;https://divinessences.fr/;;;;;;;;;;Traité
Divine;24 Rue de Péronne 62450 Bapaume France;;;;;;;;;;;
Divina Moments | Massages méthode Renata França;9 Rte de Longwy 54870 Villers-la-Chèvre France;https://www.divinamoments.com/;;;;;;;;;;Traité
Dijon-massage;5C rue Malraux Entrée côté cour - RDC 21000 Dijon France;http://www.dijon-massage.fr/;;;;;;;;;;Traité
Diane Tech;27 Rue des Hautes Bréguières 06110 Le Cannet France;http://www.dianetech.fr/;;;;;;;;;;Traité
Dexet Adeline;3 Rue Gambetta 87000 Aixe-sur-Vienne France;https://www.dexet-institut-beaute.fr/;;;;;;;;;;Traité
Detoutebeaute institut;19 Rue de Domloup 35410 Nouvoitou France;https://www.detoutebeauteinstitut.com/;;;;;;;;;;Traité
Détente Océane;18 Rue Willy Blumenthal 1er étage 78160 Marly-le-Roi France;http://www.detenteoceane.fr/;;;;;;;;;;Traité
Détente O naturel;32 Rue du Maine 44600 Saint-Nazaire France;https://detente-o-naturel.fr/;;;;;;;;;;Traité
Détente et Beauté;6 Rue du Gladimont 80200 Péronne France;;;;;;;;;;;
Détente d'Orient;19 Av. de Caen 76100 Rouen France;https://detente-dorient.com/;;;;;;;;;;Traité
Détente & Harmonie;130 Rue de Colmar 59400 Cambrai France;https://detenteharmonie.fr/;;;;;;;;;;Traité
Destybeautyfrance massage magny les hameaux;83Route de Versailles Rte de Versailles 78114 Magny-les-Hameaux France;http://destybeautyfrance.reservio.com/;;;;;;;;;;Traité
Destress Massage;3 Rue des Mizelles 59480 La Bassée France;https://www.facebook.com/share/18Nq35aMQL/?mibextid=wwXIfr;;;;;;;;;;Traité
Destination Massage;10 Rue Gaston Lévy 92330 Sceaux France;https://www.destinationmassage.fr/;;;;;;;;;;Traité
Destination Détente;2 Imp. des Hérissières 37510 Ballan-Miré France;https://destinationdetente.wixsite.com/my-site-1;;;;;;;;;;Traité
Destination Beauté Bourg la Reine;64 Bd du Maréchal Joffre 92340 Bourg-la-Reine France;https://www.planity.com/destination-beaute-92340-bourg-la-reine;;;;;;;;;;Traité
des petits soins;2 Chem. de la Vallée 17220 Saint-Médard-d'Aunis France;http://www.despetitssoins.fr/;;;;;;;;;;Traité
Dermessence;173 Gd Rue Charles de Gaulle 94130 Nogent-sur-Marne France;http://www.dermessence.fr/;;;;;;;;;;Traité
Derma'clinic;1 Rue du Tarn 78200 Buchelay France;https://www.planity.com/dermaclinic-78200-buchelay;;;;;;;;;;Traité
Dermabellys – Institut de Beauté;12 Rue la Canal 31120 Roquettes France;https://www.dermabellys.fr/;;;;;;;;;;Traité
Delphine Baudet-Delnaturoma Massage Pontchâteau;7 Rue de Nantes 44160 Pontchâteau France;https://delnaturoma.fr/;;;;;;;;;;Traité
DELI'SENS - Massages et soins facialiste personnalisés à Mudaison, proche Mauguio dans un cadre apaisant.;17 Rue des Mûriers 34130 Mudaison France;http://deli-sens.fr/;;;;;;;;;;Traité
Délices De Peau Institut;16 Rue de la Picoterie 49070 Beaucouzé France;https://delicesdepeau.fr/;;;;;;;;;;Traité
Délice des Sens;6 Rue des Trois Fontaines 85140 Chauché France;https://www.delicedessens-esthetique.com/;;;;;;;;;;Traité
DELICE DE SOI;5 Pl. Beau Soleil 44115 Haute-Goulaine France;https://www.institut-hautegoulaine.marycohr.com/;;;;;;;;;;Traité
Delicacy Institut;Centre Commercial Carrefour route nationale 41 Av. Nelson Mandela 62138 Auchy-les-Mines France;https://www.institut-delicacy.com/;;;;;;;;;;Traité
Deep Massage;58 Rue Gustave Fontaine 59210 Coudekerque-Branche France;https://deep-massage.fr/;;;;;;;;;;Traité
Debéazen - Le Cocon;18 Chem. de la Serverie 35500 Erbrée France;http://www.debeazen.com/;;;;;;;;;;Traité
Dâr Layla;17 Rue des Parmentiers 57000 Metz France;https://www.darlayla.fr/;;;;;;;;;;Traité
Dans ma Bulle 34 Massage Marseillan Plage;67 Av. de la Méditerranée phocéa B 34340 Marseillan France;https://massagemarseillan.fr/;;;;;;;;;;Traité
Dans ma bulle;95 Av. des Barques 42170 Saint-Just-Saint-Rambert France;https://www.dansmabulleinstitut.fr/;;;;;;;;;;Traité
d'Âme Nature;Place du Foirail 43430 Fay-sur-Lignon France;;;;;;;;;;;
D&S Maderothérapie;31 Rue des Blés d'Or 93600 Aulnay-sous-Bois France;http://dsmaderotherapie.booksy.com/;;;;;;;;;;Traité
Cybelia Institut;4 Rue de l'Erabert 72450 Lombron France;https://www.cybelia-beaute.fr/;;;;;;;;;;Traité
CYBÈLE INSTITUT;29 Rue du Grand Maurian 33000 Bordeaux France;http://www.cybele-institut.com/;;;;;;;;;;Traité
Cy Beauty;47 Rue René Renault 78200 Buchelay France;https://www.cybeauty.fr/;;;;;;;;;;Traité
C'tout ce qu'elle M;57 Rue du Maréchal Foch 76210 Gruchet-le-Valasse France;http://www.c-tout-ce-quelle-m.com/;;;;;;;;;;Traité
Cryo Derma;4 Rue des Maisons Brûlées 77135 Pontcarré France;https://www.cryo-derma.fr/;;;;;;;;;;Traité
Creamy Massage;34 Rue Appert 91300 Massy France;https://creamy-massage-83.webself.net/accueil;;;;;;;;;;Traité
Crea'Corps;Rue de la Grenouillère 37120 Chaveignes France;;;;;;;;;;;
Coule de Source Massothérapie;699 Av. de Verdun Villa Ulysse 84100 Orange France;https://www.couledesource-massotherapie.fr/;;;;;;;;;;Traité
Côté Zen;Za 6 allée venturi Les Petits Champs 26120 Montélier France;http://www.cotezen-spa.fr/;;;;;;;;;;Traité
Côté Soleil Institut de beauté à Guéret;7 Rue Maurice Rollinat 23000 Guéret France;https://www.planity.com/cote-soleil-23000-gueret;;;;;;;;;;Traité
Côté Massages;330 Rue de la Fontaine 74800 Amancy France;http://www.cotemassages.com/;;;;;;;;;;Traité
Cosy Institut;322 Grande Rue 38510 Morestel France;;;;;;;;;;;
Cosm and Care - Institut de beauté bio;48 Av. du Général de Gaulle 44600 Saint-Nazaire France;https://www.cosmandcare.fr/;;;;;;;;;;Traité
Corsica Massage;Rte de la Corniche 20110 Propriano France;https://corsicamassage.com/;;;;;;;;;;Traité
Corpspour'L | Maison de beauté | Bry-sur-Marne (94);4 Rue de Noisy le Grand 94360 Bry-sur-Marne France;https://corpspourl.fr/;;;;;;;;;;
Corps Et Esprit;14 Rue du Sépulcre 79200 Parthenay France;https://corps-et-esprit79.fr/;;;;;;;;;;
CORPS ET AME;21 Rue de la Perrière 45370 Cléry-Saint-André France;https://www.massageorleans.fr/;;;;;;;;;;
Corps à coeur;Pl. du Champ de Foire 70500 Jussey France;;;;;;;;;;;
Coréâme Institut Bio;Rue du Coudet 10 63200 Marsat France;https://institut-coreame.fr/;;;;;;;;;;
Corail beauté;1 TER Rue Jlb Cocquerel 62650 Hucqueliers France;https://corailbeauteelise.wixsite.com/corailbeaut;;;;;;;;;;
Cor’Serein - Massages, soins énergétiques, drainage lymphatique, minceur, sauna dome,soin sonore;534 Rte de Lyon 38510 Morestel France;http://www.corserein.fr/;;;;;;;;;;
Connexion Zen;14 Rte de Bel air 30140 Massillargues-Attuech France;https://connexion-zen.com/;;;;;;;;;;
Confidences;858 Av. de Craponne 13370 Mallemort France;https://fleeky.fr/confidences?utm_source=link_copy&utm_medium=direct;;;;;;;;;;
Coin Beauté Chatou;1 Rue Jules Ferry 78400 Chatou France;https://www.planity.com/coin-beaute-chatou-78400;;;;;;;;;;
Co'Esthetic;20 Av. Gilbert Fabre 69390 Millery France;;;;;;;;;;;
Cocozen Massage;Résidence Nemea Le cap d'Azur 2 avenue de la Mer Le Pin Rolland Saint-Mandrier-sur-Mer France;http://www.cocozen.fr/;;;;;;;;;;
Cocoon's by Caro;5 Pl. du Général de Gaulle 62400 Béthune France;https://www.planity.com/cocoons-by-caro-62400-bethune;;;;;;;;;;
COCOONING BEAUTY;7 Rue Maréchal Foch 14140 livarot France;http://cocooningbeauty14.com/;;;;;;;;;;
Cocooning Beauté;2 Bis Rue Georges Clemenceau 85400 Luçon France;;;;;;;;;;;
Cocoonaé Briollay;6 Rue Henri Matisse 49125 Briollay France;https://cocoonae.fr/briollay/;;;;;;;;;;
Cocoon et moi;3 Lot. Gustave Flaubert 76190 St Martin de l'If France;http://www.cocoon-et-moi.com/;;;;;;;;;;
COCOON DE DOUCE'HEURE;23 Rue de Villette 80560 Louvencourt France;https://www.planity.com/cocoon-de-douceheure-80560-louvencourt;;;;;;;;;;
Cocoon 117;117 Rue de la Montagne 57600 Œting France;http://www.cocoon117.fr/;;;;;;;;;;
Cocoon & Moà;13 Rte de la Sauve 33760 Bellebat France;http://cocoonmoa.com/;;;;;;;;;;
Coconing;L eden 74200 Thonon-les-Bains France;https://coconing.fr/;;;;;;;;;;
Cocon Dream;14 Rue des Prés-Ravauds 17100 Saintes France;https://cocondream.fr/;;;;;;;;;;
Cocon de printemps;112 Av. Pierre Dumond 69290 Craponne France;;;;;;;;;;;
Cocon de Douceur;5 Mnt du Vallat 43450 Blesle France;http://www.cocondedouceur.fr/;;;;;;;;;;
C'Ma Nature;3 Rue Leroux 55500 Ligny-en-Barrois France;https://c-manature.kalendes.com/;;;;;;;;;;
C'Ma Beauté;2C Rue du Maine 53950 Louverné France;;;;;;;;;;;
CM Belle et Douce;230 Rue Henri Menier 77186 Noisiel France;https://app.reservation-en-ligne.fr/cm-belle-et-douce-77186-noisiel/home;;;;;;;;;;
Clinique De Soins De Suite Belloy En France;95270 Belloy-en-France France;;;;;;;;;;;
Claire Sicre - Massage Ayurvédique Abhyanga;Cabinet d’ostéopathie 72 Rte de Saint-Gervais 74170 Les Contamines-Montjoie France;https://www.clairesicre.fr/;;;;;;;;;;
Cinqparis;Vla Christophe 77200 Torcy France;https://www.planity.com/cinqparis-77200-torcy;;;;;;;;;;
Cils By Lau;2 Rue des Gallardières 45140 Ingré France;https://www.planity.com/cils-by-lau-45140-ingre;;;;;;;;;;
Chrysalid';1 Rés de Lochrist 22450 Coatréven France;http://www.chrysalid.bzh/;;;;;;;;;;
CHRYSALIA INSTITUT;3 Rue du Petit Limoges 87270 Couzeix France;http://www.chrysalia-institut.fr/;;;;;;;;;;
Christelle Zen, Formation, Coaching & Massages;9 Rue Cap de Roc 11130 Sigean France;http://www.christellemassagezen.fr/;;;;;;;;;;
Christelle Ramelli;34 Av. de Genève 74200 Thonon-les-Bains France;http://www.christelleramelli.fr/;;;;;;;;;;
Christelle gabet - Massages et soins énergétiques;4 Rue Cacaribaud 84370 Bédarrides France;http://www.christellegabet.fr/;;;;;;;;;;
Christèle Laurent Massage;291 Rte du Marais 73610 Aiguebelette-le-Lac France;https://www.dansetescouleurs.com/lieux-tarif-massage;;;;;;;;;;
Christèle Bégo massage;33 bis Route de Réallon 05160 Savines-le-Lac France;https://www.xn--christelemassagesportetbien-tre-z1c.fr/?utm_source=google&utm_medium=wix_google_business_profile&utm_campaign=15998500882270527276;;;;;;;;;;
Chrislaine Haye;12 Rue Django Reinhartd 79000 Niort France;https://www.chrislainehaye.fr/;;;;;;;;;;
Chouette Bulle / headspa/Massage crânien/drainage lymphatique;19 Rue Saint-Benoît 72000 Le Mans France;https://www.chouettebulle.fr/;;;;;;;;;;
Chïang Raï Massage;42 Rue des Cordeliers 13100 Aix-en-Provence France;http://chiangraimassage.fr/;;;;;;;;;;
Chez sissi;320 Rue de Barbete 71500 Branges France;https://www.chez-sissi.fr/;;;;;;;;;;
Chez Lauriane Esthétique;343 La Procession 71170 Saint-Igny-de-Roche France;http://chezlaurianeesthetique.booksy.com/a/;;;;;;;;;;
Chez El Esthétique;14 Rue Simons 59320 Hallennes-lez-Haubourdin France;https://www.chezel.fr/;;;;;;;;;;
Chez Diva's – Drainage lymphatique Nogent-sur-Seine | Soins minceur | Formation drainage lymphatique;43 Rue des Fossés 10400 Nogent-sur-Seine France;https://connectilib.fr/profil-professionnel/chez-divas-esthetique;;;;;;;;;;
Chemins d'Essences;12 Rue de Fougères 35340 Liffré France;https://www.cheminsdessences.com/;;;;;;;;;;
Charm d’Aès;1 Quai de Tréguier 29600 Morlaix France;https://charmdaes.wixsite.com/website;;;;;;;;;;
Charlotte Casaban | Salon de Massage à Aucamville;15 bis Av. de Lacourtensourt 31140 Aucamville France;;;;;;;;;;;
Charline Chardenoux | Massage Millau | Facialisme et massages holistiques l Estheticienne Millau;5 Rue Droite 12100 Millau France;https://charlinemassagemillau.fr/;;;;;;;;;;
CHANT D'ENERGIES;3 Rue des Greppes 90100 Fêche-l'Église France;https://chantdenergies.fr/;;;;;;;;;;
Chang Noi Thai Massage;139 Rue de Paris 95150 Taverny France;https://changnoitaverny.wixsite.com/chang-noi-thai-mas-1;;;;;;;;;;
CG Beauty;53 Bd Léon Blum 95260 Beaumont-sur-Oise France;https://www.planity.com/cg-beauty-95260-beaumont-sur-oise;;;;;;;;;;
Centre Surya Ayurveda;47 Rue du Garde Chasse 93260 Les Lilas France;http://www.massageayurveda.fr/;;;;;;;;;;
Centre SKIN & BEAUTÉ;11 Rue de Beauvais 60130 Saint-Just-en-Chaussée France;https://www.skinetbeaute.fr/?utm_medium=referral&utm_source=gmb&utm_campaign=lnk-gmb;;;;;;;;;;
Centre Opale Beauté;2631 Rte de Berck 62180 Rang-du-Fliers France;https://centreopalebeaute.fr/;;;;;;;;;;
Centre Omega;9 Rue de la Loge 34000 Montpellier France;http://centre-omega.fr/;;;;;;;;;;
Centre Nãmãsté;Rond point de Furiani immeuble Fardet 20600 20600 Furiani France;https://www.centre-namaste.com/;;;;;;;;;;
Centre Léno;2 Rue de l'Abbaye du Beau Bec 27940 Courcelles-sur-Seine France;http://www.centreleno.fr/;;;;;;;;;;
Centre KIN MASSAGE;22 Rue Alexandre Parodi 75010 Paris France;;;;;;;;;;;
Centre Harmonie - Infrathérapie, Massage & Soin de Mieux-Être;29 Chem. de Villeneuve 69130 Écully France;http://centre-harmonie.com/;;;;;;;;;;
Centre Esthétique et Anti-âge du Palais;36 Rue du Palais de Justice 50200 Coutances France;https://www.centredupalais-coutances.fr/;;;;;;;;;;
Centre Esthétique;5 Pl. de l'Église 58110 Châtillon-en-Bazois France;;;;;;;;;;;
Centre d'Esthétique Kathia;12 Rue du Général de Gaulle 59680 Ferrière-la-Grande France;https://www.centreesthetiquekathia.fr/;;;;;;;;;;
Centre Dermo Esthétique;8 Pl. Saint-Pierre 69440 Mornant France;https://www.institut-mornant.marycohr.com/;;;;;;;;;;
Centre de soins Terra Nature Alençon;3 Pass. de la Briante 61000 Alençon France;https://www.institut-alencon.fr/;;;;;;;;;;
Centre De Soins LM. Esthétique;2 Rte de Llupia 66300 Thuir France;http://www.facebook.com/LM-Esthetique-510662495638519;;;;;;;;;;
Centre de Madérothérapie;18 Av. du Gén de Gaulle 18500 Mehun-sur-Yèvre France;;;;;;;;;;;
CENTRE DE BRONZAGE LUXURY;49 Bd de Brandebourg 94200 Ivry-sur-Seine France;;;;;;;;;;;
Centre de Beauté Victor Hugo - Centre d'épilation Laser Diode;29 Rue de Font les Dijon 21000 Dijon France;https://www.fontainedessens.fr/;;;;;;;;;;
Centre de Beauté Maria Galland dép.Academie Scientifique De Beauté;6 Rue du Grand Logis 13510 Éguilles France;http://www.centre-beaute-eguilles.fr/;;;;;;;;;;
Centre de Beauté Léa-Rose;5 Rue Balland 01100 Oyonnax France;https://www.centredebeautelearose.com/;;;;;;;;;;
Centre de Beauté Laurie;154 Bd du 8 Mai 06550 La Roquette-sur-Siagne France;https://www.planity.com/centre-de-beaute-laurie-06550-la-roquette-sur-siagne;;;;;;;;;;
Centre de Beauté Fanny;4 Pl. du Gén de Gaulle 64170 Artix France;;;;;;;;;;;
Centre de beauté et de relaxation Après la pluie ...;Quartier Flassian 13 Rue Parmentier 11300 Limoux France;http://limoux.apreslapluie.free.fr/;;;;;;;;;;
Centre d'Ayurvéda Massaditi;8 Rue de l'Abbaye 34700 Lodève France;https://massaditi.wixsite.com/monsite;;;;;;;;;;
Centre Chrysalide;15 Rue Sadi Carnot 42230 Roche-la-Molière France;http://www.centrechrysalide.fr/;;;;;;;;;;
Centre Belle et Zen;103 Av. Joseph Combier 26250 Livron-sur-Drôme France;https://www.centrebelleetzen.fr/;;;;;;;;;;
Centre Béa - Massages et Ayurvéda;3 Rue Neuve 66000 Perpignan France;https://www.centrebea.fr/;;;;;;;;;;
Centre 3B;157 Chem. de la Loubière 13760 Saint-Cannat France;;;;;;;;;;;
Cénote Massages;15 Rue de L Hôtel de ville 63230 Pontgibaud France;https://www.cenote-massages.fr/;;;;;;;;;;
"Cellu Concept Anglet ""Centre Expert LPG""";33 Av. de Larochefoucauld 1er étage 64600 Anglet France;https://celluconceptanglet.fr/;;;;;;;;;;
Celine Natur' & Massages - Céline Delferrière;8 Le Pâtis de Longuemare 76700 Rogerville France;http://celinenatureetmassages.com/;;;;;;;;;;
Céline Massages Loriol;16 Rue des Bastides 26270 Loriol-sur-Drôme France;https://celine-massages.reservio.com/;;;;;;;;;;
Céline LH Facialiste | Massage visage anti-âge liftant | Masseuse kobido Gua sha stretching | Nomexy Épinal;40 Rue de Lorraine 88150 Thaon-les-Vosges France;https://www.planity.com/celine-lh-facialiste-62880-pont-a-vendin;;;;;;;;;;
Céline Institut;51 Rue Paul Vaillant Couturier 58160 Imphy France;;;;;;;;;;;
Celine Institut;3 bis Rue Jules Hunebelle 62120 Aire-sur-la-Lys France;;;;;;;;;;;
Celine Esthétique Ambiance et Beauté;2 Rue de Beau Soleil 44850 Saint-Mars-du-Désert France;http://celine-esthetique-ab.fr/;;;;;;;;;;
Célimène Beauté L'Atelier;1 route d'acquin Entrée côté Jean Moulin 62380 Lumbres France;;;;;;;;;;;
Célibel;23 Rue de la Paix 44390 Nort-sur-Erdre France;https://www.celibel.fr/;;;;;;;;;;
Cé Beauté;4 Rue Antoine de Lavoisier 57690 Créhange France;https://www.cebeaute.com/;;;;;;;;;;
CDESBROSSES INSTITUT - Institut de beauté;73 Rue de Wervicq 59126 Linselles France;http://www.cdesbrosses-institut.com/;;;;;;;;;;
CATTLEYA INSTITUT ET PARFUMERIE ONGLERIE FUVEAU;29 Av. Célestin Barthélémy 13710 Fuveau France;http://planity.com/;;;;;;;;;;
Cattaleya Institut;69 Av. d'Occitanie 87620 Séreilhac France;https://www.planity.com/cattaleya-institut-87620-sereilhac;;;;;;;;;;
CAT HARMONIE;53 BIS Chem. des Montarels 34140 Mèze France;https://catharmonie.wixsite.com/catharmonie/;;;;;;;;;;
Cassiopée;4 Rue Pierre et Marie Curie 87240 Ambazac France;https://cassiopeecentredebeaute.kalendes.com/;;;;;;;;;;
Casa So;203 Rue Bernard Laurent 60600 Agnetz France;https://www.planity.com/casa-so-60600-agnetz;;;;;;;;;;
CASA LOWA Massages Fabrègues;107 Rue Gine 34690 Fabrègues France;https://liberlo.com/profil/alexandra-lowe/;;;;;;;;;;
Casa di Bellezza;3232 U Corsu 20290 Lucciana France;https://www.instagram.com/casadibellezza_ps/;;;;;;;;;;
Casa Benistà;Arena Bâtiment E18 20215 Vescovato France;https://booking.wavy.pro/casabenista;;;;;;;;;;
Carré Zen;77 Bd du Président Carnot 47000 Agen France;https://www.planity.com/carre-zen-47000-agen;;;;;;;;;;
Carpe Diem Corte institut de beauté;Furnaccia Lieu dit 20250 Corte France;http://www.carpediem-corte.com/;;;;;;;;;;
Carole Beauté;10 Rue Emile Bazillou 24400 Mussidan France;http://www.institut-carole-beaute-dordogne.com/?utm_source=gmb;;;;;;;;;;
Carine Esthétique;90 D306 69380 Lissieu France;;;;;;;;;;;
CAPSULE BY SAZ MARA;43 Rue Pierre Valette 92240 Malakoff France;https://www.capsulebysazmara.com/?utm_source=google&utm_medium=wix_google_business_profile&utm_campaign=565341137251507962;;;;;;;;;;
CAP ZENITUDE BY MANON;76 bis Rue Jean Jaurès 62240 Desvres France;http://www.capzenitude.fr/?utm_source=gmb;;;;;;;;;;
CAP ESTHETIC;28 Rue Pasteur 80130 Friville-Escarbotin France;https://frmaps.xyz/business/cap-esthetic-gmCbdDVE;;;;;;;;;;
Cap Détente;7 Rue du Lionnais Zac De 49220 Grez-Neuville France;http://www.capdetente-institut.fr/?utm_source=gmb;;;;;;;;;;
Camille.M Port de plaisance - Institut de Beauté & Massage Caen;11 Rue Guilbert 14000 Caen France;https://www.camille-m.fr/;;;;;;;;;;
Camille.M Abbaye aux Hommes - Institut de Beauté & Massage Caen;11 Rue Guillaume le Conquérant 14000 Caen France;https://www.camille-m.fr/;;;;;;;;;;
Camille Massage Saint-Julien-en-Genevois;6 Rue des Vieux Moulins 74160 Saint-Julien-en-Genevois France;http://www.camillenaturodiet.com/;;;;;;;;;;
Camille BIOTY massages et soins naturels;22 Rue du Commandant d'Aigremont 25120 Maîche France;https://camillebiotymassagesetsoins.bookinbeautiful.fr/;;;;;;;;;;
Camélia beauté;27 Rue du Général Leclerc 78000 Versailles France;;;;;;;;;;;
CALMÉA;13 chemin des frenes 81100 Castres France;https://massagecalmea81.fr/;;;;;;;;;;
Calladhiel Massage;8 Rue des Rosiers 25620 Tarcenay-Foucherans France;http://www.calladhielmassage.com/;;;;;;;;;;
Cabinet Phoenix - Massage Cabestany;7 Imp. Josep Sebastia Pons 66330 Cabestany France;https://www.massagecabestany.fr/;;;;;;;;;;
Cabinet de Somato-relaxologie;19 Rue de l'Europe 10400 Nogent-sur-Seine France;;;;;;;;;;;
Cabinet de massage - Thomas Awen;1200 Rte de Noyer 74200 Allinges France;https://www.planity.com/awen-massage-thomas-74200-allinges;;;;;;;;;;
Cabinet d’acupuncture Marjorie Perez;Barbara 26780 Allan France;http://www.cabinetmarjorieperez.fr/;;;;;;;;;;
C’Zen;1 Rue des Forsythias 26320 Saint-Marcel-lès-Valence France;https://czen26.jimdosite.com/;;;;;;;;;;
C Nature Institut;24510 Saint-Marcel-du-Périgord France;https://www.planity.com/c-nature-institut-24510-saint-marcel-du-perigord;;;;;;;;;;
Bulles de perles;23 Rue de Stalingrad 95120 Ermont France;https://rdvenligne.dylentab.fr/0172535606/;;;;;;;;;;
Bulle Pour Soi;1 Av. des Pyrénées 31410 Lavernose-Lacasse France;http://www.facebook.com/bullepoursoi;;;;;;;;;;
Bulle Mélodieuse;16 Rue du Heurot 88500 Totainville France;https://www.facebook.com/share/1Z9oVyUARV/?mibextid=wwXIfr;;;;;;;;;;
Bulle et Sens;18 Rue de la Croix Peinte 86200 Loudun France;http://bulleetsens.com/;;;;;;;;;;
Bulle D'O;1187 Rue Verte 59190 Caëstre France;http://www.bulle-do.fr/;;;;;;;;;;
Bulle D'Estime - Marion Richard - Esthétique & Socio-Esthétique;Espace Bien-être 80 All. du Mont Perreux 1er étage 76230 Isneauville France;https://bulledestime.fr/;;;;;;;;;;
Bulle de sens;15 Chem. de Noé 31410 Longages France;http://bulle-de-sens.sumupstore.com/;;;;;;;;;;
Bulle de Nature;168 Bis Pl. de Magny 60640 Guiscard France;http://www.bulledenature.fr/;;;;;;;;;;
Bulle de détente;3 Chem. des Douvières 91310 Longpont-sur-Orge France;https://bulle-de-detente.kalendes.com/;;;;;;;;;;
Bulle de beauté loudun (Atelier de la beauté Tiphaine);42 Av. de Leuze 86200 Loudun France;https://reservationbeaute.fr/bulle-de-beaute-86200;;;;;;;;;;
Bul&lys Cosmetiques;Lembron Centre Commercial 29 Route de St Germain 63500 Issoire France;https://www.planity.com/bullys-cosmetiques-63500-issoire;;;;;;;;;;
BUKURIA;2 Pl. de la Libération 33530 Bassens France;https://www.planity.com/institut-bukuria-33530-bassens;;;;;;;;;;
Buchy Beauté;105 Rue de Dieppe 76750 Buchy France;https://buchybeaute.wixsite.com/monsite;;;;;;;;;;
BUATIP MASSAGE THAI;12 Av. du Pech Fario 34480 Pouzolles France;https://www.buatip-massagethai.com/;;;;;;;;;;
BS ZEN & NAILS;244 Chem. de la Rouline 69210 Fleurieux-sur-l'Arbresle France;https://www.bszenetnails.com/;;;;;;;;;;
Brunetta;73B Av. Edouard Millaud 69290 Craponne France;https://brunetta.fr/;;;;;;;;;;
Brin d'Evasion;18 Rue Jean Compagnon 25440 Chouzelot France;https://www.brindevasion3925.com/;;;;;;;;;;
Brin d'Arômes;267 quartier Dagasse 26230 Grignan France;http://www.brindaromes.fr/?utm_source=gmb;;;;;;;;;;
Borea massages;55 Rue Principale 59510 Forest-sur-Marque France;https://boreamassages.fr/;;;;;;;;;;
Bonheur de Kerauter;2 Cité Kerauter 22480 Saint-Nicolas-du-Pélem France;https://www.facebook.com/share/17Eu97zYct/;;;;;;;;;;
Bodytherapy;La Roumiouve RD 97 ZA le logis neuf 83210 Solliès-Ville France;https://bodytherapy83.fr/tarifs/;;;;;;;;;;
BODYSUN;17 bis Av. du Maréchal Foch 77500 Chelles France;https://widget.treatwell.fr/salon/bodysun/;;;;;;;;;;
Bodyline;32 Av. Georges Clemenceau 57500 Saint-Avold France;;;;;;;;;;;
Body Soft Nogent-le-Roi;5 Rue Max Cousin 28210 Nogent-le-Roi France;;;;;;;;;;;
BODY Salon de massage Pantin;36 Rue Montgolfier 93500 Pantin France;https://massage-pantin.fr/;;;;;;;;;;
Body Paradis ??;9 Pl. Gambetta 32600 L'Isle-Jourdain France;https://massagelislejourdain.com/;;;;;;;;;;
Body By CC - Institut Santé & Esthétique;65 Bd Westinghouse 93270 Sevran France;https://www.planity.com/body-by-cc-93270-sevran;;;;;;;;;;
Bô moment;Rue du Vineau 44140 Aigrefeuille-sur-Maine France;https://bomoment.fr/;;;;;;;;;;
Blooming Studio;34 Rue des 5 Chemins 59380 Quaëdypre France;https://www.instagram.com/blooming_studio_byalex?igsh=dnJjZDFlbzlpZmJv&utm_source=qr;;;;;;;;;;
Bloom Institut;6 Rue Baptiste Marcet 80340 Bray-sur-Somme France;https://calendly.com/bloominstitut80;;;;;;;;;;
Blind Sense Mariam;47 Rue Armand Caduc 33190 La Réole France;https://www.facebook.com/blindsensemariam/;;;;;;;;;;
Bleu lagon;2 Pl. de l'Église 72270 Mézeray France;https://bleulagon.kalendes.com/;;;;;;;;;;
Blandine Relaxation;29 Rue Bouse 59680 Ferrière-la-Grande France;https://blandinerelaxation.fr/;;;;;;;;;;
Biotyfull;5 place de l'iroise 29290 Milizac-Guipronvel France;https://www.biotyfull29.fr/;;;;;;;;;;
Bio’n’heur & Sérénité;Pl. Pierre Quinio 56530 Quéven France;https://www.bionheur-et-serenite.com/;;;;;;;;;;
Bio Institut Lybellule;7B Rue des Bosquets 25480 École-Valentin France;https://institutlybellule.wixsite.com/lybellule;;;;;;;;;;
BH Institut – Institut de beauté et hammam à La Roque-d’Anthéron - Beauty Hammam;Rue Jean Moulin 13640 La Roque-d'Anthéron France;https://www.bh-institut.fr/;;;;;;;;;;
Bellya Institut;15 Pl. de la Farge 63830 Nohanent France;https://www.institut-nohanent.marycohr.com/;;;;;;;;;;
Bellissim’nails;33 Rue des Pinsons 31410 Longages France;;;;;;;;;;;
Bellissia Institut de Beauté;17 Rue Albert 1er 30100 Alès France;;;;;;;;;;;
Belle O Natur'Elle;10 Chem. du Roy 27400 Heudebouville France;https://belleonaturelle27.wixsite.com/website-21;;;;;;;;;;
Belle O Naturel;à coté de la caisse d'épargne 6 Pl. Belle Croix 14700 Falaise France;https://www.planity.com/belle-o-naturel-14700-falaise;;;;;;;;;;
Belle et Zen Pleumeleuc;9 Rue Pasteur 35137 Pleumeleuc France;http://www.belleetzen-spa.fr/;;;;;;;;;;
Belle et zen au sommet;la chalp 05350 Arvieux France;http://estheticiennearvieuxenqueyras.blogspot.fr/;;;;;;;;;;
Beleza Institut;116 Rue du Général Leclerc 95410 Groslay France;http://beleza-institut-laser.fr/;;;;;;;;;;
Bel’Ame;24 Rue de la Coudrelle 79200 La Peyratte France;https://calendly.com/bel-amenergetique;;;;;;;;;;
Bego Christèle;33 Bis Route de Réallon 05160 Savines-le-Lac France;;;;;;;;;;;
Bee O Zen;6 Av. des Quatre Pierres 83510 Lorgues France;https://www.planity.com/bee-o-zen-83510-lorgues;;;;;;;;;;
Beauty'Flo;Isola 2000 Galerie Marchande Front de Neige 06420 Isola France;https://www.planity.com/beautyflo-06420-isola;;;;;;;;;;
Beauty Zen - Igoville;12 Rue du Huit Mai 27460 Igoville France;;;;;;;;;;;
Beauty World Paris;12 Av. Victor Hugo 92220 Bagneux France;https://www.beautyworldparis.com/;;;;;;;;;;
Beauty Time Institut;7 Rue Lieutenant Michel Prunet 26400 Crest France;http://www.beautytime-institut.com/;;;;;;;;;;
Beauty Success L'institut;22 A Rte de la Ferté Alais 91760 Itteville France;https://www.esthetic-center.com/institut/itteville-836;;;;;;;;;;
Beauty S;4 Pl. du Martroi 45260 Lorris France;;;;;;;;;;;
Beauty Room - Institut de beauté Freistroff;5 Rue Robert Schuman 57320 Freistroff France;https://booksy.com/fr-fr/54969_beautyroom_onglerie_105096_menskirch#ba_s=seo;;;;;;;;;;
BEAUTY MOMENT BY JU;795 Viale Di L’Acula Marina 20290 Lucciana France;;;;;;;;;;;
Beauty Line;16 Rue Gouverneur 28400 Nogent-le-Rotrou France;;;;;;;;;;;
BEAUTY HEALTHY – Massages Faciaux & Soins Holistiques;Campiana 20290 Lucciana France;https://instagram.com/beauty_healthy.corsica;;;;;;;;;;
BEAUTY GLOW centre dermo esthétique;Galerie marchande Intermarché 80100 Abbeville France;http://beauty-glow.booksy.com/;;;;;;;;;;
Beauty Form;7 Av. Emile Zola 79100 Thouars France;;;;;;;;;;;
Beauty cosy ternay formation;8 Grande Rue 69360 Ternay France;;;;;;;;;;;
Beauty Concept 95;Rue des Rayons 95430 Butry-sur-Oise France;https://www.beautyconcept95.fr/;;;;;;;;;;
Beauty Center;14 Rue Arthur Chevalier 93600 Aulnay-sous-Bois France;https://massage.ivof.com/beauty-center/;;;;;;;;;;
Beauty By Seda;31 Rue J J Henner 68130 Altkirch France;https://beautybyseda.fr/;;;;;;;;;;
Beauté Zen Institut;1 Pl. de L Hôtel de ville 56380 Guer France;https://beautezen-guer.fr/;;;;;;;;;;
Beauté Zen;42 Imp. des Diamants 69360 Ternay France;https://beautezenvirginie.com/;;;;;;;;;;
beauté vanille - Lozinghem;2 Rue Jean Bruyez 62540 Lozinghem France;;;;;;;;;;;
Beauté Sérénité;96 Rue du Chateau Deau 91630 Marolles-en-Hurepoix France;https://www.beaute-serenite.com/;;;;;;;;;;
Beauté Santé institut- Les soins beauté de Faty;4 Rue de Lisbonne Cabinet Paramédical 78990 Élancourt France;https://www.beautesante-institut.fr/;;;;;;;;;;
Beauté Pailletée Esthétique-Ongles-Cils et formation;97 Rue du Président de Gaulle 85400 Luçon France;https://www.planity.com/beaute-pailletee-85400-lucon;;;;;;;;;;
Beauté Océane;Clef du Sac 07210 Alissas France;https://beaute-oceane-alissas.jimdofree.com/;;;;;;;;;;
Beauté Natur'elle;82 Rue du Maréchal Foch 45370 Cléry-Saint-André France;https://www.kalendes.com/beautenaturelle45;;;;;;;;;;
Beauté Naturelle;Ccial INTERMARCHE 33160 Saint-Médard-en-Jalles France;;;;;;;;;;;
Beauté nature;23 Rue Emile Forichon 36230 Neuvy-Saint-Sépulchre France;;;;;;;;;;;
Beauté Naissante, Centre Expertise en Facial et Silhouette. Epilation définitive Laser Diode / Electrolyse .;50 Rue Victor Hugo 42350 La Talaudière France;http://www.beautenaissante.com/;;;;;;;;;;
Beaute Marine;Rue des Frères Caille 86300 Chauvigny France;https://www.planity.com/beaute-marine-86300-chauvigny;;;;;;;;;;
BEAUTE L-Y - Alfortville;130 Rue Etienne Dolet 94140 Alfortville France;https://spa.center.ivof.com/beaute-l-y/;;;;;;;;;;
Beauté Intérieure;1 Rue Général Leclerc 56410 Étel France;https://www.beaute-interieure-etel.com/;;;;;;;;;;
BEAUTÉ EXPERT - institut de beauté - Épilation laser;12 ter Rue des Alouettes 26500 Bourg-lès-Valence France;https://www.beauteexpert.fr/;;;;;;;;;;
Beauté Evasion;2 Rue Raspail 91290 Arpajon France;https://www.planity.com/beaute-evasion-91290-arpajon;;;;;;;;;;
Beauté et Légèreté - Drainage lymphatique RENATA FRANÇA;5 Rue Éole 31380 Garidech France;http://beaute-legerete.com/;;;;;;;;;;
Beauté et café;112 Rue du Général Leclerc 95130 Franconville France;http://www.beauteetcafe.fr/;;;;;;;;;;
BEAUTE ESSENTIELLE;5 Pl. de l'Église 56250 Elven France;;;;;;;;;;;
BEAUTE EMERAUDE;6 Rte de Lauzach 56190 Ambon France;;;;;;;;;;;
Beauté d'Or;177 Rue Victor Hugo 59210 Coudekerque-Branche France;https://www.facebook.com/laurasolenaa/;;;;;;;;;;
Beauté Détente;43 Rue de L Hôtel de ville 60240 Chaumont-en-Vexin France;;;;;;;;;;;
Beauté d'Esmée;19 Bis Av. du General Leclerc 80270 Airaines France;https://www.fresha.com/fr/book-now/beaute-desmee-dicyv0w6/all-offer?share=true&pId=2593299;;;;;;;;;;
Beauté d'Alma Soins & Massages Kobido Bordeaux;10 Rue Duffour Dubergier 33000 Bordeaux France;https://www.beaute-dalma.com/;;;;;;;;;;
Beauté d’Âme;52 Rue de Soissons 77145 May-en-Multien France;;;;;;;;;;;
Beauté Concept Espace;10 Chem. du Levant 38270 Jarcieu France;;;;;;;;;;;
BEAUTE ADDICT TIGY;6 Pl. de l'Église 45510 Tigy France;http://www.institutbeauteaddict.fr/;;;;;;;;;;
Beauté Addict;31 Rue du Général de Gaulle 95220 Herblay-sur-Seine France;http://www.beauteaddictspa.fr/;;;;;;;;;;
Basic Beauté;61 Av. Fernand Pillot 33133 Galgon France;https://www.planity.com/basic-beaute-33133-galgon;;;;;;;;;;
Baromaé;608 Rue du Village 27340 Criquebeuf-sur-Seine France;https://baromae-massages.lovable.app/;;;;;;;;;;
Bandol institut;16 Rue Pons 83150 Bandol France;http://bandol-institut99.booksy.com/a;;;;;;;;;;
Bambou'Spa;118 All. de la Croix de Lurol 43120 Monistrol-sur-Loire France;https://bambouspa.fr/;;;;;;;;;;
BAMBOO ESTHETIQUE EVREUX FRANCE;5 Rue du Neubourg 27000 Évreux France;https://www.bamboo-esthetique.fr/;;;;;;;;;;
Balneis Sens;3 Bd du Maréchal Foch 89100 Sens France;http://balneis.fr/;;;;;;;;;;
BALNEÏS AUXERRE;7 Rue de Preuilly 89000 Auxerre France;http://balneis-auxerre.fr/;;;;;;;;;;
Bali-Style;27 Rue Sainte-Catherine 80100 Abbeville France;http://www.balistyle.fr/;;;;;;;;;;
Baliangha;7 Rue du Champ de Bataille 91310 Longpont-sur-Orge France;http://www.baliangha.fr/;;;;;;;;;;
Baie Essentielle;511 Rue Anthime Devillier 80460 Woignarue France;https://baieessentielle.fr/;;;;;;;;;;
BAÏA INSTITUT;39 Av. de Paris 77120 Mouroux France;http://www.baia-institut.fr/;;;;;;;;;;
Bahija Institut;9 Av. de Carcassonne 11700 Capendu France;;;;;;;;;;;
Bahia Massage;Centre de Pieds à la Tête 40 Av. de la Perrière 56100 Lorient France;http://bahiamassage.fr/;;;;;;;;;;
B comme Beauté;Pl. de la Libération 78270 Bonnières-sur-Seine France;http://www.facebook.com/B-comme-beaut%C3%A9-103686944587912/;;;;;;;;;;
AYURVITA MASSAGES HÉRAULT;Rue de L'Ancien Four 34570 Murviel-lès-Montpellier France;;;;;;;;;;;
AYURVEDALILLE;30 Rue des Moissons CENTRE LIBEAL 59520 Marquette-lez-Lille France;http://www.ayurvedalille.fr/;;;;;;;;;;
Ayur massage 94;2 Rue Alfred Lebidon 94600 Choisy-le-Roi France;https://ayur-massage.com/;;;;;;;;;;
AYMA Nature - Massages,Madérotherapie, Drainage lymphatique, Soin visage, Kobido- Femmes & Enfant;38 Bd Eugène Pelletan 47000 Agen France;https://www.instagram.com/ayma_nature?igsh=MWV1bXRvdXV6eGZiZg==&utm_source=qr;;;;;;;;;;
Ayanna Institut;160 Rte de Pavilly 76570 Limésy France;https://m.facebook.com/ayanna-institut-1392097331013860;;;;;;;;;;
Ayâma – Massages, drainage lymphatique et soins énergétiques à Prailles (79);1 route des cabanes 79370 Prailles-La Couarde France;http://www.ayamamassage.fr/;;;;;;;;;;
Axelle GUIBOUT Thérapie Holistique, Constellations Familiales & Massage Émotionnel;2 Imp. Trousseau 61440 Messei France;https://axelleguibout.fr/;;;;;;;;;;
Avel Gwenn Institut;29 Rue des Sablons 51390 Gueux France;http://www.institut-avelgwenn.com/;;;;;;;;;;
Aux Soins de Racan;2 L'Ermitage 37370 Saint-Paterne-Racan France;https://www.facebook.com/share/r/1CRmHLb65z/;;;;;;;;;;
Aux p'tits soins;413 Rue Saint-Fiacre 45370 Mareau-aux-Prés France;http://reservationbeaute.fr/auxptitssoins;;;;;;;;;;
Aux portes de l'Eden;18 Rue du Chanois 54280 Seichamps France;https://aux-portes-de-leden.fr/;;;;;;;;;;
Aux Petits Soins Nature;Rue Paul Saint-Martin 32420 Simorre France;https://auxpetitssoinsnature.fr/;;;;;;;;;;
Aux petits soins d'Edith à Creutzwald;7a Rue de Carling 57150 Creutzwald France;https://edithbabyspa.fr/;;;;;;;;;;
Aux Petits Soins;21 Rue des Commerces 38570 Tencin France;http://www.auxpetitssoins-tencin.fr/;;;;;;;;;;
Aux Modelages d'Ailleurs;1 Pl. Saint-Louis 29200 Brest France;http://www.auxmodelagesdailleurs.fr/;;;;;;;;;;
Aux délices du corps;26 Rue Grande Rue 10210 Balnot-la-Grange France;;;;;;;;;;;
Aux Bons Soins d'Emilie;19 Bd Carnot 78420 Carrières-sur-Seine France;http://www.aux-bons-soins-d-emilie.com/;;;;;;;;;;
Aux 5 sens;5 Rue des Rossignols 47600 Nérac France;http://aux5sens47.fr/;;;;;;;;;;
Auroresthétik;La Ferme de 1 Rue d'Arqueil 77176 Nandy France;https://www.planity.com/auroresthetik-77176-nandy;;;;;;;;;;
Aurélie Infini Taopao;261 Rue du Rosier 45160 Olivet France;https://m.facebook.com/infinitaopao45/?locale2=fr_FR;;;;;;;;;;
Auré Cocooning;46 Rue du Moulin À Vent 34290 Abeilhan France;http://www.aurecocooning.fr/;;;;;;;;;;
Auramassa;20 boucle johannes kepler 57360 Amnéville France;https://www.fresha.com/fr/book-now/auramassa-igvjhd6b/services?lid=1478301&eid=3339217&share&pId=1403892;;;;;;;;;;
AURALÉNA - INSTITUT DE BEAUTE;2 Square Des Fuchsias Lotissement Rés les Jardins de Saint-Marc 13580 La Fare-les-Oliviers France;https://morgane-duval.wixsite.com/home-spa;;;;;;;;;;
Audrey Le Squer massage & énergéticienne Morbihan, Amma assis en entreprise;7 Rte de Corn er Hoët 56400 Brech France;https://audreylesquer.fr/;;;;;;;;;;
Audrey Beauté;13 Av. de Picardie 80250 Ailly-sur-Noye France;https://fleeky.fr/audreybeaute;;;;;;;;;;
Audéssence Institut de Beauté;14 Rue des Vieilles Vignes 31410 Capens France;https://iarabeauty.com/fr/pro/audessence;;;;;;;;;;
Aud&Sens - Audrey THIBAULT;3 Rue des Charassans 77710 Villemaréchal France;http://resalib.fr/p/73749;;;;;;;;;;
Aube Des Sens;22 Rue de la Voie Pouche 10340 Les Riceys France;https://www.facebook.com/share/1AviHeTrth/?mibextid=wwXIfr;;;;;;;;;;
Au Temps Suspendu;1672 Chem. Soubacq 64110 Jurançon France;https://autempsuspendu.com/;;;;;;;;;;
Au Petit Salon;322 Rue Charles d'Orléans 45430 Mardié France;http://www.au-petit-salon.com/;;;;;;;;;;
Au Pays Des Sens;13 bis Av. Descartes 33160 Saint-Médard-en-Jalles France;http://www.aupaysdessens.com/;;;;;;;;;;
Au moment présent;10 Imp. de la Croix Rolland 22300 Rospez France;https://www.aumomentpresent.com/;;;;;;;;;;
Au Jardin Secret;1C Rue du Général Leclerc 67450 Mundolsheim France;http://www.institut-aujardinsecret.fr/;;;;;;;;;;
AU HAVRE DE PAIX;1 Rue Beethoven 57520 Grosbliederstroff France;http://www.institut-au-havre-de-paix.eu/;;;;;;;;;;
Au Dénouement Massages Pro et psycho Énergie;1 Av. de la Richarde 81200 Mazamet France;;;;;;;;;;;
AU DELA DES MAINS;5 All. des Templiers 95380 Puiseux-en-France France;http://clanc2.wix.com//audeladesmains;;;;;;;;;;
Au delà des Apparences;15 Rue du Langhe Gracht 59180 Cappelle-la-Grande France;https://audedeladesapparences-dk.sumupstore.com/;;;;;;;;;;
Au coeur du Tantra en Picardie- Massage Tantrique.-Femmes-Hommes et Couples;12 Rue du Canal 80200 Cléry-sur-Somme France;https://massage-tantrique-picardie.com/;;;;;;;;;;
Au Coeur des Sens;19 bis Rue du Dr Fourniols 95420 Magny-en-Vexin France;https://www.planity.com/au-coeur-des-sens-95420-magny-en-vexin-cws;;;;;;;;;;
Au cœur des mains;Hameau 58310 Dampierre-sous-Bouhy France;https://www.facebook.com/share/17oht2wLYP/;;;;;;;;;;
Au Coeur de la Relaxation;19 Pl. de la Paix 41110 Saint-Aignan France;https://coeur-relaxation.fr/;;;;;;;;;;
Au cocon de chloé;45 Rue Saint-Martin 53100 Mayenne France;https://www.planity.com/au-cocon-de-chloe-53100-mayenne;;;;;;;;;;
Au Bonheur Des Sens - Institut de beauté à Locqueltas;13 Rue Désiré Caudal 56390 Locqueltas France;https://www.planity.com/au-bonheur-des-sens-56390-locqueltas;;;;;;;;;;
Au Bonheur des Sens;1 Pl. de l'Église 74330 Poisy France;http://www.bienetre-74.com/;;;;;;;;;;
Au bain de soleil;78 Av. du Maréchal Foch 77500 Chelles France;https://www.aubaindesoleil.com/;;;;;;;;;;
Atypique Massage;3 Rue du Château 54680 Errouville France;https://atypiquemassage.com/;;;;;;;;;;
Athénaïs L'âme du massage;30 bis Rte de Ruaudin 72230 Arnage France;https://www.athenaislamedumassage.com/;;;;;;;;;;
Atelier ma sphere;50 Rés des Marronniers 17220 La Jarrie France;http://ateliermasphere.fr/;;;;;;;;;;
Atelier de Romy;64 Rue Blondel 02240 Ribemont France;;;;;;;;;;;
Atelier de la beauté;Za sainte croix 38 Ave des Mestieraou 84260 Sarrians France;http://www.atelierdelabeaute.fr/;;;;;;;;;;
Association Equilibre & Harmonie à Le Russey;7 Avenue Maréchal de Lattre de Tassigny 25210 Le Russey France;http://www.associationequilibreharmonie.yj.fr/;;;;;;;;;;
Asili - Massages et cosmétiques naturels et bio;13 Rue Henri Cureyras 03300 Cusset France;https://www.facebook.com/Asili.Ni.Maali/;;;;;;;;;;
Ar'Zen Beauté La Forêt Fouesnant;2 B Rue Per Jakez Hélias 29940 La Forêt-Fouesnant France;https://arzen-beaute.fr/;;;;;;;;;;
Art Melie Beauty;21 Rue Prte de Sologne 45600 Sully-sur-Loire France;https://www.planity.com/art-melie-beauty-45600-sully-sur-loire-466;;;;;;;;;;
ART ESTETIKA | Soins & Beauté - minceur, anti-âge, épilation définitive;22 B Avenue Général de Gaulle 30100 Alès France;http://www.artestetika.fr/;;;;;;;;;;
Art de Soi;50 Pl. de la Croix de Pierre 36100 Issoudun France;;;;;;;;;;;
Arôme & Sens;Centre d’activités de Avenue des Martyrs Resistance - ZA De 5 Av. des Martyrs de la Résistance 47200 Marmande France;https://www.arome-et-sens-marmande.com/;;;;;;;;;;
Aromatic Beauté - Annot - Institut & Concept Store;16 Place du Revelin 04240 Annot France;https://www.facebook.com/share/1BxswRAGhX/;;;;;;;;;;
AROMANESSENS;61 Av. de la République 13103 Saint-Étienne-du-Grès France;https://www.aromanessens.com/;;;;;;;;;;
Aroma Zen;24 Rue Caviale 46100 Figeac France;http://www.aromazen-figeac.fr/;;;;;;;;;;
Aroma Harmonie du corps et de l' esprit;77 Rue Aristide Briand 27120 Ménilles France;https://aroma-institut.fr/;;;;;;;;;;
Armonizen;59 Rue de la République 42350 La Talaudière France;http://armoni-zen.fr/;;;;;;;;;;
ARMELLE MUNIER;13 Av. de Château-Thierry 02400 Brasles France;https://armelle-munier-massages-bien-etre.com/index.html;;;;;;;;;;
ArmauriZen;1 Rue Sébastien ar Balp 29500 Ergué-Gabéric France;https://armaurizen.com/;;;;;;;;;;
ARIMA massages;324 Le Moulin 64120 Aïcirits-Camou-Suhast France;https://www.arimassages.fr/;;;;;;;;;;
Ariane Forme et Beauté Segré;23 bis Rue du 8 Mai 1945 49500 Segré-en-Anjou Bleu France;https://ariane-formebeaute.fr/;;;;;;;;;;
Argaya;Centre du Jara 64220 Saint-Jean-Pied-de-Port France;;;;;;;;;;;
Arbor et Sens;360 Rue des Estingants 27210 Beuzeville France;https://mathildemasseuse.odoo.com/;;;;;;;;;;
Apsara;40 Rte des Blaves 74200 Allinges France;;;;;;;;;;;
Aphrodit;35 Av. du Vallespir 66110 Amélie-les-Bains-Palalda France;;;;;;;;;;;
AP Aux Petits Soins, Institut de beauté, Prothésiste ongulaire, Technicienne en extensions de cils, Magnétisme;Rue Armand Jouault 35150 Janzé France;https://www.facebook.com/apauxpetitssoins/;;;;;;;;;;
Anthéa L'Institut;3 Bd d'Alsace Lorraine 50200 Coutances France;http://www.institut-anthea-coutances.fr/;;;;;;;;;;
Annabelle Baumont;Kerret 56390 Grand-Champ France;;;;;;;;;;;
Angkor Institut;1 La Croix Tardais 35750 Iffendic France;https://www.angkorinstitut.fr/;;;;;;;;;;
AngelBeauty;646 Rue Louis Duquesne 62400 Locon France;https://www.planity.com/angel-beauty-62400-locon;;;;;;;;;;
Aneth Massage Ayurvédique;12 Pl. de l'Industrie 69550 Amplepuis France;;;;;;;;;;;
Anathys;47 Rue Pierre Trouvé 78660 Ablis France;https://anathys.fr/;;;;;;;;;;
Anahita Nature et Soins;11 Chem. de Lauris 84160 Cadenet France;http://anahitanaturetsoins.fr/;;;;;;;;;;
Anahata, Centre de santé intégrative & massages - Concarneau;5 bis Rue des Écoles 29900 Concarneau France;http://www.anahata-studio.fr/;;;;;;;;;;
Anahata Institut;19 Rue de Lebisey 14610 Épron France;https://anahata-institut.fr/;;;;;;;;;;
Anahata Corps & Âme;37 Bd Carnot 43000 Le Puy-en-Velay France;https://www.anahata-corps-et-ame.fr/;;;;;;;;;;
ANAHATA;755 Rue de l'Ange Gardien 59870 Marchiennes France;https://www.facebook.com/anahatabbe;;;;;;;;;;
AMPELA SOA BEAUTY;6 Rue du Moulin 34290 Alignan-du-Vent France;https://www.facebook.com/share/1AHDUsC7uU/?mibextid=wwXIfr;;;;;;;;;;
AMMAE;8 Rue de l'Avenir 78660 Ablis France;https://ammae.fr/;;;;;;;;;;
Ameline di Giulio, massages énergétiques tantriques, tantra, formation et initiations;8 Rue du Sablon 17132 Meschers-sur-Gironde France;http://www.amelinedigiulio.fr/;;;;;;;;;;
Amé Rituels Valérie Clément - Facialiste;860 Av. Jean Moulin 13480 Cabriès France;https://www.instagram.com/ame.rituels;;;;;;;;;;
ÂME De LOTUS;La Suye 38550 Clonas-sur-Varèze France;;;;;;;;;;;
Ambre Institut;1 Av. Raymond Poincaré 87700 Aixe-sur-Vienne France;http://ambreinstitut.fr/;;;;;;;;;;
Ambre;8 Rue du Dr Réau 36360 Luçay-le-Mâle France;;;;;;;;;;;
Ambian'spa;7 Rue Dorian 42700 Firminy France;http://www.ambianspa.com/?utm_source=gmb;;;;;;;;;;
Ambiance cocooning;2 All. Françoise Giroud 33310 Lormont France;https://www.planity.com/ambiance-cocooning-33310-lormont;;;;;;;;;;
Ambiance Caramel;5 Rue du 19 Mars 1962 22350 Caulnes France;http://www.ambiancecaramel.fr/;;;;;;;;;;
Amary's Care;42 Rue Charles Lemaire 60440 Nanteuil-le-Haudouin France;https://www.amaryscare.fr/;;;;;;;;;;
Amarylis Beauté;8 Rue Boiteux 25110 Baume-les-Dames France;http://www.amarylis-beaute.com/;;;;;;;;;;
Amandine Institut;1 Rue des Bûcherons 12450 Luc-la-Primaube France;;;;;;;;;;;
Altitude Zen-Massage;52 All. du Vigneau 44840 Les Sorinières France;http://www.altitude-zen.fr/;;;;;;;;;;
Althéa;28 Rés du Chemin Saint-Pierre 91490 Oncy-sur-École France;http://institut-althea.fr/;;;;;;;;;;
Alpha | Prothésiste Ongulaire - Soin du visage - Massages;3 Rue de Paris 60430 Noailles France;https://www.instagram.com/alpha_beaute_bienetre_60430?igsh=MXM5bm5sd2Zjd3JzZA==;;;;;;;;;;
Aloha Beaute;ZA Lou Pont Trinquat 81290 Labruguière France;https://www.aloha-beaute.fr/;;;;;;;;;;
Aloha - XinLian Massage;31 Rue des Bordeaux 94220 Charenton-le-Pont France;http://www.institut-aloha.fr/;;;;;;;;;;
Aloé Massages;27 Rue Paul Vaillant Couturier 69310 Oullins-Pierre-Bénite France;http://www.aloemassages.com/;;;;;;;;;;
ALOA;1 Rue Paul Doumer 72800 Luché-Pringé France;http://www.aloa-esthetique.fr/;;;;;;;;;;
Allos Forme et Détente;04260 Allos France;https://www.allos-forme-detente.com/;;;;;;;;;;
All'inEnergie;Chalénergie En bas de la Rue du Pont 57515 Alsting France;https://www.allinenergie.com/;;;;;;;;;;
Alliance Beauté;88 Av. du Général de Gaulle 44600 Saint-Nazaire France;http://www.institutalliancebeaute-saintnazaire.fr/;;;;;;;;;;
Alizé Beauté;41 Av. du Balcon du Canigou 66240 Saint-Estève France;https://www.planity.com/alize-beaute-66240-saint-esteve;;;;;;;;;;
Alison_Evaël;70 Rue Notre Dame 22600 Loudéac France;;;;;;;;;;;
Alison INSTITUT;6 Rue du Général de Gaulle 55500 Ligny-en-Barrois France;http://alisoninstitut.booksy.com/a/;;;;;;;;;;
AL'institut;52 Rue Sainte-Anne 50380 Saint-Pair-sur-Mer France;;;;;;;;;;;
Aliette Beauté;1 Imp. des Jardins 87350 Panazol France;http://www.aliette-beaute.com/;;;;;;;;;;
Algue Marine;17 Bis Rue Gambetta 59540 Caudry France;http://www.alguemarine.fr/;;;;;;;;;;
Algoceane Institut;28 Rue de Tourcoing 59960 Neuville-en-Ferrain France;https://institut-algoceane.fr/;;;;;;;;;;
Alexandra Massage Energetique AME;991 Rte de la Jouasse 83250 La Londe-les-Maures France;https://alexandra-petermann.systeme.io/massage;;;;;;;;;;
Al'esthétique;40 Rue Clemenceau 59830 Bourghelles France;https://rdvenligne.dylentab.fr/institut/al-esthetique-59830-bourghelles-0320641861/?fbclid=IwZXh0bgNhZW0CMTAAAR0BkN4n8A5fLyIOKGG-cpNefy9ke4bz00t3E7SIHvea6QZR2NVKnk-OWkA_aem_QR2Yw2xpuQhWvfV5UUd6WA&h=AT11yH2_lJ0F-MR3DJ_pzkoVBnHAN0L3Ef_vc83FtdRKmxM2ucFJ2rr9ihwU9M1fXjUVAMmxmmMEdnD13KSSK1pUFlHDI3vzLwYAhwSJhDT8PUHGTrnH_-eyzV2hsiFJxBiXiQOVAqjrXOvVl9Ct8A;;;;;;;;;;
Alegria Institut;Résidence les Vergers 2 Rue Nationale 57350 Stiring-Wendel France;https://planity.com/massage-dexception-alegria-institut-57350-stiring-wendel;;;;;;;;;;
Alchimie Métamorphosante - Massage femme enceinte et bébé Challans;96 chemin des Turelières La Croisée 85220 Commequiers France;https://alchimiemetamorphosante.fr/;;;;;;;;;;
Albizia Massages;39 Chem. de la Fatta 73470 Novalaise France;https://albiziamassages.wixsite.com/albizia-massages;;;;;;;;;;
Alain Patrick Massage;Le Pinqua 47800 Agnac France;http://massage.ovh/;;;;;;;;;;
Aix-en-Détente Massages Karine Ranciat;35 Rue de la Déesse Hestia 13290 Aix-en-Provence France;https://aix-en-detente.fr/;;;;;;;;;;
Aire De Beauté;2 Noguès 32340 Castet-Arrouy France;https://www.kalendes.com/airedebeaute/#/booking;;;;;;;;;;
Ain’S’Temps Massages;250 Rue de l'Église 01570 Feillens France;https://www.facebook.com/profile.php?id=100086380448200;;;;;;;;;;
Aime-Milie;La Garenne Morvan 22320 Le Haut-Corlay France;https://www.planity.com/aime-milie-22320-le-haut-corlay;;;;;;;;;;
Agapé Massage;579 Rte de Pau 64300 Orthez France;https://agapemassage.fr/;;;;;;;;;;
A'détente;61 Rte de Crémieu 38230 Tignieu-Jameyzieu France;https://xn--adtente-cya.my.canva.site/;;;;;;;;;;
Adèle du corps à l'âme;14 Rte Neuve 13990 Fontvieille France;;;;;;;;;;;
Actu-Elle Beauté;la 32 Rue Latapie 33650 La Brède France;http://www.actuellebeaute.fr/;;;;;;;;;;
Acqua Chjara;Place St Jean 20130 Cargèse France;https://acqua-chjara.com/;;;;;;;;;;
Accent Massage;2 Imp. des Rouges Gorges 72230 Mulsanne France;http://www.accentmassage.fr/;;;;;;;;;;
AC Corps Parfait - Lormont;2 Rue de la République 33310 Lormont France;;;;;;;;;;;
Abyss Institut;157 Rue de la République 38490 Les Abrets en Dauphiné France;;;;;;;;;;;
Absolut Sun;62 Quai Général Leclerc 13500 Martigues France;http://www.absolutsun.com/;;;;;;;;;;
Absolue Détente;7 Rue Carnot 60150 Thourotte France;;;;;;;;;;;
Abadiania;158 Chem. de la Filature 30380 Saint-Christol-lez-Alès France;http://abadiania.fr/;;;;;;;;;;
A PART ETRE;53 Chem. de Palau del Vidre 66700 Argelès-sur-Mer France;https://apartetre.fr/;;;;;;;;;;
À ma Sérénité;22 Rue Saint-Denis 77700 Coupvray France;https://www.amaserenite.fr/;;;;;;;;;;
A La Source;8 Pl. des Martres 63118 Cébazat France;https://www.institut-alasource.fr/;;;;;;;;;;
A fleur d'eau;2305 Rte de Gravelines 62370 Saint-Folquin France;https://www.rdv360.com/a-fleur-d-eau;;;;;;;;;;
A Fleur de Peau - Institut de beauté - Varades/Loireauxence (44);24 Rue du Dr Auguste Chéné 44370 Loireauxence France;https://www.a-fleur-de-peau-varades.fr/;;;;;;;;;;
À Fleur de Peau;10 Rue de la Liotterie 44430 Le Loroux-Bottereau France;https://www.facebook.com/louisa.selimovna.92;;;;;;;;;;
A Fleur de Peau;2 Rue de la Gare 25770 Franois France;http://www.afleur-de-peau.fr/?utm_medium=referral&utm_source=gmb&utm_campaign=lnk-gmb;;;;;;;;;;
A Corps Zen Sarl;16 Rue Victor Fourcault 53800 Renazé France;https://sites.google.com/view/institutacorpszenrenaze/accueil;;;;;;;;;;
A Corps Parfait (Aurore);8 Rue de la Chèvrerie 45220 Château-Renard France;https://www.acorpsparfait-45.fr/;;;;;;;;;;
A Corps Parfait;25 Rte de Montpellier 30250 Sommières France;http://acorpsparfaitsommieres.kalendes.com/;;;;;;;;;;
À Corps par Fée;Centre médical et Bien être 8 All. de Crabitère Bât 2 33980 Audenge France;https://www.xn--acorpsparfe-kbb.com/;;;;;;;;;;
A Corps d'Âme;12 Rue de Dierdorf 51460 Courtisols France;http://acorpsdame.fr/;;;;;;;;;;
A 2 Mains et 1 Coeur : Sauna japonais, Luxopuncture®, Massages Kobido, Métamorphique, Amincissant, Lumino-relaxothérapie;ZA de 16 Imp. Gutenberg Entrée 2 38110 Rochetoirin France;http://www.2mains1coeur.fr/;;;;;;;;;;
5 Bulles de rêve;82 Av. de la République 56700 Hennebont France;http://www.5bullesdereve.fr/;;;;;;;;;;
2L Beauté - ESTHETIQUE MINCEUR BEAUCHAMP..;31 Av. du Général Leclerc 95250 Beauchamp France;http://www.esthetiqueminceurbeauchamp.fr/;;;;;;;;;;
29 Boulevard;29 Rue des Emangeards 61300 L'Aigle France;;;;;;;;;;;
111SUN•Épilation Massage Paris;23 Rue Mademoiselle 75015 Paris France;http://epilationmassageparis.fr/;;;;;;;;;;
100% Esthétique;69 Av. de la Libération 33410 Béguey France;https://www.facebook.com/Complexe-Esthetique-153546688555418/;;;;;;;;;;
• Manon Baëlen • Massages, Chi Nei Tsang, shiatsu, Réflexologie plantaire et femmes enceintes • Soins énergétiques;2188 Rte de Ste Croix 61210 Putanges-le-Lac France;http://instagram.com/massage_manonbaelen;;;;;;;;;;
(La parenthèse...);32bis Rue nationale 83190 Ollioules France;https://www.facebook.com/fatimalaparenthese/;;;;;;;;;;
Office de Tourisme & du Thermalisme de la Roche-Posay;14 Bd Victor Hugo 86270 La Roche-Posay France;http://www.larocheposay-tourisme.com/;;;;;;;;;;
Parc Résidentiel de loisirs LES PLATANES | Vente de chalets avec terrains | Locations de vacances et cures thermales;3 Rte de Lecoume 40230 Saint-Geours-de-Maremne France;https://parcplatanes.com/;;;;;;;;;;
Salle des Fêtes d'Encausse les Thermes;Padehant 31160 Encausse-les-Thermes France;;;;;;;;;;;
Village de Vacances - Le Tarbesou | Location Vacances - Chalets | Ax-les-Thermes;Plt de Bonascre 09110 Ax-les-Thermes France;https://www.marc-montmija.com/etablissements/village-de-vacances-le-tarbesou/;;;;;;;;;;
Nancy Thermal;52 Av. du Maréchal Juin 54000 Nancy France;http://nancythermalresort.fr/aquasports.html;;;;;;;;;;
Aquathermie;21 All. du Ruisseau 38640 Claix France;;;;;;;;;;;
Résidence Gaïa à 200 m des Thermes de Jonzac;14 Rue de la Frémigère 17500 Jonzac France;http://residencegaia.fr/;;;;;;;;;;
Thermoconfort;8 Rue du Clos Bozard 25530 Vercel-Villedieu-le-Camp France;;;;;;;;;;;
Batherm;249 Av. des États Unis 54700 Pont-à-Mousson France;https://www.facebook.com/profile.php?id=61565456938092;;;;;;;;;;
Les Therméo;Rue du Bas Fontain 41500 Suèvres France;http://www.lesthermeo.fr/;;;;;;;;;;
Nancy Thermal;41 Rue Sergent Blandan 54000 Nancy France;https://www.nancythermalresort.fr/;;;;;;;;;;
Delta Piscine / Techni-Therme - Franchisé Alliance Piscine;2876 Rue Jean Rostand 42350 La Talaudière France;https://www.delta-piscine.fr/;;;;;;;;;;
ThermoConcept SAS;51 Les Jardins 57940 Volstroff France;https://www.facebook.com/ad_center/create/ad/?entry_point=www_profile_plus_promote_as_primary_action&page_id=832951726568608;;;;;;;;;;
Olydea les Sources - à proximité des thermes de Montbrun-les-Bains;510 route des Thermes 26570 Montbrun-les-Bains France;http://www.olydea.com/;;;;;;;;;;
Eurotherm;6 Rue Soeur Saint-Antoine 50150 Sourdeval France;https://sarl-eurotherm-50.fr/;;;;;;;;;;
Systherm60 SAS;4 Rue Léonard Masse 60510 Therdonne France;https://www.facebook.com/systherm60/;;;;;;;;;;
Résidence Czarny Maison Individuelle - Location Jonzac | Location Cure Thermale Jonzac | Thermes Jonzac;Résidence Czarny Maison individuelle 7 Rue de la Frémigère 17500 Jonzac France;https://residenceczarny.fr/;;;;;;;;;;
Villa spacieuse à Ax-les-Thermes avec piscine et spa;09110 Ax-les-Thermes France;https://br.bluepillow.com/search/6398fd76c551970d3c76273f?dest=bkng&cat=Villa&lat=42.72313&lng=1.84636&language=pt;;;;;;;;;;
Chambre studio cuisine indépendant 2 pers piscine proche Thermes des Fumades;30340 Rousson France;https://br.bluepillow.com/search/6398ec48c551970d3c748ca5?dest=bkng&cat=House&lat=44.1817&lng=4.20036&language=pt;;;;;;;;;;
LL THERMIQUE;215 Voie Morée 88300 Neufchâteau France;;;;;;;;;;;
"Gîte ""Le Mas des Albères"" piscine privative proche Collioure Thermes du Boulou dans les Pyrénées Orientales 66";7 Chem. Saint-Christophe 66740 Montesquieu-des-Albères France;http://www.holidays-mediterranee.com/;;;;;;;;;;
Aqua-therm 37 | Plombier 37;4 Bis Rue du Moulin 37360 Saint-Antoine-du-Rocher France;https://aqua-therm37.fr/;;;;;;;;;;
NormaTHERM Service;Chem. de Bouvier 61300 Saint-Sulpice-sur-Risle France;;;;;;;;;;;
Ainthermie;17 Chem. du Grand Rontet 01800 Saint-Maurice-de-Gourdans France;https://ainthermie.com/contact/;;;;;;;;;;
CREATHERM;1 Rue des Pinsons 25210 Le Russey France;;;;;;;;;;;
ETT - Energie Transfert Thermique;Rue de Brest 29830 Ploudalmézeau France;https://www.ett-hvac.com/;;;;;;;;;;
Centrale Thermique de Kénitra.;Kénitra Maroc;;;;;;;;;;;
Centrale Thermique Jorf Lasfar;B.P 99 Sidi Bouzid 24000 Maroc;;;;;;;;;;;
Centrale Thermique Mohammedia;MHJ9+58H Mohammédia Maroc;http://www.one.org.ma/;;;;;;;;;;
Denso Thermal Systems Morocco;P39V+J6X? ?????? ??????? ??? 1 Tangier Maroc;https://www.denso.com/global/en/;;;;;;;;;;
Piscine Thermale De Moulay Yaakoub;thermes de Moulay Yacoub Prefecture Maroc;;;;;;;;;;;
Station Thermal Ain Allah;Ain Allah Maroc;;;;;;;;;;;
Station Thermale Abaynou;3XM2+WR5 Imi N'Fast Maroc;;;;;;;;;;;
Les Thermes des Arganiers;C94X+6J Agadir 80000 Maroc;;;;;;;;;;;
Station Thermale (Homme);3XWJ+6RJ Maroc;;;;;;;;;;;
Vers l’ancienne station thermale;3RV9+2W Moulay Yaâcoub Maroc;;;;;;;;;;;
Vers la station thermale vichy spa;3RVC+43 Moulay Yaâcoub Maroc;;;;;;;;;;;
[P] Parking Aquavert;14 Rte de Brignais 69160 Tassin-la-Demi-Lune France;;;;;;;;;;;
A.P.P.M.A - Association de Pêche et de Protection du Milieu Aquatique;3 Rue des Hérons 67120 Ernolsheim-Bruche France;;;;;;;;;;;
activaqua;6 Rue de Lahoun 40220 Tarnos France;https://www.activaqua-sudouest.fr/;;;;;;;;;;
Aqua Balnéo;100 Imp. des Fabricants 34820 Teyran France;;;;;;;;;;;
Aqua Fit Relax;203 Chem. du Cruet 73420 Drumettaz-Clarafond France;https://www.facebook.com/aquafitrelax.drumettaz;;;;;;;;;;
AQUA GRIMPE MILLAU GRANDS CAUSSES;12 Rue de la Prise d'Eau 12100 Millau France;https://www.aquagrimpe.com/;;;;;;;;;;
Aqua Koï;ZA la Petite Vallée 60290 Cauffry France;http://www.aquakoi.fr/;;;;;;;;;;
Aqua longe Malo les Bains;digue de 59373 Dunkerque France;;;;;;;;;;;
Aqua Nat' Juvignac;à coté de la poste CC Porte du soleil 34990 Juvignac France;https://aquanat-juvignac.fr/;;;;;;;;;;
Aqua Parc;Maroc;;;;;;;;;;;
Aqua Part;64 Grand'Rue Jean Jaures 26300 Bourg-de-Péage France;http://aqua-part.fr/;;;;;;;;;;
Aqua Piscines & Spas Roanne;2 All. Bernard Palissy 42300 Villerest France;https://aqua-piscines-roanne.fr/?utm_source=gmb;;;;;;;;;;
AQUA PLUS;57 Rte de Mantes 78240 Chambourcy France;http://www.aqua-plus.fr/;;;;;;;;;;
Aqua Pools & Spas;57 Rue Aristide Barbieux 59158 Flines-lès-Mortagne France;https://aqua-pools-spas.fr/;;;;;;;;;;
Aqua Store;565 Rue Charles de Gaulle 01150 Saint-Vulbas France;https://www.aqua-store.fr/;;;;;;;;;;
AQUA SYAN;27 Rue du Tour de l'Eau 38400 Saint-Martin-d'Hères France;;;;;;;;;;;
Aqua Synergie - Piscine et spa;2-10 Rue de Prat Cotel 22700 Saint-Quay-Perros France;http://www.aquasynergie.fr/;;;;;;;;;;
Aqua Vivarium;3 Rue George Sand 59760 Grande-Synthe France;;;;;;;;;;;
Aquabell'eau;8 ter Rue Denis Papin 54300 Chanteheux France;https://www.aquabelleau.fr/;;;;;;;;;;
Aquabike Saint-Étienne;62B Rue Emile Zola 42100 Saint-Étienne France;https://aquavelosaintetienne.simplybook.it/v2/;;;;;;;;;;
AQUACABANA;Chem. de Maguide 40600 Biscarrosse France;http://www.aquacabana.net/;;;;;;;;;;
Aquadis piscine - Chateauneuf;22 Fourneillier 13220 Châteauneuf-les-Martigues France;https://www.aquadis-piscine.com/;;;;;;;;;;
AquaFamily Jo;100 Pauferit 34800 Lacoste France;https://piscineavecjojo.wixsite.com/website;;;;;;;;;;
Aquafit;8 Rue de la Briqueterie 62000 Arras France;https://aqua-fit.fr/;;;;;;;;;;
Aquaform'oise;29 Rue Hélène Boucher 60660 Cires-lès-Mello France;https://www.aquaformoise.fr/;;;;;;;;;;
AquaJet Pornichet Baie de La Baule et Le Pouliguen 44;Port de Plaisance 44380 Pornichet France;http://www.aquajet-pornichet.com/;;;;;;;;;;
AQUALIA;2 ROUTE DE COESMES 35240 Retiers France;https://aqualia-eau.com/;;;;;;;;;;
Aqualmi Piscine Chalons;2 Av. des Escarnotières 51000 Châlons-en-Champagne France;http://www.aqualmipiscine.com/;;;;;;;;;;
Aqualor;Parc d'Activités de Fénétrange 57930 Fénétrange France;http://www.aqualor.com/;;;;;;;;;;
Aqualuc;10600 La Chapelle-Saint-Luc France;;;;;;;;;;;
Aqualude;6 Rte de Bray 77160 Provins France;http://in-aqualude.com/;;;;;;;;;;
AquaModer;33 Rue de la Gare 67330 Dossenheim-sur-Zinsel France;;;;;;;;;;;
AQUAMOUV'IN;217 Rue de Fontainebleau 77720 Bréau France;https://www.aquamouv-fontenay.fr/;;;;;;;;;;
Aquapic;25 Chem. du Cros 34270 Saint-Mathieu-de-Tréviers France;https://www.aquapic.fr/;;;;;;;;;;
AQUAROCH;Rue du Stade 56670 Riantec France;https://aquaroch.fr/;;;;;;;;;;
Aquaroch / Institut Beauté d'Oriant Hammam;Parc de Kerdurand Rue du Stade 56670 Riantec France;https://aquaroch.fr/;;;;;;;;;;
Aquaswim Magalas;35 rue de l'Audacieuse 2 Rue de l'Audacieuse 34480 Magalas France;https://www.aquaswim-magalas.com/;;;;;;;;;;
AQUATERRE/melo/gym;3096 Rte de St Elix 31430 Le Fousseret France;https://www.melodiemassat.com/;;;;;;;;;;
Aquaterre;228 Mas Granger 01240 Dompierre-sur-Veyle France;https://aquaterre-paysage.fr/;;;;;;;;;;
AQUATIC CLUB CLAYE SOUILLY;Piscine intercommunale 1 All. de la Piscine 77410 Claye-Souilly France;https://acclayesouilly.swim-community.fr/Pages/Login.aspx;;;;;;;;;;
Aquatics sports rochefort sur nenon;1 bis Rue des Métiers 39100 Rochefort-sur-Nenon France;https://www.facebook.com/jerome011718/;;;;;;;;;;
Aquatique Club Amboisien;14 Rue du 8 Mai 1945 37400 Amboise France;https://aca-natation.com/;;;;;;;;;;
Aquattitude Form - Salle de Sport;65 Av. Didier 94100 Saint-Maur-des-Fossés France;https://www.aquattitude-form.fr/;;;;;;;;;;
Aquavelo Senlis;6 Av. du Poteau 60300 Chamant France;https://www.aquavelo.com/centres/Senlis;;;;;;;;;;
Aquavert;69340 Francheville France;;;;;;;;;;;
Bastide provençale et espace aquatique dans un beau village;13680 Lançon-Provence France;https://br.bluepillow.com/search/65cb8a493e6d928972fa91f9?dest=bpex&cat=Villa&lat=43.59407&lng=5.13183&language=pt;;;;;;;;;;
Bodypur Aquabike - Aquagym - Aquafitness Nîmes;48 Rue Louis Lumière 30900 Nîmes France;https://www.bodypur.fr/;;;;;;;;;;
Cabane 3 étoiles - Parc aquatique - ccbfgec;40200 Sainte-Eulalie-en-Born France;https://www.expedia.com/Hotel.h129233514.Hotel-Information?mdpcid=META.HPA.WEB-ORGANIC.VR;;;;;;;;;;
Canoë Aqua Loisirs;Place des Bateliers 48210 Massegros Causses Gorges France;http://www.aqua-loisirs.com/;;;;;;;;;;
Canyoning Et Randonnée Aquatique;76 Rte du Val de Lantousca 06450 Lantosque France;;;;;;;;;;;
Centre Aquarécréatif d'Ussel - Complexe Jacques Chirac;3 Rue du Stade 19200 Ussel France;http://www.ussel19.fr/centre-aquarecreatif/;;;;;;;;;;
Centre Aquatique Capfl'O;61100 Flers France;;;;;;;;;;;
Centre Aquatique Ds Aqua;80 Rue Saint-Désiré 39000 Lons-le-Saunier France;;;;;;;;;;;
Centre Aquatique Neptune;315 Av. de Heidelberg 34080 Montpellier France;https://www.montpellier.fr/territoire/lieux-equipements/centre-aquatique-neptune;;;;;;;;;;
Centre d'Ingénierie Aquatique;11 Rue Alfred Sisley 77140 Nemours France;http://www.ciae-nemours.com/;;;;;;;;;;
Cestas Aquabike Leognan NEW FORM CLUB;13 Pl. Choisy Latour 33610 Cestas France;;;;;;;;;;;
Chalet 3 étoiles - Parc aquatique - ccbfgdg;40200 Sainte-Eulalie-en-Born France;https://www.expedia.com/Hotel.h128102419.Hotel-Information?mdpcid=META.HPA.WEB-ORGANIC.VR;;;;;;;;;;
CHANTIER GCC - CENTRE AQUATIQUE MARNE ET GONDOIRE;RPRV+79 77600 Bussy-Saint-Georges France;;;;;;;;;;;
Club Aquatique Cellois;20a Av. Pierre Corneille 78170 La Celle-Saint-Cloud France;https://clubaquatiquecellois.fr/;;;;;;;;;;
Club Aquatique Choletais (Cholet Natation);1 Av. Anatole Manceau 49300 Cholet France;http://www.choletnatation.com/;;;;;;;;;;
Drancy Loisirs Aquatiques;37 Av. Paul Vaillant Couturier 93700 Drancy France;https://www.drancyloisirsaquatiques.com/;;;;;;;;;;
Erstein Aquatic Club;Rue de la Sucrerie 67150 Erstein France;https://www.ersteinaquaticclub.fr/;;;;;;;;;;
Espace Aqualudique SKISEO;front de neige 05600 Risoul France;;;;;;;;;;;
Fédération Départementale de Pêche et de Protection du Milieu Aquatique;Font Besset 301 Rue de l'Eau Vive 38210 Saint-Quentin-sur-Isère France;http://www.peche-isere.com/;;;;;;;;;;
Fédération des Pyrénées Orientales pour la Pêche et la Protection du Milieu Aquatique;1 Av. des Bouillouses 66170 Millas France;http://www.peche66.org/;;;;;;;;;;
Faune Aquatique (panneau d'information);54 N102 07200 Labégude France;https://www.vals-les-bains.fr/panneaux-information-voie-douce/;;;;;;;;;;
Ferme Aquacole d'Anjou;Lieu Dit La Millasserie 2535 Rte de la Cerclerie 49640 Morannes sur Sarthe-Daumeray France;http://www.ferme-aquacole.com/;;;;;;;;;;
Ferme Aquacole de Gâtine;79450 Fénery France;;;;;;;;;;;
Gascogne Aquaculture (Gambas d'Ici);La Gravière 32300 Idrac-Respaillès France;https://www.gambasdici.com/lesproducteurs/gambas32300/;;;;;;;;;;
Groupe Subaquatique Nivernais;Bd Pierre de Coubertin 58000 Nevers France;http://gsnivernais58.free.fr/;;;;;;;;;;
Klimpark aqua rock;1680 La Dolce Via 07360 Saint-Michel-de-Chabrillanoux France;;;;;;;;;;;
Laubepine - Saint-Jean-de-Monts - Parc Aquatique en Bord de Mer;85160 Saint-Jean-de-Monts France;https://br.bluepillow.com/search/62df1041ba4544849389c79a?dest=bkng&cat=House&lat=46.78482&lng=-2.02727&language=pt;;;;;;;;;;
Leman Aquatique;97 Rte des Curtines 74100 Juvigny France;https://www.lemanaquatique.com/contact/;;;;;;;;;;
Les Bains de Montady aquagym;Les bains de Montady 13 Av. de Béziers 34310 Montady France;http://lesbainsdemontady.com/;;;;;;;;;;
LIBOURNE - La Calinésie (Centre aquatique);33500 Libourne France;;;;;;;;;;;
MOBIL HOME 6 PERS / PARC AQUATIQUE / 15 MIN DE MIMIZAN PLAGE / 4 VELOS INCLUS;40160 Gastes France;https://br.bluepillow.com/search/6233a4774c4d8d9b9b7c9ad3?dest=bpex&cat=House&lat=44.31266&lng=-1.16102&language=pt;;;;;;;;;;
Mobil-home 6 personnes à Tregunc près de Concarneau avec parc aquatique;29910 Trégunc France;https://www.vrbo.com/pdp/lo/116688490?MDPCID=VRBO-META.HPA.WEB-ORGANIC.VR;;;;;;;;;;
Movipôle Fitness & Aqua;6 Rue des Resiniers 40130 Capbreton France;https://www.capform-movipole-capbreton.fr/;;;;;;;;;;
Nautic Club de l'Hers : Aquagym - Natation - Masters - Eau Libre à Saint Orens de Gameville;1 Imp. Jacques Prévert 31650 Saint-Orens-de-Gameville France;http://www.nauticclubhers.fr/;;;;;;;;;;
Parc Aquatechnique;15 Rue de Copenhague 34200 Sète France;;;;;;;;;;;
Parking (Aquatique);85 impasse du pontet 69930 Saint-Laurent-de-Chamousset France;;;;;;;;;;;
Parking - Centre Aquatique Du Valois;40 Av. des Erables 60800 Crépy-en-Valois France;;;;;;;;;;;
passionaquatic;Chem. des Ronflons 84800 Lagnes France;https://www.passionaquatic.com/;;;;;;;;;;
Pino chapito - Parcours gonflables et aquatiques;33680 Av. de la Plage 33680 Lacanau France;;;;;;;;;;;
Piscine - Bolbec - Centre aquatique intercommunal de Caux Seine agglo;2 Rue Pierre Fauquet Lemaître 76210 Bolbec France;https://piscines.cauxseine.fr/;;;;;;;;;;
Piscine - Rives-en-Seine - Centre aquatique intercommunal de Caux Seine agglo;Rte de Villequier 76490 Rives-en-Seine France;https://piscines.cauxseine.fr/;;;;;;;;;;
Piscine - Cours et Aquagym - Ets des bains;Rue des Bains Chauds 14510 Houlgate France;;;;;;;;;;;
Piscine - Terres-de-Caux - Centre aquatique intercommunal de Caux Seine agglo;700 Rue de Normandie 76640 Terres-de-Caux France;https://piscines.cauxseine.fr/;;;;;;;;;;
Piscine intercommunale AlberAquatic;130 Av. de Charlemagne 66700 Argelès-sur-Mer France;https://piscine.cc-acvi.com/;;;;;;;;;;
Piscine Pascal Natation Aquagym Aquabike La Ciotat;1160 Av. Guillaume Dulac 13600 La Ciotat France;http://www.pascalnatation.com/;;;;;;;;;;
Salle de sport Aqualis;1 All. de la Piscine 60270 Gouvieux France;https://piscineaqualis.fr/nos-espaces/;;;;;;;;;;
SOWAÏ Englos - aquasports et école de natation;4 All. du Progrès 59320 Englos France;https://sowai-aquasports.fr/englos/;;;;;;;;;;
StefitEau Aquaform;6 Rue Clément Ader 51470 Saint-Memmie France;https://stephbiancoaching.wixsite.com/stefiteau;;;;;;;;;;
UNIVERLAND Le Bugue : Aquarium Périgord Noir - Big Bird - Labyrinthe Préhistorique - Jungle Golf;99 All. Paul-Jean Souriau 24260 Le Bugue France;http://www.univerland.eu/;;;;;;;;;;
Vénus Club - Aquagym/Aquabike & Hammam - Annecy Meythet;2 Rue Emile Tyrode 74960 Annecy France;http://www.venus-club.fr/;;;;;;;;;;
Aqua Services 36;87 Bis Av. Jean Patureau Francoeur 36000 Châteauroux France;;;;;;;;;;;
Aqua'Pool Tech;5 Rue du Stade 57230 Éguelshardt France;https://www.aqua-pool-tech.fr/contact;;;;;;;;;;
Les Aquatiques;ZA de la Sandlach 3 All. Joseph Bumb 67500 Haguenau France;;;;;;;;;;;
SARL AQUALSACE BE SPA;Zi Du Grand Bois Rue Guillaume Schoettké 57200 Sarreguemines France;https://www.aqualsace.fr/;;;;;;;;;;
Aqua Conception;9 Rue du Commerce 67550 Vendenheim France;https://www.aqua-conception.com/;;;;;;;;;;
Aqua Horizon;12 Chem. de Haraucourt À Sommerviller 54110 Sommerviller France;https://aqua-horizon.fr/;;;;;;;;;;
Aquamagie;1 Pt Rue de l'Industrie 67118 Geispolsheim France;https://www.aquamagie.fr/;;;;;;;;;;
Aqua Conception;6 Rue Taubenhof 67500 Haguenau France;http://www.aqua-conception.com/;;;;;;;;;;
Aquablue;6 Allée Emilie du Chatelet 14123 Ifs France;http://www.aquablue-sas.fr/;;;;;;;;;;
Aquapro Services;5 Rue de la Grande Fin 21121 Fontaine-lès-Dijon France;http://www.aps21.net/?utm_medium=referral&utm_source=gmb&utm_campaign=lnk-gmb;;;;;;;;;;
ABP Aqua Box Piscine;14 Rue de Lantenot 70200 Linexert France;https://www.facebook.com/profile.php?id=100076071832179;;;;;;;;;;
AQUAPREMIUM CARRÉ BLEU;ZA Les Longeray 74370 Epagny Metz-Tessy France;http://www.piscines-carrebleu.fr/;;;;;;;;;;
Aquaplast;ZA SIRIUS 85 All. Marc Seguin 26760 Beaumont-lès-Valence France;http://www.piscine-aquaplast.fr/;;;;;;;;;;
AQUATIC 16 PISICINES ET SPAS;87 Bd de Bretagne 16710 Saint-Yrieix-sur-Charente France;https://www.piscines-magiline.fr/pisciniste-magasin-piscines/fr-nouvelle-aquitaine-charente-distributeur-piscines-magiline-saint-yrieix-sur-charente/;;;;;;;;;;
Aqua Pensez Vous - Pisciniste Saintes Corme Royal;4 rue des apothicaires 17600 Corme-Royal France;https://aquapensezvous.com/pisciniste-saintes/?utm_source=google&utm_medium=organic&utm_campaign=gbp-saintes;;;;;;;;;;
Filtraqua;11 Rue des Chênes Verts 38460 Saint-Romain-de-Jalionas France;http://filtraqua.fr/;;;;;;;;;;
Aqualmi Piscine 55 Bar le Duc;30 Bd de la Rochelle 55000 Bar-le-Duc France;http://www.aqualmipiscine.com/;;;;;;;;;;
Aqualmi piscine Vitry - Marolles;35 Rue de la Violette 51300 Marolles France;http://www.aqualmipiscine.com/;;;;;;;;;;
Aquazur Piscines;2143 Rte de Saint-Gilles 30000 Nîmes France;https://aquazurpiscines.fr/;;;;;;;;;;
AQUA DESIGN Piscine Spa;Gd Rue de Moimont 60112 Milly-sur-Thérain France;https://aqua-design.fr/;;;;;;;;;;
Aquasun;220 Rte de Verlieu 42410 Saint-Michel-sur-Rhône France;https://aquasun42.fr/;;;;;;;;;;
Aqua Piscine Services;Les Côtes 24310 Paussac-et-Saint-Vivien France;;;;;;;;;;;
Aqua service 24 (Piscine plus) | l'esprit piscine;22 Chem. du Moulinal 24220 Saint-Cyprien France;https://www.esprit-piscine.fr/aqua-service-24/;;;;;;;;;;
AquaMag Piscines & Spas;16 Av. du Général de Gaulle 24700 Montpon-Ménestérol France;http://www.aquamag.pro/;;;;;;;;;;
Aqua Pensez-Vous ? Pisciniste Mont de Marsan;407 Rte des Augustins 40090 Saint-Perdon France;https://aquapensezvous.com/pisciniste-mont-de-marsan/?utm_source=google&utm_medium=organic&utm_campaign=gbp-mdm;;;;;;;;;;
Pisciniste Chalon-sur-Saône I Aquatique Piscine;71240 Sennecey-le-Grand France;;;;;;;;;;;
Aqua Technique;Les Combes 71000 Varennes-lès-Mâcon France;;;;;;;;;;;
Aqua Créations Saintes - PISCINES HydroSud Saintes;Parc Atlantique 7 Rue Pierre et Marie Curie 17100 Saintes France;https://www.piscines-hydrosud.fr/magasin-piscines-hydrosud/9-piscines-hydrosud-saintes?utm_campaign=lbc&utm_content=Saintes-17-Aqua-Creations&utm_medium=maps&utm_source=google;;;;;;;;;;
Aqua pensez-vous ? - Pisciniste Anglet;4 Av. de Cambo 64600 Anglet France;https://www.aquapensezvous.com/;;;;;;;;;;
Aquattitude SARL;164 Rte du Travaillon 40230 Saint-Jean-de-Marsacq France;http://www.aquattitude-sarl.fr/?utm_source=gmb;;;;;;;;;;
Aquatica piscines;La Prte du Gué Géraud 44130 Fay-de-Bretagne France;http://aquaticapiscines.com/;;;;;;;;;;
Aqua pensez-vous ? - Pisciniste Agen;24 Av. de Lacapelette 47550 Boé France;https://aquapensezvous.com/agence-agen/?utm_source=google&utm_medium=organic&utm_campaign=gbp-agen;;;;;;;;;;
AQUA AND CO Piscine;En face de l’Hotel Angle de la 2 rue Bernard de Girard Av. Pasteur B.B 33185 Le Haillan France;http://www.aqua-and-co.fr/;;;;;;;;;;
AQUA PENSEZ VOUS ? Pisciniste à NIORT;21 Rue du 24 Février 79000 Niort France;https://aquapensezvous.com/pisciniste-niort/?utm_source=google&utm_medium=organic&utm_campaign=gbp-niort;;;;;;;;;;
PISCINISTES ASSOCIÉS Aquasystèmes LA ROCHELLE;ZAC de Beaulieu 46bis Rue du 8 Mai 17138 Puilboreau France;https://www.aquasystemes17.com/;;;;;;;;;;
AQUADOUCE SERVICE;RN13 55 Rte de Mantes 78240 Chambourcy France;https://www.aquadouce-piscines.fr/;;;;;;;;;;
Everblue - Aqua'r;15 Bis Av. Jean Juif 51300 Vitry-le-François France;https://www.everblue.com/concessionnaires/everblue-vitry-le-francois/;;;;;;;;;;
Aqualys Piscines Et Spas;2 Rue Joseph Pontier 31470 Fonsorbes France;https://www.aqualys-piscines.com/;;;;;;;;;;
Y'Aqua Piscine - Pisciniste;300 Rue du Lavoir 38140 Apprieu France;https://www.yaquapiscine.fr/;;;;;;;;;;
AQUA INNOV Piscines & Aménagements extérieurs;180 Chem. Neuf 38780 Oytier-Saint-Oblas France;https://aqua-innov.com/?utm_source=MyBusiness;;;;;;;;;;
Aquajardin;1092 Chem. des Marais 38460 Leyrieu France;https://www.aquajardin-38.fr/;;;;;;;;;;
Aqua Gascogne;Av. de Cazaux 32130 Noilhan France;https://aqua-gascogne-piscine.fr/;;;;;;;;;;
AQUA PENSEZ VOUS ? Pisciniste AUCH;Rue du Sousson 32550 Pavie France;https://aquapensezvous.com/pisciniste-auch/?utm_source=google&utm_medium=organic&utm_campaign=gbp-auch;;;;;;;;;;
Novaquarelle - Dessine votre piscine;7 Rue Louis Lefèvre Utile 56000 Vannes France;https://novaquarelle.fr/;;;;;;;;;;
Aqua Dream Mont-Blanc;682 Av. de Genève 74700 Sallanches France;http://www.aqua-dream.fr/;;;;;;;;;;
AQUAVEN Piscines Container POOL'inov;Av. du Général de Gaulle 64000 Pau France;https://www.aquaven-piscine.fr/;;;;;;;;;;
Aqualdea Alliance Piscine Pau;8 Rue Jean Jaurès 64230 Lescar France;http://www.aqualdea.fr/;;;;;;;;;;
PISCINES DESJOYAUX 86 (AQUA PICTA);6 Rue Sophie Germain 86000 Poitiers France;https://www.desjoyaux.fr/boutiques-desjoyaux/86000-poitiers/;;;;;;;;;;
Aqua Basque;Av. de Biarritz 64600 Anglet France;https://www.instagram.com/aquabasque64?igsh=bW01bWRycXoxMHpp;;;;;;;;;;
AQUABELLA PISCINE 66;Claira 66530 Claira France;;;;;;;;;;;
Aqua Planet;15 Rue de la Ronceraie 48000 Mende France;http://www.aquaplanet48.fr/;;;;;;;;;;
AQUAPHIL;251 Rte des Bauches 74330 Sillingy France;https://www.aquaphil74.com/;;;;;;;;;;
Aqua Pool Assist;90 B Rue de Fougères 35700 Rennes France;https://aquapoolassist.com/;;;;;;;;;;
AquaSmart Concessionnaire Piscine Magiline;568 Chemin de la ZA des Métrillots 01250 Montagnat France;https://aquasmart.fr/;;;;;;;;;;
Aquastyles;Route départementale Rte de Narbonne 11200 Lézignan-Corbières France;http://www.aquastyles.fr/;;;;;;;;;;
Normandie aqua paysage;71 Rue du 7 Juin 1944 14420 Ussy France;https://www.facebook.com/106607092408194;;;;;;;;;;
AquaSud Piscine;13 Rue de Caen 14220 Thury-Harcourt-le-Hom France;http://www.aqua-sud.com/;;;;;;;;;;
AquaLuxia;7 Av. Piedallu 95290 L'Isle-Adam France;https://www.aqua-luxia.fr/;;;;;;;;;;
Aqualoma Piscines & Spas;23 Bd Gambetta 76260 Eu France;https://aqualoma-piscines-spas.fr/;;;;;;;;;;
MG Aquazur;les Granges Neuves 26170 Mollans-sur-Ouvèze France;;;;;;;;;;;
AQUALSACE;2 Imp. de l'Europe 57370 Phalsbourg France;https://www.aqualsace.fr/;;;;;;;;;;
SolidPool Calvisson - Aquazone Piscines;5 Rue des Marchands 30420 Calvisson France;https://www.aquazone-piscines.com/;;;;;;;;;;
AQUA BLUE;121 Rue Général Leclerc 45240 La Ferté-Saint-Aubin France;https://www.aqua-blue-piscinesologne.fr/;;;;;;;;;;
AquaMag;25 Rue de Bacchus 33500 Les Billaux France;http://www.aquamag.pro/;;;;;;;;;;
AQUAE PISCINES EPS Rouergue;74 Av. du Quercy 12200 Villefranche-de-Rouergue France;;;;;;;;;;;
Aqua Concepting;4 Bd des Chevaliers 95420 Magny-en-Vexin France;http://www.aquaconcepting.fr/contact;;;;;;;;;;
Aqua Design;9 Rue des Baronnes 39000 Lons-le-Saunier France;https://www.aquadesign39.fr/;;;;;;;;;;
Aqua 27 - PISCINES HydroSud Bernay;Carrefour de Malbrouck 27300 Nassandres sur Risle France;http://www.piscines-hydrosud.fr/magasin-piscine/france/pisciniste-normandie/eure/bernay-carsix-27-aqua-27.html?utm_source=gmb;;;;;;;;;;
AQUADREAM PISCINES;7 Imp. des Broderies 78310 Coignières France;https://aquadream-pisciniste78.fr/;;;;;;;;;;
Aquaservices Piscines;5bis Rue de Mareil 78580 Maule France;http://aquaservicespiscines.com/;;;;;;;;;;
Aqua Synergie;Zone Artisanale Ponlo 22290 Lanvollon France;https://www.aquasynergie.fr/;;;;;;;;;;
Aqua'Jardin;27 Rue de L Hôtel de ville 22370 Pléneuf-Val-André France;https://www.aqua-jardin.com/;;;;;;;;;;
aquaconcept;15 Av. Pasteur 87700 Aixe-sur-Vienne France;http://aquaconcept.org/;;;;;;;;;;
AQUA PENSEZ VOUS ? Saint André de Cubzac;Imp. du Grand-Etienne 33240 Val de Virvée France;https://aquapensezvous.com/agence-saint-andre-de-cubzac/?utm_source=google&utm_medium=organic&utm_campaign=gbp-st-andre;;;;;;;;;;
Aqua 33;10 Rue de Chante-Alouette 33440 Ambarès-et-Lagrave France;https://www.aqua33.pro/;;;;;;;;;;
AQUA-BAT91;54 R. de Chenet 91490 Milly-la-Forêt France;http://aqua-bat91.fr/boutique/;;;;;;;;;;
Aquatech 77;104 Rue du Four 77000 Vaux-le-Pénil France;https://www.eldo.com/pro/aquatech_77/;;;;;;;;;;
Aquagib Piscines;23 Bis Chem. de Pierran 33670 Sadirac France;https://aquagib-piscines.fr/;;;;;;;;;;
AQUANOV;48 Av. de la Libération 33740 Arès France;https://aquanov.fr/;;;;;;;;;;
Aqualift Industrie;8 Rue Clement Ader 77230 Dammartin-en-Goële France;http://www.fond-mobile-aqualift.fr/;;;;;;;;;;
In'Aqua;1080 Chem. de la Croix Verte 38330 Montbonnot-Saint-Martin France;http://www.in-aqua.com/;;;;;;;;;;
OCEAZUR AQUA POP;19 Rue d'Occitanie 11110 Vinassan France;;;;;;;;;;;
Aqualiner34;9 Rue Clément Ader 34290 Abeilhan France;http://www.aqualiner34.fr/;;;;;;;;;;
Piscine Coque DI MARIA AQUA SERVICE;195A Rea 34560 Poussan France;https://www.piscines-herault.fr/;;;;;;;;;;
Aqualiss;Route des Saintes Maries de la Mer Pont de Soulier 30220 Aigues-Mortes France;https://www.aqualiss.net/;;;;;;;;;;
AQUA PENSEZ-VOUS ? Pisciniste MONTAUBAN;850 Rte de la Vitarelle 82000 Montauban France;https://aquapensezvous.com/agence-montauban/?utm_source=google&utm_medium=organic&utm_campaign=gbp-montauban;;;;;;;;;;
SARL Aquarenov Piscines;264 ZA du Haut Agenais 264 47500 Montayral France;http://www.piscines-de-france.fr/;;;;;;;;;;
Aqualive;101 Rue Jacques Brel 60320 Saint-Sauveur France;http://www.aqualive.fr/;;;;;;;;;;
Aqua Pensez Vous Bias - Pisciniste Villeneuve-sur-Lot;233 Av. de Bordeaux 47300 Bias France;https://aquapensezvous.com/pisciniste-villeneuve-sur-lot/?utm_source=google&utm_medium=organic&utm_campaign=gbp-villeneuve;;;;;;;;;;
Piscine Aqua'Rev | Pisciniste Ain-Jura-Saone-et-Loire;1115 À Quinte Haute 01340 Foissiat France;https://www.aqua-rev-01.fr/?utm_source=gmb;;;;;;;;;;
AQUA CONCEPT SARL LENTILLY (69);All. des Joncs 69210 Lentilly France;https://www.construction-renovation-piscine-lentilly.fr/;;;;;;;;;;
Aquastore Piscines et Spas;23 Rue Jean Baptiste Colbert ZI Félines 11000 Carcassonne France;http://www.desjoyaux.fr/;;;;;;;;;;
Aquadove;Rue Pierre Martin 62280 Saint-Martin-Boulogne France;;;;;;;;;;;
Aqua Eruptions;13 Rue le Corbusier 63800 Cournon-d'Auvergne France;https://www.aquaeruptions.fr/;;;;;;;;;;
AQUALUX'O Piscine et SPA;Rte de Pourville 76200 Dieppe France;https://aqualuxo.fr/;;;;;;;;;;
AQUALEX;209 All. des Bruyères 40550 Léon France;http://aqualexpiscine.fr/;;;;;;;;;;
Aquazur 66 piscine;Rue yves hoffmann 66000 Perpignan France;http://www.aquazur-piscine.com/;;;;;;;;;;
Reflets aquatiques;481 Rte de Vonnas 01660 Mézériat France;;;;;;;;;;;
Aquarmony;341 ZAC des fontaites 83136 Forcalqueiret France;http://www.piscines-aquarmony.com/;;;;;;;;;;
AQUA PENSEZ-VOUS ?;3 Av. de Verdun 33610 Cestas France;https://aquapensezvous.com/agence-bordeaux/?utm_source=google&utm_medium=organic&utm_campaign=gbp-bordeaux;;;;;;;;;;
Montpellier Aqua Piscine 34;14 Rue Camille Pelletan 34170 Castelnau-le-Lez France;https://aquapiscinemontpellier.lovable.app/;;;;;;;;;;
Aquasens piscine;49 Chem. de Saint-Blancat 31220 Palaminy France;;;;;;;;;;;
Aquadiffusion;16 Rue Mathieu Orfila 66100 Perpignan France;http://www.aquadiffusion.fr/;;;;;;;;;;
Piscines Ibiza Annemasse 74 - Aqualpa;4 Rue des Esserts 74100 Annemasse France;https://aqualpa-piscines-74.fr/;;;;;;;;;;
Aquanox;1 Rue du Bois 79240 Saint-Paul-en-Gâtine France;http://www.aquanox-concept.fr/;;;;;;;;;;
Aqua & Terra;La Liquière 34380 Saint-Martin-de-Londres France;;;;;;;;;;;
Aqua Pro Concept;Côté Montagne 96 rue de la Belle Etoile 73460 Tournon France;http://www.aquaproconcept-piscines-albertville.com/;;;;;;;;;;
AQUA-TEC;13 ter Rue des Vignerons 57420 Marieulles France;https://www.aqua-tec-57.com/?utm_medium=referral&utm_source=gmb&utm_campaign=lnk-gmb;;;;;;;;;;
Aquapose Emeraude - Construction de Piscine;6 Rue Lédan 22550 Matignon France;http://www.aquapose-sas.com/;;;;;;;;;;
AquaJT;Champs de la Côte 19240 Allassac France;;;;;;;;;;;
Aquagrement;ZA Coudannes 374 Imp. de Canteloup 33720 Landiras France;https://www.aquagrement.fr/;;;;;;;;;;
Paysaquatic Piscine et jardin;Chem. du Mas d'Ayran 30700 Saint-Quentin-la-Poterie France;https://www.paysaquatic.fr/;;;;;;;;;;
Aqua Lux Piscines;68 bis Av. Jean Jaurès 33150 Cenon France;https://aqualux-piscines.com/;;;;;;;;;;
AQUA PENSEZ VOUS ? - Pisciniste à MARMANDE;40 Rte de Marmande 47200 Marmande France;https://aquapensezvous.com/agence-marmande/?utm_source=google&utm_medium=organic&utm_campaign=gbp-marmande;;;;;;;;;;
Aqua Maintenance Conseil;la Rafinière 181 Rue des Tilleuls 38960 Saint-Étienne-de-Crossey France;http://www.aqua-maintenance-conseil.com/?utm_source=gmb;;;;;;;;;;
AQUA GARDEN CONCEPT;1 Chez Piconnet 17130 Souméras France;https://www.aqua-garden-concept.fr/;;;;;;;;;;
AQUA PENSEZ VOUS ? Pisciniste TOULOUSE;52 BIS Rue de Fenouillet 31140 Saint-Alban France;https://aquapensezvous.com/pisciniste-toulouse/?utm_source=google&utm_medium=organic&utm_campaign=gbp-toulouse;;;;;;;;;;
Aquarev Piscines;767 Av. de la République 83560 Vinon-sur-Verdon France;https://www.aquarevpiscines.com/?utm_source=gmb;;;;;;;;;;
Aquawood piscine & aménagement;300 Rue Saint-Jean 71290 Simandre France;;;;;;;;;;;
AQUA'PLAN;Av. du Barreau Nord-Sud 13170 Les Pennes-Mirabeau France;http://www.aquaplanpiscines.fr/;;;;;;;;;;
AQUADESIGN PISCINES;27 Imp. des Ecureuils 38540 Grenay France;http://www.aquadesign-piscines.com/;;;;;;;;;;
Aquablue piscine;3 Rue Paul Verlaine 52100 Saint-Dizier France;https://aquabluepiscine.fr/;;;;;;;;;;
Aqua piscine entretien;Rue Raymond Sabourdy 33480 Avensan France;;;;;;;;;;;
AQUA SOFT Piscines et Spas;40 Av. de Hambourg 13008 Marseille France;http://aquasoftpiscinesetspas.com/;;;;;;;;;;
Piscine Aqua'val Sèvre;Esp. de Klettgau 44190 Clisson France;http://www.piscines-aquaval.fr/?utm_source=gmb;;;;;;;;;;
AQUA PENSEZ-VOUS ? Pisciniste à TARBES;5452 Rte de Pau 65420 Ibos France;https://aquapensezvous.com/pisciniste-tarbes/?utm_source=google&utm_medium=organic&utm_campaign=gbp-tarbes;;;;;;;;;;
Pôle aquatique du Pays de Luxeuil;Av. Guynemer 70300 Luxeuil-les-Bains France;https://paysdeluxeuil.fr/pole-aquatique/;;;;;;;;;;
Piscines Aqua Shop SA;4 rue des alouettes 57535 Marange-Silvange France;;;;;;;;;;;
AQUATERRE Piscines et spas - MAGILINE;rocade est 641 Chem. de Larnac 30100 Alès France;https://www.aquaterre30.com/;;;;;;;;;;
Aqua Bien-Être;22 Rue du 9 Juin 1944 19000 Tulle France;http://www.aqua-bienetre.fr/;;;;;;;;;;
Aquarev Piscines;45 Av. de la Burliere 04300 Mane France;http://www.aquarevpiscines.com/;;;;;;;;;;
Aquapro;209 Av. des Près Combaux 04100 Manosque France;https://www.aqua-pro-manosque.fr/;;;;;;;;;;
Aqualand Piscine;5 Rue des Figuiers 40140 Magescq France;https://www.aqualand-piscine.fr/;;;;;;;;;;
L'Odyssée - Centre aquatique;36 Rue Camboulives 81400 Carmaux France;http://www.carmausin-segala.fr/piscine-lodyssee;;;;;;;;;;
Spring Water - Aqua Fournitures;9A Route départementale 936 La Réglisserie 30190 Moussac France;https://www.springwater.fr/;;;;;;;;;;
Forez Aquatic - Piscine de Forez-Est;2 All. du Parc 42110 Feurs France;https://www.forez-est.fr/culture-loisirs-forez-est/piscine-de-feurs;;;;;;;;;;
Aqua & Paysages Services;5 All. des Thuyas 13100 Aix-en-Provence France;https://www.facebook.com/profile.php?id=100086518841276;;;;;;;;;;
Aquazozeau;2bis Chem. des Coopératives 11120 Saint-Marcel-sur-Aude France;https://www.aquazozeau.fr/;;;;;;;;;;
Aqua Sud Piscines;20 Grand Rue 83920 La Motte France;http://aquasudpiscines.com/;;;;;;;;;;
Pisciniste Tarbes – AquaRelax;6 Rue Erik Satie 65000 Tarbes France;https://www.pisciniste-tarbes-aquarelax.fr/;;;;;;;;;;
AQUARÊVE MONTELIMAR - PISCINES MAGILINE;ZA de Fortuneau 12 All. Hispano Suiza 26200 Montélimar France;https://aquareve-piscine-spa.fr/magiline-montelimar/;;;;;;;;;;
Jack' pisciniste & services by Sud Aqua Spas;Route de l'Isle sur la Sorgue 84210 Pernes-les-Fontaines France;;;;;;;;;;;
Centre aquatique Bouzonvillois Trois Frontières;Rue Saint-Hubert 57320 Bouzonville France;http://www.ccb3f.fr/;;;;;;;;;;
Centre aquatique des Hauts de Bayonne - piscine;5 Av. André Malraux 64100 Bayonne France;https://www.bayonne.fr/cest-a-bayonne/sports-et-loisirs/piscines;;;;;;;;;;
Aquaclean 02;Rue des Moines 02200 Villeneuve-Saint-Germain France;http://aquaclean02.fr/;;;;;;;;;;
AQUA’TECH - Piscines & Spas;17 Rue Victor Grignard 42000 Saint-Étienne France;;;;;;;;;;;
Piscines DESJOYAUX - AQUA DP DOMBES;1204 Av. Charles de Gaulle 01330 Villars-les-Dombes France;http://desjoyaux.fr/;;;;;;;;;;
Db Aqua Technics;ZA Alhena 20 All. des Compagnons 40460 Sanguinet France;http://www.dbaqua.com/?utm_source=gmb;;;;;;;;;;
AT91 Aquatechnique;11 Rue du Morillon 91940 Gometz-le-Châtel France;http://www.at91.fr/;;;;;;;;;;
Aqualliance Piscines Coques et Abris piscines IDF;151b Rue de la Division Leclerc 91310 Linas France;https://www.aqualliance-piscine.fr/;;;;;;;;;;
Centre Aquatique Camille Muffat;110 Rue Emile Zola 69150 Décines-Charpieu France;https://www.decines-charpieu.fr/739-centre-aquatique.htm;;;;;;;;;;
Aqua'Tec;ZA les Grands Varays 128 impasse les Grands Varays 01540 Vonnas France;http://www.aqua-tec.fr/;;;;;;;;;;
AQUA 25;Dans la galerie du SUPER U (en face de la banque Rue des Belles Ouvrières 25410 Saint-Vit France;https://www.aqua25.fr/;;;;;;;;;;
SAS AQUANET'O - Aquilus Piscines et Spas Pontault-Combault;1 Rue Saint-Claude 77340 Pontault-Combault France;https://magasin.aquilus-piscines.com/160-aquilus-piscines-et-spas-pontault-combault?utm_source=gmb;;;;;;;;;;
Aqua Design Piscines;20 Av. Clément Ader 94420 Le Plessis-Trévise France;https://www.aqua-design-piscines.fr/;;;;;;;;;;
Aqua Piscines;26 Rue des Artisans 37300 Joué-lès-Tours France;https://www.aquapiscines.fr/;;;;;;;;;;
Aqua Concept;1390 Chem. de la Bédoule 13540 Aix-en-Provence France;https://aquaconcept-piscine.fr/;;;;;;;;;;
AQUA PENSEZ VOUS ? Pisciniste à PAU;5 Rue Gambetta 64000 Pau France;https://aquapensezvous.com/pisciniste-pau/?utm_source=google&utm_medium=organic&utm_campaign=gbp-pau;;;;;;;;;;
Aqua Plus;10 Av. du Trois Septembre 06320 Cap-d'Ail France;;;;;;;;;;;
Aqua Paysage;1 Rond-Point de la Font-Neuve 06650 Opio France;https://belo-piscine.fr/?utm_source=gbp&utm_medium=organic&utm_campaign=google-business-profile&utm_content=website_button;;;;;;;;;;
Aqua Solution;Lucéo Parc du château 05310 La Roche-de-Rame France;https://aqua-solution.fr/;;;;;;;;;;
AQUA CONSEIL ALSACE;8 rue De La Vapeur Zone Industrielle Bischheim/Hoenheim 67800 Bischheim France;http://aqua-conseil-alsace.com/;;;;;;;;;;
Aqua résines;2 Av. Général Charles de Gaulle 11800 Trèbes France;https://www.aqua-resines.com/;;;;;;;;;;
Aqua Product Europe;ZA la Camave 2 34 Chem. de la Camave 31290 Villefranche-de-Lauragais France;https://aquaproducteurope.eu/;;;;;;;;;;
Piscine communautaire Aquaval;Rue du Calvaire 79160 Coulonges-sur-l'Autize France;https://www.valdegatine.fr/piscine-et-bases-de-loisirs.html;;;;;;;;;;
Centre Aquatique du Vermandois;XC8P+8M 02110 Bohain-en-Vermandois France;https://cc-vermandois.com/centre-aquatique-du-vermandois;;;;;;;;;;
Aquaref Piscine;3 Rte de Bignac 40410 Saugnac-et-Muret France;http://aquarefpiscine.com/;;;;;;;;;;
Aqua Secure Piscine;5 Rue des Chaumières 34750 Villeneuve-lès-Maguelone France;https://www.aquasecurepiscine.fr/contact.html;;;;;;;;;;
Aquaconcept Antibes;1536 Av. Jules Grec 06600 Antibes France;https://www.aquaconceptantibes.fr/;;;;;;;;;;
AQUALEX;15 Rue des Tonnelles 17600 Saint-Romain-de-Benet France;;;;;;;;;;;
AQUAWELLNESS;Chem. de la Ronze 17920 Breuillet France;http://www.aquawellness-spa.fr/;;;;;;;;;;
Aquabox Piscines - Rénovation de piscines collectives;: 130 Poulmenguy 29940 La Forêt-Fouesnant France;http://aquabox-piscines.fr/;;;;;;;;;;
Zyke Piscine - Lafox (Aqua Confort Loisirs);Lieu-dit Devant Le Moulin - RN 113 47240 Lafox France;https://www.piscine-zyke.com/;;;;;;;;;;
Aqua Home Services;1 Av. de Navarre 77290 Mitry-Mory France;https://www.aqua-home-services.fr/;;;;;;;;;;
Aqua Shop L.R;4 Rue des Moulins À Huile 34300 Agde France;http://www.aquashop-lr.fr/;;;;;;;;;;
Centre aquatique intercommunal Paris-Vallée de la Marne;1 Rue Galilée 77420 Champs-sur-Marne France;https://www.vert-marine.com/centreaquatiqueintercommunalpvm/;;;;;;;;;;
Aqua 33 Cars (Nord-Gironde);1506 Rte de Saintes 33390 Cars France;https://www.aqua33.pro/;;;;;;;;;;
Eureka Maintenance toboggans aquatiques;2 Bd de l'Industrie 41100 Vendôme France;http://www.eureka41.fr/;;;;;;;;;;
Piscine Aqua'Melle;All. du Pinier 79500 Melle France;https://www.melloisenpoitou.fr/les-actions/animation-sportive/un-reseau-de-6-piscines;;;;;;;;;;
Aqua'Bazelle - Piscine Tournesol du Pays de Bazelle;Rue Abel Bonnet 36210 Chabris France;https://www.aquabazelle.fr/;;;;;;;;;;
Aquanaïs;4 Rue Joseph Gaillard 85600 Montaigu-Vendée France;http://www.piscine-aquanais.fr/;;;;;;;;;;
AquaPerfect;9 Rue du Bois Bacquet 27630 Vexin-sur-Epte France;https://www.aquaperfect.net/;;;;;;;;;;
Aqua Vexin Seine;1 Rue du Vexin 78250 Hardricourt France;https://aquavexinseine.com/;;;;;;;;;;
Aqua Concept Koi;26 Rue Emile Zola 59187 Dechy France;;;;;;;;;;;
Aqua Limpid;892 Rte de Gailleres 40090 Bougue France;https://www.aqualimpid.com/;;;;;;;;;;
aquabonita;Rte de Sencenac 24310 Brantôme en Périgord France;;;;;;;;;;;
Aqua2A;All. du Grand Port 83310 Cogolin France;https://aqua2a.fr/;;;;;;;;;;
Aquashop;32 CHEMIN DES ESQUIRAOUX 83170 Brignoles France;http://www.facebook.com/Aquaset-Sarl-837108239738598/?ref=bookmarks;;;;;;;;;;
Aqua Piscine;06340 La Trinité France;https://www.aqua-piscine.fr/;;;;;;;;;;
Aqua Rêve;341 Bd d'Occitanie 82000 Montauban France;https://www.piscines-magiline.fr/;;;;;;;;;;
Aqua Fermetures & Liners;2 Av. Andromède 33160 Saint-Médard-en-Jalles France;http://www.aquafermetures.eu/;;;;;;;;;;
AQUALOZ OCCITANIE;280 Rte du Fiou 48230 Esclanèdes France;;;;;;;;;;;
AQUAFUN PISCINES;07130 Soyons France;;;;;;;;;;;
Aquatechnique Albi;3 Rue Claude Bourgelat 81000 Albi France;https://aquatechnique.fr/;;;;;;;;;;
Aquatio;Rue de la Lucque 34725 Saint-André-de-Sangonis France;;;;;;;;;;;
AQUATECH PISCINE;28 Rte de Valbonne 06370 Mouans-Sartoux France;;;;;;;;;;;
AQUA TERRA constructeur de Paysages et piscines;1451 Ter Rte du Beaujolais 69220 Lancié France;http://www.aquaterra-paysages.fr/;;;;;;;;;;
Aqua Trente;315 Rue Michel Debré 30000 Nîmes France;https://sav.aquatrente.com/;;;;;;;;;;
Aquabris;31 ROUTE DE GIVORS 69360 Ternay France;https://aquabris.fr/;;;;;;;;;;
Côté Piscine / l'esprit piscine / Aquavia Spa;159 Av. de la République 40600 Biscarrosse France;https://www.cotepiscine.fr/;;;;;;;;;;
AQUA DOMITIA;30 Rue de la Sarriette 30132 Caissargues France;https://aqua-domitia.fr/;;;;;;;;;;
AquaZen 64;22 Imp. des Aubépines 64210 Bidart France;https://aquazen64.fr/;;;;;;;;;;
Aqua Prestige Saint Tropez - Pisciniste;Imp. des Anges 83310 Cogolin France;https://www.tiktok.com/@aqua_prestige?_t=ZN-90lmQwnYCdq&_r=1;;;;;;;;;;
Aqua Polyester;436 Av. de Pessicart 06100 Nice France;http://www.aqua-polyester.com/;;;;;;;;;;
Piscine Aquagelon;38 Rue de la Neuve 73110 Valgelon-La Rochette France;https://www.valgelon-la-rochette.com/piscine;;;;;;;;;;
Garda Aquatic;48 Rue des Chaudins 77140 Nemours France;http://www.garda-aquatic.com/;;;;;;;;;;
Aquaflow Solutions;8 Rue du Bois de la Rose 74100 Ville-la-Grand France;https://aquaflowsolutions.fr/;;;;;;;;;;
Aquadis piscine - Carry le Rouet;31 Av. Draio de la Mar 13620 Carry-le-Rouet France;;;;;;;;;;;
Aqua Berry Piscine;53 bis Rue Jules Louis Breton 18100 Vierzon France;https://abpiscine18.fr/contact/;;;;;;;;;;
Aquapoolco;2 Pl. des Tilleuls 38200 Jardin France;https://www.aquapoolco.fr/contact.html;;;;;;;;;;
Aquabecool Rousset-Fuveau;4ème rue Avenue de la sainte victoire Parking macdo Rousset 13710 Fuveau France;https://aquabecool.com/;;;;;;;;;;
Aqua Fuite Plus;723 Av. de l'Europe 59121 Haulchin France;https://www.valengreen.fr/aquafuite/;;;;;;;;;;
Aquaroc Piscines;262 Rte d'Aix 84120 Pertuis France;https://aquaroc-piscines.fr/;;;;;;;;;;
AQUALUX - CF GROUP;Za de la Massane 287 Rte de la Massane 13210 Saint-Rémy-de-Provence France;http://www.aqualux.com/;;;;;;;;;;
Centre Aquatique Les Hautes-Roches;Av. Première Armée Française Rhin et Danube 63400 Chamalières France;https://www.clermontmetropole.eu/bouger-se-divertir/lexcellence-sportive/piscines/centre-aquatique-les-hautes-roches/;;;;;;;;;;
Aquanat Vallée de Chevreuse;19 Chem. des Regains 78460 Chevreuse France;http://aquanat-chevreuse.com/;;;;;;;;;;
Piscine Aqua baie;Rue Guy de Maupassant 50300 Avranches France;http://www.msm-normandie.fr/;;;;;;;;;;
Prop'aqua;17 Rue Auguste Renoir 17220 Saint-Rogatien France;http://www.propaqua.fr/;;;;;;;;;;
Aqualand Piscines;154 D306 69760 Limonest France;http://www.aqualand-piscines.com/;;;;;;;;;;
Aquapro 87;7 Av. de Louyat 87100 Limoges France;;;;;;;;;;;
Aqua Event;2 Rue du Moulin 59710 Avelin France;https://www.aquaevent.fr/;;;;;;;;;;
clean aqua;1378 Rte de Colas Nouet 33570 Les Artigues-de-Lussac France;http://cleanaqua33.jimdofree.com/;;;;;;;;;;
AquaBC;15 Av. de Huy 60200 Compiègne France;https://bebenageurcompiegne.fr/;;;;;;;;;;
Aquafix Renovate Piscine;15 Rue de Russan 30190 Dions France;https://aquafixrenovate.fr/;;;;;;;;;;
Aquaset;100 AVENUE DES CHENES VERTS ZAC DE NICOPOLIS 83170 Brignoles France;http://www.piscines-aquaset.com/;;;;;;;;;;
SAS AQUA BTP;Route Maumusson 32400 Viella France;https://www.aquabtp.com/;;;;;;;;;;
Espace Aquatique ForméO;7 Rue Charuel 51200 Épernay France;https://formeo-epernay.fr/;;;;;;;;;;
Centre aquatique Olympique Laure et Florent Manaudou;Allée Parc Lagravère 92700 Colombes France;https://www.ca-olympique-laure-florent-manaudou.com/;;;;;;;;;;
Sweet Home Aquatic;Les Carles 81110 Dourgne France;;;;;;;;;;;
Aquapool concept;Rte de Marmande 24500 Eymet France;;;;;;;;;;;
Keraqua St Jacques;22 Rue de la Pilate 35136 Saint-Jacques-de-la-Lande France;http://www.keraqua.fr/;;;;;;;;;;
Aquarius Piscines;17 Rue des Martins Pêcheurs Local de gauche 66700 Argelès-sur-Mer France;;;;;;;;;;;
Aqua Détente Piscines;Bourdines Est 84700 Sorgues France;;;;;;;;;;;
Aqua-Jardin - piscines et spa;Parc d'activites de Bel Air 1 Rue des fonds 91640 Fontenay-lès-Briis France;http://www.aqua-jardin.fr/;;;;;;;;;;
Aquatec31;55A Chem. Saint-Roch 31700 Daux France;http://www.aquatec31.fr/;;;;;;;;;;
Club Aquanautique St-Georges les Ancizes;38 Av. de la Gare 63780 Saint-Georges-de-Mons France;https://www.casganatation.com/;;;;;;;;;;
Aqua Concept;204 Rte du Plan de la Tour 83120 Sainte-Maxime France;http://www.aquaconcept-piscine-forage.com/;;;;;;;;;;
Aquabox;Imp. du Serpolet 83210 La Farlède France;http://www.aquaboxfrance.fr/;;;;;;;;;;
Aquarêve;2567 Chem. de Saint-Claude 06600 Antibes France;https://aquareve-piscines.fr/;;;;;;;;;;
Nautilia - Centre Aquatique du Florival;1 Rue de la Piscine 68500 Guebwiller France;http://www.nautilia.fr/;;;;;;;;;;
Sérénité Aqua Services;Rue de l'Évêché 06140 Vence France;https://sites.google.com/view/sereniteaquaservices/;;;;;;;;;;
Aqua Technique;3 Rue du Tanay 74960 Annecy France;https://www.aquatechnique74.fr/;;;;;;;;;;
Piscine Divaquatic;Rue du Square 44430 Le Loroux-Bottereau France;https://piscine.cc-sevreloire.fr/;;;;;;;;;;
Aqua Provence Piscines;43 Rue des Entrepreneurs 83520 Roquebrune-sur-Argens France;http://aquaprovencepiscines.fr/;;;;;;;;;;
Natur'aqua;Rte du Col de Bougnon 83380 Roquebrune-sur-Argens France;http://naturaqua-var.fr/;;;;;;;;;;
AQUABLUE S.A.R.L;1 Imp. Emile Zola 83136 Garéoult France;http://aquablue-var.fr/?utm_source=gmb;;;;;;;;;;
Ardeche Aqua Service;2867 Chem. des Mulets 07500 Guilherand-Granges France;https://ardecheaquaservice.fr/;;;;;;;;;;
Constructeur de piscine à Le Pradet - Aquavision;20 Av. Gabriel Péri 83220 Le Pradet France;;;;;;;;;;;
AquaPierre;Clauzure 24320 Saint-Paul-Lizonne France;http://aquapierre.com/;;;;;;;;;;
Centre Aquatique Et De Bien Etre;208 Bd des Vernières 63150 La Bourboule France;;;;;;;;;;;
Résidence Odalys Aqualia;225 Av. des Hespérides 34540 Balaruc-les-Bains France;https://www.odalys-vacances.com/location-mer/languedoc-roussillon/balaruc-les-bains/aqualia.html?ept-publisher=uska&ept-name=balaruc-les-bains-aqualia;;;;;;;;;;
Aqua Garden Service / AGS Piscines;293 Rte de la Seyne 83190 Ollioules France;https://ags-piscines.com/;;;;;;;;;;
AQUAREA Piscines;30 Rte des Champs 07200 Saint-Étienne-de-Fontbellon France;http://www.aquarea-piscine-ardeche.com/;;;;;;;;;;
Aqua Breizh;Rue Gustave Zédé 56600 Lanester France;https://www.desjoyaux.fr/boutiques-desjoyaux/56600--lanester/;;;;;;;;;;
Aquasphere;102 Rte des Plages 83990 Gassin France;;;;;;;;;;;
Aqua Loisirs Naturaland;1176 Rte d'Argent 38510 Morestel France;http://www.aqualoisirs-naturaland.fr/;;;;;;;;;;
My Aquabike l Chennevières-Sur-Marne;56 Rue Aristide Briand 94430 Chennevières-sur-Marne France;https://www.my-aqua-bike.fr/;;;;;;;;;;
Aquadôme des Gorges du Haut-Allier;5 Rue Pierre de Coubertin 43300 Langeac France;https://www.rivesduhautallier.fr/centre-aqualudique-langeac;;;;;;;;;;
Espace Aquatique Tauziet;Complexe Sportif Tauziet Chem. du Tournay 77100 Meaux France;https://www.agglo-paysdemeaux.fr/fr/sport/piscines/espace-aquatique-georges-tauziet.html;;;;;;;;;;
Aqualuxe piscine;31 Rue de Pont-à-Mousson 57950 Montigny-lès-Metz France;;;;;;;;;;;
Centre Aquatique l'Hippocampe;Rue des Lycées 50400 Granville France;http://www.lhippocampe-gtm.fr/;;;;;;;;;;
Aquasud Provence;zone d'activités ZA les Plaines du Sud Saint-Chamas 13250 Saint-Chamas France;;;;;;;;;;;
M&D Aqua SportSanté;ZA Des Sources 49120 Chemillé-en-Anjou France;https://mdaqua-sportsante.fr/;;;;;;;;;;
AQUALYS ÎLE-DE-FRANCE Étampes;ZI Les Rochettes 123 Rue des Rochettes 91150 Morigny-Champigny France;;;;;;;;;;;
Aqualoft Fitness Club - Salle de sport PARIS 16;33 Rue le Marois 75016 Paris France;http://www.aqualoft-paris16.fr/;;;;;;;;;;
Aquasud Piscines;zone industrielle de 580 Chem. de Quarante 34370 Maureilhan France;;;;;;;;;;;
Centre aquatique L'Aa Piscine;Av. Bernard Chochoy 62380 Lumbres France;https://laapiscine.fr/;;;;;;;;;;
Centre Aquatique Océanide;Rue du Gaingalet 85200 Fontenay-le-Comte France;https://www.fontenayvendee.fr/centre-aquatique-oceanide/;;;;;;;;;;
Aqua Emeraude;14 Rte du Bocage 22490 Tréméreuc France;https://aquaemeraude.com/;;;;;;;;;;
Centre Aquatique de Levallois;15 Rue Raspail 92300 Levallois-Perret France;http://www.ville-levallois.fr/sports-loisirs/centre-aquatique/;;;;;;;;;;
Centre Aquatique du Giennois;20 Quai de Nice 45500 Gien France;https://www.cc-giennoises.fr/horaires-centre-aquatique/;;;;;;;;;;
Résidence Goélia Aquaresort;Rue de Bero Bisto 47600 Nérac France;https://www.goelia.com/residence-vacances,recapitulatif/nerac-pays-d-albret/aquaresort-goelia.208.4.php;;;;;;;;;;
aquatys 06;54 Av. du Ray 06100 Nice France;https://www.aquatys.fr/;;;;;;;;;;
Rêves Aquatiques;1 Rte de Saverne Harthouse 67500 Haguenau France;http://www.bassin-bas-rhin.fr/?utm_source=gmb;;;;;;;;;;
Aqualane's Bord du Scorff;Rue René Cassin 56600 Lanester France;http://www.piscine-lanester.fr/;;;;;;;;;;
AquaStyle;10 Rue de la Mairie 28130 Chartainvilliers France;https://depanngeplomberie.com/;;;;;;;;;;
Paradis aquatique;183 bis Rue d'Angreville 76630 Douvrend France;http://www.paradisaquatique.com/;;;;;;;;;;
Stade aquatique de Douarnenez Communauté;2 rond-point de Rte de Brehuel 29100 Douarnenez France;https://www.stadeaquatique.bzh/;;;;;;;;;;
Aquabell;2 Bis Rte de Montaigu 85170 Bellevigny France;;;;;;;;;;;
LOU Piscine - UCPA Aqua Stadium de Lyon;347 Av. Jean Jaurès 69007 Lyon France;https://www.ucpa.com/aqua-stadium/lyon;;;;;;;;;;
Centre Aquatique;7 Av. Victor Cohalion 63160 Billom France;http://billomcommunaute.fr/sport-et-culture/centre-aquatique/;;;;;;;;;;
AQUALINE PISCINES;33 Imp. des Mouliniers 42100 Saint-Étienne France;;;;;;;;;;;
AQUARÊVE CAVAILLON - PISCINES MAGILINE;101 Av. des Banquets 84300 Cavaillon France;https://aquareve-piscine-spa.fr/magiline-cavaillon/;;;;;;;;;;
Aqualys Paysages;12 Pl. de L Hôtel de ville 49290 Chalonnes-sur-Loire France;https://aqualys-paysages.fr/?utm_source=google&utm_medium=organic&utm_campaign=gbp;;;;;;;;;;
AQUA'SUN PISCINE;8 Rue de l'Artisanat 68740 Blodelsheim France;;;;;;;;;;;
Centre Aquatique Intercommunal Cluses Arve & montagnes;Service Omnisports 80 Rue Carnot 74300 Cluses France;https://2ccam-vitrine.elisath.fr/;;;;;;;;;;
Aquaconcept;1100 Chem. de l'Estagnol 83260 La Crau France;;;;;;;;;;;
AquaTech Services 34;42 Rue de l'Étang de l'Or 34470 Pérols France;http://www.aquatech-services.fr/;;;;;;;;;;
Centre Aquatique Claude Blin;Rue du Loing 45120 Châlette-sur-Loing France;https://ville-chalette.com/centre-aquatique-claude-blin/;;;;;;;;;;
Aqua 9;Stade du Moulin Bleu 44140 Montbert France;https://www.grandlieu.fr/sortir-et-se-divertir/piscines/laqua-9;;;;;;;;;;
Centre Aquatique Aloha;111 Av. Jean Jaurès 26200 Montélimar France;https://www.montelimar-agglo.fr/vie-quotidienne/sports-loisirs/centres-aquatiques;;;;;;;;;;
La Piscine Aquabella;Esp. Alexandre Lofi 14150 Ouistreham France;https://piscine-aquabella.fr/;;;;;;;;;;
Réflexes Aquatiques et Natation;43 Rte du Chef Lieu 74370 Charvonnex France;;;;;;;;;;;
Aquaform'action;Rue de la Foudonne 01090 Guéreins France;https://www.aquaformaction.com/;;;;;;;;;;
Aqua Espace et Accessoires;3509 Av. de Toulouse 33140 Cadaujac France;;;;;;;;;;;
Aquafeat;16 Chem. des Halles 85300 Challans France;https://www.aquafeat.fr/;;;;;;;;;;
AQUASTEEL PRODUCTION;55 All. de l'Industrie 74130 Contamine-sur-Arve France;https://www.aquasteel-production.com/;;;;;;;;;;
IERA AQUA;5 Chem. des Dames 39800 Grozon France;https://www.welinkbuilders.fr/plombier/installateur-sanitaire/39800-grozon-france/iera-aqua-520;;;;;;;;;;
Aqua Languedoc;6 Chem. des Détours 30670 Aigues-Vives France;;;;;;;;;;;
AQUAR'L DECO;7 Jardins la Plaine du Lac 79230 Fors France;https://www.facebook.com/profile.php?id=100091493851194;;;;;;;;;;
AquaVague Piscine;Pizançon 735C Rue Louis Pasteur 26300 Chatuzange-le-Goubet France;http://www.aquavaguepiscines.fr/;;;;;;;;;;
Aqualisia;Résidence les Rue des Grands Jardins 02200 Villeneuve-Saint-Germain France;https://aqualisia-pkj4xvzv0ptfih89.builder-preview.com/;;;;;;;;;;
Francky Plomberie Aqua Piscine;Les Floralies Rue du Lieutenant Colonelli 06310 Beaulieu-sur-Mer France;https://aqua-piscine.fr/;;;;;;;;;;
Aquamarché Pau;Av. Normandie Niemen 64121 Serres-Castet France;https://www.aquamarche-pau.fr/;;;;;;;;;;
Aquacristal;28 Av. Christian Doppler 77700 Bailly-Romainvilliers France;;;;;;;;;;;
AQUARYA Piscines;695 Chem. de la Peyroua 83830 Figanières France;https://aquarya-piscines.fr/;;;;;;;;;;
Aquabat66;62 Rte nationale 66200 Elne France;;;;;;;;;;;
Aqua Nova piscine;322 Bd Marcel Pagnol 83300 Draguignan France;;;;;;;;;;;
Aquatic Services;Collet de Saint-Laurent 83830 Callas France;;;;;;;;;;;
Aquafit 16;2 Le Petit Champ 16120 Graves-Saint-Amant France;http://www.aquafit16.fr/;;;;;;;;;;
Aqua Protect;2 Av. du Blanchissage 84000 Avignon France;https://aqua-protect.fr/;;;;;;;;;;
AQUABETON;7 Rue Paul Langevin 34500 Béziers France;http://aquabeton-piscines.fr/;;;;;;;;;;
Aqualine;44 Av. de Vendôme 41000 Blois France;;;;;;;;;;;
AQUATECHNIQUE (siège social);51 Rue Latécoère 66000 Perpignan France;https://aquatechnique.fr/;;;;;;;;;;
Aquatech Piscine;4 Imp. des Grillons 83400 Hyères France;https://aquatech-57.webself.net/;;;;;;;;;;
Aquachris;930 Rte des Clermonts 01340 Foissiat France;https://www.aquachris.com/?utm_source=gmb;;;;;;;;;;
Espace Aquatique du Cubzaguais;56 Rue du Stade 33240 Gauriaguet France;https://espaceaquatiqueducubzaguais.com/;;;;;;;;;;
Aquaproduction / Kinedo;9 Rue de Rouans 44680 Chaumes-en-Retz France;http://www.kinedo.com/;;;;;;;;;;
AquaFlo Piscine;329 Rue des Rubis 83600 Fréjus France;https://www.instagram.com/aquaflopiscine?igsh=MWFsZTRheHY5cnk5dg%3D%3D&utm_source=qr;;;;;;;;;;
Aqua Maintenance;16 Les Hauts Jardins 88230 Fraize France;;;;;;;;;;;
AQUASTA;31 Rue d'Aurios 33150 Cenon France;http://aquastapiscines.com/;;;;;;;;;;
AQUAPISCINA-BATIMENT&PISCINE;Quarcio 20166 Grosseto-Prugna France;http://www.aquapiscina.sitew.com/;;;;;;;;;;
SAS AQUA PISCINES 24;6 Av. de la Gare 24290 Montignac-Lascaux France;;;;;;;;;;;
Société de construction de piscine Aquastil - Constructeur de Piscines et Spas Bayeux;30 Rte de Caen 14400 Bayeux France;http://www.aquastilpiscines.com/;;;;;;;;;;
Aqua Concept;impasse du Bocage 85590 Saint-Malô-du-Bois France;http://www.aqua-concept85.com/?utm_source=gmb;;;;;;;;;;
AQUANOV piscines - Pisciniste constructeur de piscine - Rénovation et Services en Gironde;2844 Av. de Bordeaux 33127 Saint-Jean-d'Illac France;https://aquanov.fr/;;;;;;;;;;
Aquatic Concept Paysages;18 Rue du Tumulus 79100 Thouars France;https://aquatic-concept-paysages.fr/;;;;;;;;;;
Nager Bouger - Cours de natation - Aquavignes (Saint Léger les Vignes);La vignes de La Lande 44710 Saint-Léger-les-Vignes France;http://www.nagerbouger.fr/;;;;;;;;;;
Aquadiscount;8 Rue Chambrelent 33160 Saint-Médard-en-Jalles France;https://piscine.aquadiscount.com/;;;;;;;;;;
Centre Aquatique Le Dôme de Vincennes;20 Av. des Murs du Parc 94300 Vincennes France;https://ledomedevincennes.fr/?utm_source=Google&utm_medium=SEO&utm_campaign=GMB;;;;;;;;;;
AQUALEAKS - Recherche de fuite piscines et Réparation canalisations;Pl. de la Mairie 81170 Souel France;https://www.aqualeaks.fr/;;;;;;;;;;
Aqua Pro Piscine | Rénovation et entretien de piscine | Pisciniste Vaucluse;57 All. des Glaieuls 84130 Le Pontet France;http://www.aquapro-piscine.fr/;;;;;;;;;;
Piscine Aquagolfe Vannes-Kercado;26 Rue Winston Churchill 56000 Vannes France;https://www.golfedumorbihan-vannesagglomeration.bzh/espacesaquatiques;;;;;;;;;;
AquaVision;2 Imp. Ronsard 33440 Saint-Louis-de-Montferrand France;https://aquavision-piscine.my.canva.site/piscine-renovation-construction-entretien;;;;;;;;;;
Centre Aquatique de L'Îlot Corail;2 Av. Paul Langevin 58640 Varennes-Vauzelles France;https://pole-aquatique-nevers-agglo.fr/ilot-corail/;;;;;;;;;;
MLO Espace Aquatique;9 Rue du Marais 51500 Taissy France;https://www.mlo-espaceaquatique.fr/;;;;;;;;;;
Aqua Soulac;résidence Closerie de Margot 9A chemin de la Nève 7bis rue des Frères Lumière 33780 Soulac-sur-Mer France;http://aquasoulac.liberfit.fr/;;;;;;;;;;
aquasud;Rue François Boucher 33400 Talence France;;;;;;;;;;;
AQUAEVASION;Zone artisanale Cheiractivité Tallende Puy-de-Dôme France;;;;;;;;;;;
Piscine Les Aqualies;19 Rue du N 67110 Niederbronn-les-Bains France;https://www.niederbronn-les-bains.fr/culture-loisirs/sports-et-loisirs/piscine-les-aqualies/;;;;;;;;;;
Aqua Services;19 Rue du Moulin 19510 Salon-la-Tour France;;;;;;;;;;;
Centre aquatique de Vitry-sur-Seine;Av. du 8 Mai 1945 94400 Vitry-sur-Seine France;https://centreaquatique.vitry94.fr/;;;;;;;;;;
Aqua Service;1120 Route des bertrand 83460 Taradeau France;;;;;;;;;;;
Espace aquatique de Flaine;Flaine Forum 74300 Arâches-la-Frasse France;;;;;;;;;;;
BTAC BeaucaireTarascon Aquatic Club;2 Rue de l'Écluse 30300 Beaucaire France;;;;;;;;;;;
Pyrénées Aqua Synergie;1 Av. Bertrand Barere 65000 Tarbes France;;;;;;;;;;;
Aquastéryl - Tout pour la Piscine et le Jardin - Magasin Avignon / Le Pontet;ZONE PORTUAIRE 1 Chem. des Broutières 84130 Le Pontet France;https://www.aquasteryl.com/;;;;;;;;;;
Scm Aqua Alpes Sante;75 Rue de la Terrasse 38220 Vizille France;;;;;;;;;;;
AQUAPOWER TARNOS;40 Bd Jacques Duclos 40220 Tarnos France;;;;;;;;;;;
Complexe Aquatique de Sanary-sur-Mer;Chem. des Mas de l'Huide 83110 Sanary-sur-Mer France;http://www.piscine-sanary.com/;;;;;;;;;;
Aquajade;Parc d'activités de la Guerche Av. Georges Brassens 44250 Saint-Brevin-les-Pins France;https://www.vert-marine.com/aquajade/;;;;;;;;;;
AQUA MATE;13 Rue Louis Saillant 69120 Vaulx-en-Velin France;http://www.aquamate.fr/;;;;;;;;;;
Aquastar;5 ZA le grand planot 38290 La Verpillière France;https://aquastar-piscines.com/;;;;;;;;;;
Aquazenith Mozac;12 Rue Fernand Forest 63200 Mozac France;http://aquazenith.fr/;;;;;;;;;;
Richaud fabien coach sportif aquagym et aquabike;14bis Rue du Gymnase 04200 Sisteron France;https://www.facebook.com/richaudfabien;;;;;;;;;;
Aquafolie;Chem. des Gravières 43800 Vorey France;;;;;;;;;;;
Centre aquatique du Bois d'Auteuil;1 Rue du Bois d'Auteuil 94440 Villecresnes France;;;;;;;;;;;
Aquaroline;2 Rte de Chambe 86400 Voulême France;http://aquaroline.com/;;;;;;;;;;
Aquaprohydraulique;6 Rue Auguste Râteau 17640 Vaux-sur-Mer France;https://aquaprohydraulique.fr/;;;;;;;;;;
Centre Aquatique;18 Rue du Petit Coteau 37210 Vouvray France;http://centre-aquatique-vouvray.gaqo.net/;;;;;;;;;;
Aqua Etc...;30 Rue des Houyers 28210 Villemeux-sur-Eure France;http://www.aquaetc.fr/;;;;;;;;;;
Aqua Zen avec Piscine - Breizh location;29730 Guilvinec France;https://br.bluepillow.com/search/648581177f7e24c1922c7d71?dest=bkng&cat=House&lat=47.80086&lng=-4.29446&language=pt;;;;;;;;;;
Villeneuve-le-Roi Aquatique Club;7 Rue Charles Nungesser 94290 Villeneuve-le-Roi France;;;;;;;;;;;
AquaSud Pays bigouden;17 Rue Raymonde Folgoas Guillou 29120 Pont-l'Abbé France;https://aquasud-paysbigouden.bzh/;;;;;;;;;;
Aquaplast;47 Av. Marcel Paul 93290 Tremblay-en-France France;http://www.aquaplast.fr/;;;;;;;;;;
Aqua-Real;149 Rue des 4 Huyes 41100 Vendôme France;;;;;;;;;;;
Centre Aqualudique de Seyne;340 route du Faubourg 04140 Seyne France;https://www.blancheserreponcon-tourisme.com/equipements/centre-aqualudique-de-seyne/;;;;;;;;;;
aqua'riouparc;plan d'eau du riou 05300 Garde-Colombe France;;;;;;;;;;;
Aquatiris Ardèche Nord;180 route du doux 07320 Saint-Agrève France;https://www.aquatiris.com/expert/aquatiris-nord-ardeche/;;;;;;;;;;
Aquatech France;168 Rte de Plainpalais 73230 Saint-Alban-Leysse France;https://aquatech-france.fr/;;;;;;;;;;
Centre Aquatique Marcel Robert;Rue Pierre Curie 59125 Trith-Saint-Léger France;https://centreaquatique.trith.fr/ELISATH_RESERVATION_WEB/FR/PAGE_SansModuleActif.php?PHPSESSID=5iun9838kmgef3eilv86iq9au1;;;;;;;;;;
Centre Aquatique Claire Supiot;Av. Maurice Utrillo 93380 Saint-Denis France;;;;;;;;;;;
AQUAGYM;15 Rue Mathis 75019 Paris France;https://aquagymparis.fr/index.php/nouscontacter;;;;;;;;;;
Aqua Detente Pros - Boutique Accastillage;8 Av. de la Combe d'Or 05160 Savines-le-Lac France;https://www.aquadetente-pros.com/boutique-accastillage-serre-poncon?utm_source=google&utm_medium=organic&utm_campaign=gmb&utm_content=boutique;;;;;;;;;;
Centre aquatique Alfred Nakache;Chem. de Mazeilles 34410 Sauvian France;https://www.agglobeziers.fr/centre-aquatique-alfred-nakache-a-sauvian/;;;;;;;;;;
Centre Aquatique de Pithiviers;Rue Gabriel Lelong 45300 Pithiviers France;;;;;;;;;;;
AQUAGARONNA;7 Av. Salvador Allende 31120 Portet-sur-Garonne France;https://muret.horanet.com/;;;;;;;;;;
Aquamania;29 Rte d'Ax 31120 Portet-sur-Garonne France;http://www.misterliner.com/;;;;;;;;;;
Aquaforme;04 76 92 Pl. de la Mairie 38660 La Terrasse France;;;;;;;;;;;
Base de loisirs aquatique La Norma;Chem. des Tufs 73500 Villarodin-Bourget France;http://www.la-norma.com/;;;;;;;;;;
CAP 2S - Kinésithérapie - Centre Aquatique;534 Rue Saint-Maurice 74800 Saint-Pierre-en-Faucigny France;http://cap2-s.fr/;;;;;;;;;;
Sarl Aquanet Pillon Arnaud;14 Rue du Bourgneuf 72140 Rouessé-Vassé France;;;;;;;;;;;
eaux sports et santé-marche aquatique;40 Rue des Varennes 77460 Souppes-sur-Loing France;;;;;;;;;;;
Aquavelo Villebon sur Yvette;4 Av. de Norvège 91140 Villebon-sur-Yvette France;https://aquavelo-villebon.com/seance-decouverte-aquavelo-villebon-sur-yvette/;;;;;;;;;;
Aqualia;8 Imp. Bois Pailloux 16440 Roullet-Saint-Estèphe France;;;;;;;;;;;
L.t Aqua + devient Ayor Bathroom;Champs Les Barbots 16440 Roullet-Saint-Estèphe France;http://www.lt-aquaplus.fr/;;;;;;;;;;
Centre aquatique Aygueblue;Parc d'Activité Atlantisud 300 Rue du Gave 40230 Saint-Geours-de-Maremne France;https://ca-aygueblue.fr/;;;;;;;;;;
AQUADDUCTION Alès | Vente & réparation de pompes à eau;108 Rue Denis Papin 30100 Alès France;https://www.aquadduction.com/;;;;;;;;;;
Aqua Concept;Z.A de 22410 Saint-Quay-Portrieux France;https://aqua-concept-ltd-22.fr/;;;;;;;;;;
Aquarelle Piscines;3 Rte de la Maison Blanche 26140 Saint-Rambert-d'Albon France;http://www.aquarellepiscines.fr/;;;;;;;;;;
aquachaleur;22 Chem. du Rocher 91140 Villejust France;;;;;;;;;;;
Aqua Look Piscine;714 Av. de Lançon 84400 Apt France;;;;;;;;;;;
Sub Aquatic Group Wattignies;2 Rue Gagarine 59139 Wattignies France;http://plongeewattignies.fr/;;;;;;;;;;
Aquaval;153 Rue Notre Dame 59141 Thun-l'Évêque France;;;;;;;;;;;
Aquafor Centre;Rue des Tabardières 41350 Saint-Claude-de-Diray France;;;;;;;;;;;
Aquakiné Wervicq Sud;2 Allée Philippe de Girard 59117 Wervicq-Sud France;https://www.doctolib.fr/cabinet-de-kinesitherapie/wervicq-sud/aquakine-wervicq-sud;;;;;;;;;;
Aquarive;1 Rue Georges Cuvier 67610 La Wantzenau France;https://www.aquarive.com/;;;;;;;;;;
Piscine Aquaried;10 S Rue de la Garonne 67390 Marckolsheim France;https://www.ried-marckolsheim.fr/culture-sport/piscine;;;;;;;;;;
Aqualia;7 Rue du Pigeon 68000 Colmar France;http://www.colmar.fr/piscine-aqualia;;;;;;;;;;
Espace aquatique;19 Rte de Brion 86350 Saint-Secondin France;https://www.saint-secondin.fr/index.php/loisirs/123-espace-baignade;;;;;;;;;;
Centre Aquasportif Val d'Isère;370 Rue de la Face 73150 Val-d'Isère France;https://www.valdisere.com/bien-etre/centre-aquasportif/;;;;;;;;;;
AQUALYS;6 Rte de Chanteloup 49360 Toutlemonde France;https://www.piscine-aqualys.fr/;;;;;;;;;;
Pvc armé Piscine - Liner-Équipements Piscine-AQUA'PISCINA-Batiment&Piscine;43 bis Av. de Mouliero 13770 Venelles France;http://www.aquapiscina.sitew.com/;;;;;;;;;;
Aqua Art Piscines et Spas;849 Rue Favre de Saint-Castor 34080 Montpellier France;;;;;;;;;;;
Centre Aquatique du Grand Jardin;Rte de Saint-Mammès 77250 Moret-sur-Loing France;https://www.ccmsl.fr/vivre-a-msl/sports/centre-aquatique-du-grand-jardin.html;;;;;;;;;;
Aquatik'skol;84 Av. de Portsall 29830 Ploudalmézeau France;https://aquatik-skol.fr/;;;;;;;;;;
Aquamagasin;Marin 12260 Sainte-Croix France;https://www.aquamagasin.com/;;;;;;;;;;
AQUAMARK - Site de St Diéry;Moulin Neuf 1 la rue du meunier 63320 Saint-Diéry France;;;;;;;;;;;
AQUA BLUE EUROPA PISCINES;23 Av. Georges Guynemer 66100 Perpignan France;;;;;;;;;;;
Piscine Communautaire Aquaval;13 Rue de l'Ordaget 16700 Ruffec France;https://www.ccvaldecharente.fr/sports-animations/equipements-sportifs/piscine;;;;;;;;;;
Aqua Detente Pros;Baie de la Gendarmerie Port 05160 Savines-le-Lac France;https://www.aquadetente-pros.com/?utm_source=google&utm_medium=organic&utm_campaign=gmb&utm_content=base;;;;;;;;;;
Thomas CABANIS aquafit & natation;Rue Du Puech 30310 Vergèze France;;;;;;;;;;;
Aquatic Club Fiddésien;AQUATIC CLUB FIDESIEN 69110 Sainte-Foy-lès-Lyon France;http://www.aquatic-club-fidesien.fr/;;;;;;;;;;
Espace aquatique AgglOcéane Vernouillet;Esp. du Huit Mai 1945 28500 Vernouillet France;https://www.aggloceane.fr/;;;;;;;;;;
AQUAVEX Traitement des Eaux;13 Av. Philippe Lebon 91700 Sainte-Geneviève-des-Bois France;https://www.aquavex.fr/;;;;;;;;;;
AQUAFITBIKE SAINTE GENEVIEVE DES BOIS;20 Av. Scotte 91700 Sainte-Geneviève-des-Bois France;http://www.aquafitbike.com/;;;;;;;;;;
Aquassistance Piscines Sarl;398 Chem. de la Calada 06570 Saint-Paul-de-Vence France;;;;;;;;;;;
Aqua Terra Création;32 Rue de la Source 49310 Saint-Paul-du-Bois France;http://www.aquaterracreation.fr/;;;;;;;;;;
Aqua'Rives;Rue de la Gare 85420 Rives-d'Autise France;;;;;;;;;;;
L'O Espace Aquatique;6 Rue Maréchal de Lattre de Tassigny 67210 Obernai France;http://www.lo-obernai.fr/;;;;;;;;;;
Centre Aquatique de Saint Jean de la Ruelle;10 Rue Charles de Gaulle 45140 Saint-Jean-de-la-Ruelle France;http://www.ville-saintjeandelaruelle.fr/vivre-habiter-et-sortir/sport/centre-aquatique-les-corbolottes/171-centre-aquatique-les-corbolottes;;;;;;;;;;
Espace Aquatique de Vernet;692 Av. de Saint-Saturnin 66820 Vernet-les-Bains France;http://mairie-vernet-les-bains.jimdo.com/espace-aquatique/;;;;;;;;;;
JS Aquatop;51 Rue de la Boisinière 35530 Servon-sur-Vilaine France;https://www.aquatop-js.com/;;;;;;;;;;
Piscine Aqualud André Morin;53700 18 Rue Pasteur 53700 Villaines-la-Juhel France;https://www.cc-montdesavaloirs.fr/;;;;;;;;;;
Aqua Scène;272 Prés Blancs Lieu-dit 69510 Soucieu-en-Jarrest France;https://aqua-scene.fr/?utm_source=gmb;;;;;;;;;;
L'Aqua'fure;30 Rte Nationale 30430 Saint-Jean-de-Maruéjols-et-Avéjan France;;;;;;;;;;;
Aquacentre;Complexe sportif du Val Saint-Martin 44210 Pornic France;http://www.pornicagglo.fr/lieu/aquacentre/;;;;;;;;;;
L'Aquaretz;14 Rue de Saint-Exupéry 44680 Sainte-Pazanne France;https://aquaretz.fr/;;;;;;;;;;
Piscine AQuaVaille;1080 Chemin de 38160 Chatte France;http://www.aquavaille.com/;;;;;;;;;;
L'Aquabar;Les Hazelles 51800 Sainte-Menehould France;;;;;;;;;;;
Aquatechnique Montpellier;200 Chem. du Rieucoulon 34430 Saint-Jean-de-Védas France;https://aquatechnique.fr/;;;;;;;;;;
MD PISCINES MATERIEL PISCINES ET EQUIPEMENT PISCINES JEUX AQUATIQUES;2 Trav. Saint-Roch 83210 Solliès-Pont France;http://www.mdpiscines.fr/;;;;;;;;;;
Aqua Concept Service;LES Chem. des Laugiers 83210 Solliès-Pont France;;;;;;;;;;;
L'Aquatique - Piscine - 5p - Rêve au Mans;72100 Le Mans France;https://br.bluepillow.com/search/681107dea74f8eb5bd25f572?dest=bpex&cat=Apartment&lat=47.96512&lng=0.21453&language=pt;;;;;;;;;;
Béthune Subaquatique;Av. du Pont des Dames 62400 Béthune France;http://www.bethunesubaquatique.com/;;;;;;;;;;
Aquapool piscines;30 impasse Syrah 83520 Roquebrune-sur-Argens France;https://aquapool.pages.dev/#expertise;;;;;;;;;;
Espace aquatique de la Lande;Le Grand Marais 17600 Saujon France;http://www.agglo-royan.fr/piscine;;;;;;;;;;
Centre aquatique de Roquebrune-Cap-Martin;1 Prom. du Soleil 06500 Menton France;https://lesbainsducap.com/;;;;;;;;;;
AquaToPi;9 Rue des Douanes 83520 Roquebrune-sur-Argens France;;;;;;;;;;;
Aqua Fit Box;28500 Vernouillet France;;;;;;;;;;;
Centre Aquatique Communautaire de l'Allochon;21 Av. Fernand Tribot 86500 Montmorillon France;http://www.vienneetgartempe.fr/;;;;;;;;;;
Aqua Design Paysage;143 Dom. du Pont Vieux 06330 Roquefort-les-Pins France;;;;;;;;;;;
Ambiance Aqua;460 Av. du Président Salvador Allende 26800 Portes-lès-Valence France;https://www.ambianceaqua.fr/;;;;;;;;;;
Sténopé Aquatique/ Café associatif/ Tiers-lieu;790 Rue de Vichy 42430 Saint-Just-en-Chevalet France;https://stenope-aquatique.jimdofree.com/;;;;;;;;;;
Aquadif;5 Rue Paul-Henri Spaak Zac Actipolis 3 batiment E11 68390 Sausheim France;http://www.aquadif.com/;;;;;;;;;;
Piscine Aqualude;13 Rue de Beauregard 42600 Montbrison France;https://www.loireforez.fr/services-au-quotidien/sport/piscine-aqualude/;;;;;;;;;;
C.A.NA.R.E association aquatique de parents bénévoles;19 Rue Diderot 92310 Sèvres France;http://sevres-associatif.fr/canare/;;;;;;;;;;
Aquazenith Pont-du-Château;5 Ave Jean Moulin 63430 Pont-du-Château France;http://www.aquazenith.fr/;;;;;;;;;;
Aqua Systèmes;2 All. des Chênes 74100 Vétraz-Monthoux France;https://www.irrijardin.fr/;;;;;;;;;;
AQUA BABY CHAUVIGNY;1 Rue de la Maladrerie 86300 Chauvigny France;http://usc-aquababy.com/;;;;;;;;;;
Centre Nautique Intercommunal - Aquadium;3 Rue Henri Dunant 95160 Montmorency France;http://www.piscinemontmorency.fr/;;;;;;;;;;
AQUAVELO VALLAURIS;Chem. de Saint-Bernard 06220 Vallauris France;http://www.aquavelo.com/;;;;;;;;;;
AQUA MAS;5 Rue des Tilleuls 57340 Vallerange France;;;;;;;;;;;
Aquaworld;2 bis Rue du Bourg Nouveau 35000 Rennes France;https://aquaworld-rennes.fr/;;;;;;;;;;
AQUAGYM - Piscine Philippe MOLY de Prats-de-Mollo-la-Preste;66230 Prats-de-Mollo-la-Preste France;https://www.mairie-pratsdemollolapreste.com/loisirs-culture/activites-sportives/;;;;;;;;;;
Centre Aqualudique l'O;55 Bd Guy Marie Riobé 45000 Orléans France;https://www.vert-marine.com/centreaqualudiquedelo/;;;;;;;;;;
Aqua Club Orly;Rue du Noyer Grenot 94310 Orly France;https://aquacluborly.fr/;;;;;;;;;;
Grand Nancy Aquatique Club;4 Rue Moulin de Boudonville 54000 Nancy France;http://www.grandnancyaquatiqueclub.com/;;;;;;;;;;
Loches Aquatique Club Natation;1 All. des Lys 37600 Loches France;https://www.lochesacnatation.com/contactez-nous;;;;;;;;;;
Aquapol;91 Av. Henri Ginoux 92120 Montrouge France;https://www.valleesud.fr/fr/aquapol-de-montrouge;;;;;;;;;;
Piscine Aqua'titude de Palavas Les Flots;1 Av. de l'Abbé Brocardi 34250 Palavas-les-Flots France;https://www.paysdelor.fr/vie-quotidienne/piscines-sport/piscines/espace-aquatitude/;;;;;;;;;;
Association Aqua Loisirs;Av. Paul Frot 77100 Meaux France;https://www.aqualoisirs-meaux.fr/;;;;;;;;;;
Aquabike FD;Rue des Thermes 57360 Amnéville France;http://aquabike-fd-amneville.fr/;;;;;;;;;;
Aqua'Services;4 Rue de la Gare 60560 Orry-la-Ville France;https://www.aqua-services-plomberie.fr/?utm_source=gmb;;;;;;;;;;
ESN AQUAFORM;136 Av. Frederic et Irene Joliot Curie 92000 Nanterre France;https://www.esnanterre.com/aquaform/;;;;;;;;;;
Lovee Aquabike - Le spécialiste de l’aquabike;7 Rue des Platriers 69009 Lyon France;https://www.lovee-aquabike.com/fr;;;;;;;;;;
AquaClub du Lys;135 Rue Louis Pasteur 49310 Lys-Haut-Layon France;https://aquaclubdulys.wixsite.com/monsite;;;;;;;;;;
La Riviera Bar Restaurant Parc aquatique;lieu dit arone Rés Marina d'Arone 20115 Piana France;https://www.marina-arone.com/;;;;;;;;;;
Aquaocéane;8 bis Rue Hector Berlioz 76290 Montivilliers France;http://www.aquaoceane.fr/?utm_source=gmb;;;;;;;;;;
Aquaya - Ionisation piscine & spa;36 Résidence Les Palmyriennes 37 Av. des Mathes 17570 Les Mathes France;https://aquaya.fr/;;;;;;;;;;
Aquafab;1 Av. Gustave Eiffel 66600 Rivesaltes France;https://www.aquafab.fr/;;;;;;;;;;
Espace Aquad’or;83 Rue Léon Jouhaux 34130 Mauguio France;http://www.paysdelor.fr/;;;;;;;;;;
Piscine Aquadel Mauléon;Rue de la Bachelette 79700 Mauléon France;https://piscines.agglo2b.fr/;;;;;;;;;;
AQUATEKPRO;Rue des Garennes 78550 Houdan France;;;;;;;;;;;
Résidence Aqualiva;55 Av. de Valberg Immeuble Alpazur 06470 Péone France;;;;;;;;;;;
Centre Aquatique de Moncoutant sur Sèvre;Rue de la Vendée 79320 Moncoutant-sur-Sèvre France;https://piscines.agglo2b.fr/accueil.html;;;;;;;;;;
Aquazenith Cournon;40 Rue de Sarliève 63800 Cournon-d'Auvergne France;http://aquazenith.fr/;;;;;;;;;;
Aqua Club Pontault Roissy;21 Route départementale 77340 Pontault-Combault France;https://abcnatation.fr/sc/130779624;;;;;;;;;;
Aqua Sports Peronnas;Zone professionnelle Les Bruyères 211 Rue Marie Curie 01960 Péronnas France;http://www.aquasportsperonnas.fr/;;;;;;;;;;
Sarl Aquasun;Rue Denis Papin 64121 Montardon France;http://aqua-sun.com/;;;;;;;;;;
Rebeuville Aqua Services;67 Rue du Faubourg 88300 Rebeuville France;;;;;;;;;;;
Aqua gym JM;45 Rue Jean Martin 13005 Marseille France;;;;;;;;;;;
AquaNins66;Jardinerie du tech La Cabanasse Chemin du moulin 66400 Reynès France;https://aquanins66.fr/;;;;;;;;;;
Aquafitbag;24 Vieille route N 48000 Chastel-Nouvel France;http://www.aquafitbag.com/;;;;;;;;;;
Aquadisiaque;212 Chem. des Delphiniums 83190 Ollioules France;https://www.aquadisiaque.com/;;;;;;;;;;
AQUA PISCINES CREATIONS;3287 Rte de Strasbourg 69140 Rillieux-la-Pape France;;;;;;;;;;;
Aquanalyse Laboratoire;De Crève Cœur 10380 Plancy-l'Abbaye France;https://www.aquanalyse-laboratoire.fr/;;;;;;;;;;
Aquadis piscine - Martigues;11 Rte de Saint-Pierre 13500 Martigues France;;;;;;;;;;;
Mairie - centre aquarécréatif;Rue des Fossés 03430 Villefranche-d'Allier France;;;;;;;;;;;
AQUALYS BOSSU CUVELIER Soissons;Z.I. Villeneuve-Saint-Germain 160 Rue Antoine de Saint-Exupéry 02200 Soissons France;;;;;;;;;;;
Piscine Espace Aquasud;1 Rue Montesquieu 66750 Saint-Cyprien France;http://www.aquasud66.fr/;;;;;;;;;;
AQUABELLA piscine de Saint-Lys;Rte de Saint-Thomas 31470 Saint-Lys France;https://muret.horanet.com/;;;;;;;;;;
AQUA BLUE pressing écologique;4 Rue de la République 27110 Le Neubourg France;https://www.pressing-aquablue.com/pressing/pressing-ecologique-aqua-blue-neubourg/;;;;;;;;;;
Aquaticplay;328 Rue de Laumeuil 19600 Saint-Pantaléon-de-Larche France;https://www.aquaticplay.fr/;;;;;;;;;;
Detection de fuites - AQUA DETECT -;16 Rue des Cordeliers 64100 Bayonne France;https://aqua-detect.fr/;;;;;;;;;;
Aqua Service Pompage;Le Village 01240 Saint-André-le-Bouchoux France;http://aqua-service-pompage.com/;;;;;;;;;;
Piscine Aquaval;Rue Balzac 22000 Saint-Brieuc France;;;;;;;;;;;
Aqua Paysage;13 Rue des Fermés 76470 Le Tréport France;https://www.aqua-paysage.fr/;;;;;;;;;;
Aquaparc by Diffazur;44 All. des Architectes 06700 Saint-Laurent-du-Var France;https://www.aquaparc.pro/;;;;;;;;;;
Aquasecure61;8 rue des 4 vents 61170 Sainte-Scolasse-sur-Sarthe France;https://aquasecure61.fr/;;;;;;;;;;
AQUANEOS;44 Grande Rue 78480 Verneuil-sur-Seine France;;;;;;;;;;;
AQUATIC SERENITY;Rte de St Georges d'Orques 34570 Pignan France;https://www.aquatic-serenity.com/;;;;;;;;;;
Aqua Technique Service ATS;La Pierre Folle 49280 Saint-Christophe-du-Bois France;;;;;;;;;;;
AQUAVELO Estérel;107 Av. Victor Hugo 83700 Saint-Raphaël France;https://aquaveloesterel.com/;;;;;;;;;;
Aquapure Piscine;1387 Av. du Gratadis 83700 Saint-Raphaël France;;;;;;;;;;;
Ronaqua Peintures;7 Rue du Moulin 30320 Saint-Gervasy France;http://www.lespeinturesronaqua.fr/;;;;;;;;;;
Aqua Clean;11 Rue Maryse Bastié 62126 Wimille France;;;;;;;;;;;
AQUA CLEAN;16 Rue de Salbris 18330 Nançay France;http://www.aquaclean.fr/;;;;;;;;;;
Piscine Aquarive;159 Bd de Créac'h Gwen 29000 Quimper France;https://www.quimper-bretagne-occidentale.bzh/2116-piscine-aquarive.htm;;;;;;;;;;
Aquabike Aquagym Maubourguet;Lascouanes 65700 Maubourguet France;;;;;;;;;;;
Espace forme Aquapol de Montrouge;Rue d'Estienne d'Orves 92120 Montrouge France;https://www.valleesud.fr/actualite/espace-forme-et-detente-aquapol/;;;;;;;;;;
L'AQUA-FERME D'ETANG;Petite Cabane 17270 Saint-Pierre-du-Palais France;http://www.aquaferme.fr/;;;;;;;;;;
AquaStory La Rochelle;22 Rue Robert Geffré Local N°3 17000 La Rochelle France;https://aquastory.fr/;;;;;;;;;;
AquaBois;78 Av. Jean Jaurès 33150 Cenon France;http://www.aquabois33.fr/;;;;;;;;;;
Aqua4Motion;6 Rue Saint-Charles 06500 Menton France;http://www.aqua4motion.com/;;;;;;;;;;
Aquarelax;Av. d'Arès 33200 Bordeaux France;https://aquarelax33.com/;;;;;;;;;;
Aquaservices;28 Rue Molière 06100 Nice France;https://aqua-services.wixsite.com/piscines;;;;;;;;;;
Aqualite Étanchéité;230 Montargues 07200 Saint-Étienne-de-Fontbellon France;http://www.aqualite-etancheite.fr/;;;;;;;;;;
Aqua Plaisir;35 Rue Marc Verdier 10150 Pont-Sainte-Marie France;http://aqua-plaisir.fr/;;;;;;;;;;
Aquatredan;Le Ham. du Cormier 35230 Noyal-Châtillon-sur-Seiche France;;;;;;;;;;;
Aquaservices;Rue Alfred Kastler 56920 Noyal-Pontivy France;https://www.idex.fr/;;;;;;;;;;
Aqua-Cité;4b Rue de Vince 35310 Mordelles France;http://www.aqua-cite.fr/;;;;;;;;;;
Waterform - Formations & Vente d'équipements aquafitness - La Santé par le sport;19 Rue Maurice Ravel étage 1 25200 Montbéliard France;https://groupe.waterform.com/;;;;;;;;;;
Aqua Azur;;;;;;;;;;;;
Aqua Dream 38 - Pisciniste Grenoble;;https://piscinespa-grenoble.com/;;;;;;;;;;
Aqua Express Piscine;;;;;;;;;;;;
Aqua JLR Piscine;;https://aquajlrpiscine.fr/;;;;;;;;;;
Aqua Piscines (Construction & Rénovation);;https://aqualux-piscines.com/;;;;;;;;;;
AQUA POMPES;;https://www.aqua-pompes-marseille.fr/?utm_source=gmb;;;;;;;;;;
AQUA RELAX CARAIBES;14-2 Av. Anse Madame Schœlcher 97233 Martinique;http://www.aquarelaxcaraibes.com/;;;;;;;;;;
Aqua Renov;;http://www.aquarenov13.fr/?utm_source=gmb;;;;;;;;;;
Aqua Rêver 64;;;;;;;;;;;;
Aqua Secure Piscine;;http://www.aqua-secure-piscine.fr/;;;;;;;;;;
AQUA SERVICES Piscines;;;;;;;;;;;;
Aqua Sud Dtect;;http://www.asd-canalisation.com/?utm_source=gmb;;;;;;;;;;
Aqua Sud Dtect / ASD Canalisation;;http://asd-canalisation.com/;;;;;;;;;;
Aqua Wave Exploration;;https://aquawaveexploratio.wixsite.com/aquaweveexploration;;;;;;;;;;
Aquabulles85;;https://aquabulles85.fr/;;;;;;;;;;
Aquacare Service - entretien piscine premium Golfe de Saint-Tropez;;https://www.aquacareservice.fr/;;;;;;;;;;
AquaClim Prestige;;https://aquaclimprestige.com/;;;;;;;;;;
Aquadesign;;https://www.aquadesign-piscine.fr/;;;;;;;;;;
Aquadiag;;https://www.aquadiag.fr/;;;;;;;;;;
Aquadreams 62;;http://www.aquadreams62.com/;;;;;;;;;;
Aquafab;;;;;;;;;;;;
Aqualithe paysage;;https://aqualithe-paysage.fr/;;;;;;;;;;
Aqualliance;;http://www.aqualliance-piscine.fr/;;;;;;;;;;
Aquamaine;;https://www.aquamaine.fr/;;;;;;;;;;
Aquamineral31;;;;;;;;;;;;
Aquapiscines17;;;;;;;;;;;;
Aqua'Pool Tech;;;;;;;;;;;;
AquaPrestige Piscine;;https://www.aquaprestige-piscine.com/;;;;;;;;;;
AquaPro Piscine et Paysage;;https://www.aquapropiscineetpaysage.com/?utm_source=google&utm_medium=wix_google_business_profile&utm_campaign=16672790323990440274;;;;;;;;;;
Aquatec;;;;;;;;;;;;
Aquatech HC;;;;;;;;;;;;
Aquatech vaunage;;http://aquatech-vaunage.fr/;;;;;;;;;;
Aqua'Thik;;http://www.aqua-thik.com/;;;;;;;;;;
AquaZenn - Entretien et Réparation de Piscines;;https://aquazenn.fr/;;;;;;;;;;
Aquazoz’eau;;https://www.aquazozeau.fr/;;;;;;;;;;
Cedrick Aquatic Solution;;https://www.cedrickaquaticsolution.com/;;;;;;;;;;
LandsAqua;;https://landsaqua.fr/;;;;;;;;;;
MMMaquatique;;http://mmmaquatique.com/?utm_source=gmb&utm_medium=referral;;;;;;;;;;
SAV'AQUA EI;;http://www.sav-aqua.fr/;;;;;;;;;;
Aqua Park Asilah;Unnamed Road Asilah Maroc;;;;;;;;;;;
Aquamazagan;Route de casablanca El Jadida 24000 Maroc;;;;;;;;;;;
Parc Aqualib Piscine Cafe Salle Des Jeux;3X6W+9P5 El Mariniyine Maroc;;;;;;;;;;;
Pickalbatros Aqua Fun Club;Km 15 Route de l'Ourika Marrakech Maroc;https://www.pickalbatros.com/fr/aqua-fun-club-resort-marrakech;;;;;;;;;;
Skaquapark;Oulmes Km 6 Route kKhemisset Ait Ouribel 15000 Maroc;https://www.facebook.com/profile.php?id=61550525120644&mibextid=ZbWKwL;;;;;;;;;;
Smir park - Aquaparc;Marina Smir Maroc;http://www.smirpark.com/;;;;;;;;;;
Waves Aqua Resort;Avenue Mohamed V Angle Av Al Jahid Route de Tanger Rabat Kénitra Maroc;https://ahrcollections.com/;;;;;;;;;;
Parc aquatique Bouskoura;P3028 Bouskoura Maroc;;;;;;;;;;;
PISCINE RIM AQUATIQUE;P1 Maroc;;;;;;;;;;;
Gite Pempoull Daniel;22110 Rostrenen France;https://bedfr.click/gite-pempoull-daniel-98d8dm;;;;;;;;;;
Gîte Belsoulel*** | Gite en plein coeur du Tarn;105 Chem. de Belsoulel 81500 Ambres France;https://www.gite-belsoulel.com/;;;;;;;;;;
Gite de charme la cabane de Hans ***;2 Les Bessades 19150 Saint-Martial-de-Gimel France;https://www.lacabanedehans.com/;;;;;;;;;;
Écolodgite Drôme Ardèche - WOOD & SKY - Gîtes meublés -;1 chemin du molard 26240 Laveyron France;https://www.ecolodgite.com/;;;;;;;;;;
Domaine de Cozance : Chambres d'Hotes et gite insolite - Espace Nordique Zen Détente - Piscine - Mini ferme pédagogique;10 Chem. de Bresson 38150 Anjou France;http://chambres-dhotes-de-cozance.e-monsite.com/;;;;;;;;;;
Gite - La Retraite Pyrénéenne - Au Pas de la Bacquère;64 chemin de la poutge ouest Pass. de la Bacquere 65150 Saint-Laurent-de-Neste France;https://www.pasdelabacquere.fr/;;;;;;;;;;
Gite d'Etape de Port-de-Carhaix;5 Port de Carhaix 29270 Carhaix-Plouguer France;http://www.portdecarhaix.fr/;;;;;;;;;;
Gite domaine de lorette;4816 route de Lorette 33190 Saint-Michel-de-Lapujade France;https://domainedelorette.fr/;;;;;;;;;;
Gite du Clos;Le Clos 25 Rue Saint-Gilles 37370 Saint-Christophe-sur-le-Nais France;https://www.clossaintgilles.com/;;;;;;;;;;
Gite du Solin;Chem. de la Plaine 45290 Le Moulinet-sur-Solin France;https://www.facebook.com/gitedusolin/;;;;;;;;;;
Gite Rural Les Laupies;30750 Dourbies France;;;;;;;;;;;
Gites ruraux La Rouviere;La Rouvière 30750 Dourbies France;;;;;;;;;;;
Gites Valcaris;Quartier les Ducs 26190 Le Chaffal France;https://valcaris.fr/;;;;;;;;;;
L’envol des papillons Gite de charme en Ardèche avec Piscine Intérieure Sauna Jacuzzi;443 route des forges 07120 Grospierres France;https://www.gites-de-france-ardeche.com/location-Gite-Grospierres-07G101704.html;;;;;;;;;;
Le Belvédère Cévenol Gite en Cévennes - Villa Eden;3 Les Appens 30110 Lamelouze France;https://belvedere-cevenol.fr/?utm_source=gmb;;;;;;;;;;
Les gites de Cherlieu;Hameau de l'Abbaye de Cherlieu 70500 Montigny-lès-Cherlieu France;http://www.lesgitesdecherlieu.fr/;;;;;;;;;;
Logis De Cupidon - Gite de charme - Jacuzzi et sauna privatif;28 Rue du Portail 26780 Châteauneuf-du-Rhône France;http://www.logis-de-cupidon.fr/;;;;;;;;;;
Résidence de Vacances avec piscine Les Granges de Léo : Gites de charme et Chalets nordiques;31 Rte de las Campagnos 09310 Aston France;https://www.lesgrangesdeleo.fr/;;;;;;;;;;
Village de gites Le Mas de la Grenouillère;583 Jamelle O 07260 Joyeuse France;https://www.gites-lagrenouillere.com/;;;;;;;;;;
Magitech piscine & Spa;ZA Plaine de Caumont 1 Rue Joseph Fourier 11200 Lézignan-Corbières France;https://magitech-piscine.com/;;;;;;;;;;
Gite de groupe - Les Lodges de la Chênaie;Route Nationale 98 20230 Talasani France;https://www.leslodgesdelachenaie.org/;;;;;;;;;;
Gites ruraux des Combes d'Usillon;461 Chem. des Combes d'Usillon 74570 Fillière France;http://camping-usillon.toile-libre.org/;;;;;;;;;;
Gites du Chateau de Bourguignon;3 Rue des Vendangeoirs 02000 Bourguignon-sous-Montbavin France;http://www.gitesduchateau.com/;;;;;;;;;;
Village de Gites La Cascade;La Montberte 12130 Sainte-Eulalie-d'Olt France;https://www.ste-eulalie.com/;;;;;;;;;;
Les Gites de Brives;23 Rte des Romains 17800 Brives-sur-Charente France;https://lesgitesdebrives.com/;;;;;;;;;;
Village de Gites le Domaine de la Jeanne;343 Chem. de la Jeanne 07140 Les Vans France;https://www.domainedelajeanne.com/;;;;;;;;;;
Gite La Belle Aventure Mosnes piscine jacuzzi capacité 15 PERS;37530 Mosnes France;;;;;;;;;;;
Gite dans demeure de charme au coeur de Alsace Sundhouse un jardin et piscine;67920 Sundhouse France;https://br.bluepillow.com/search/6811b6cca74f8eb5bd2e4c8e?dest=bpex&cat=Cottage&lat=48.24947&lng=7.60354&language=pt;;;;;;;;;;
Gite Domaine Bayard avec piscine ou spa;71250 Bergesserin France;;;;;;;;;;;
Gite 8 personnes dans Maison provençale avec piscine en Provence !;84110 Villedieu France;https://www.vrbo.com/pdp/lo/109528893?MDPCID=VRBO-META.HPA.WEB-ORGANIC.VR;;;;;;;;;;
Gites de Vanzay;5 Rue de la Bonvent 79120 Vanzay France;https://www.gites.fr/gites_gites-de-vanzay---6-chambres_vanzay_97267_en.htm;;;;;;;;;;
Gite Grenoble L'O Bleue;45 Rue Ambroise Croizat 38760 Varces-Allières-et-Risset France;https://www.gitelobleue.com/;;;;;;;;;;
Gite LaMothe;1099 Rte de la Mothe 12260 Salles-Courbatiès France;https://www.giteaveyron.com/;;;;;;;;;;
Gite 10 Pers Saumur Piscine SPA;49400 Saumur France;;;;;;;;;;;
Gites La Garrigue;La Garrigue 265 Route des Chênes 24620 Tamniès France;https://www.giteslagarrigue-dordogne.com/;;;;;;;;;;
LOCATION DE GITES (CLIMATISES) AVEC PISCINE COMMUNE TAURIERS;07110 Tauriers France;;;;;;;;;;;
Gites de 4 étoiles près de Cognac et Angoulême avec piscine chauffée. Capacité 5;16170 Échallat France;https://www.vrbo.com/pdp/lo/34426538?MDPCID=VRBO-META.HPA.WEB-ORGANIC.VR;;;;;;;;;;
Gite de charme avec piscine intérieure;72540 Amné France;https://br.bluepillow.com/search/67a2151a5a2dfa15b180258e?dest=bkng&cat=House&lat=48.03938&lng=-0.05988&language=pt;;;;;;;;;;
Gites de bois simon;2 Bois Simon 72540 Épineu-le-Chevreuil France;https://www.gitesboissimon-sarthe.fr/;;;;;;;;;;
MAISON / GITE 3 ÉTOILES DANS LE LUBERON AVEC PISCINE PRIVATISÉE SUR RUSTREL;84400 Rustrel France;;;;;;;;;;;
Gite avec piscine et bain nordique proche des plages du débarquement;14400 Le Manoir France;;;;;;;;;;;
Gite Ô Plaisir des Sens;17 Rue Molière 02850 Trélou-sur-Marne France;;;;;;;;;;;
Gite de Luxe avec piscine L'Escale des Aulnes;2 Rue de la Tour 51700 Verneuil France;http://www.escaledesaulnes.com/;;;;;;;;;;
Gite avec piscine privée et climatisation à Cahors - Three-Bedroom House;46000 Cahors France;;;;;;;;;;;
Domaine de Trezioux - Gite rural;Le Bourg 63520 Trézioux France;;;;;;;;;;;
Les Terrasses du Roc - Grand gite de groupe en Provence - Sud de France Ardèche - Gard;9 rue de la promenade 30630 Saint-André-de-Roquepertuis France;https://www.les-terrasses-du-roc.com/;;;;;;;;;;
Gite Dordogne avec piscine;47410 Sérignac-Péboudou France;http://www.domainedelacolombe.com/;;;;;;;;;;
ROULOTTE GITE JACUZZI PISCINE PRIVATIVE COUVERTE CHAUFFEE ET SAUMUR DOUE;49700 Doué-en-Anjou France;https://www.expedia.com/Hotel.h27474912.Hotel-Information?mdpcid=META.HPA.WEB-ORGANIC.VR;;;;;;;;;;
Gite piscine le cèdre bleu mons Hérault;Le cèdre bleu Chem. du raspe 34390 Mons France;http://www.gite--du-caroux.fr/;;;;;;;;;;
Gite les 3 Cathares;9 Av. Saint-Félix 11350 Rouffiac-des-Corbières France;;;;;;;;;;;
Ecogite des Fontenelles;La Pelletrie 50150 Sourdeval France;http://ecogite-normandie.com/;;;;;;;;;;
Domaine Charente - Gites authentiques de vacance avec piscine et jardin;3 Rue du Gite 16270 Terres-de-Haute-Charente France;;;;;;;;;;;
Hameau du Manoir de La Gabertie: Grand gîte Lot-et-Garonne Grand gite avec piscine Lot (Aquitaine);715 Chem. de la Gabertie 47370 Thézac France;http://www.manoirlagabertie.com/;;;;;;;;;;
Gite avec piscine au Domaine Du Vieux Chateau à Tingry sur la côte d'opale;62830 Tingry France;;;;;;;;;;;
Gite Lot-et-Garonne ''La Vieille Maison'' en campagne avec piscine privée;936 Rte d'Eymet 47800 La Sauvetat-du-Dropt France;http://bernotte.com/;;;;;;;;;;
Gite Domaine de Montagnac;D306 09500 Saint-Félix-de-Tournegat France;http://www.montagnac.eu/;;;;;;;;;;
Maison de caractère - gite-Vallée du Lot - Piscine privée !;le pigeonnier et la bergerie + piscine privée lascassines 957 Rte du Pouchalou 47370 Tournon-d'Agenais France;https://www.maisons-de-vacances-france.com/;;;;;;;;;;
Gites Lot et Garonne - Piscine privée- Wifi...;Lascassines 47370 Tournon-d'Agenais France;https://www.maisons-de-vacances-france.com/;;;;;;;;;;
Les Gites du Cabardès : gite proche Carcassonne gite avec piscine chauffee gite 12 personnes gite de france airbnb;7 Rue des Jardins 11610 Ventenac-Cabardès France;https://carcassonne-holidays.com/;;;;;;;;;;
Gite en Cévennes avec piscine;30110 Laval-Pradel France;;;;;;;;;;;
Gite de charme à la ferme;Le Rey 12200 Savignac France;;;;;;;;;;;
Eco-gites des Camparols;Hameau du Poujol 194 Fouilho 34390 Prémian France;http://www.ecogite-camparols.com/;;;;;;;;;;
Gite à la ferme Savignac-Lédrier;Bas brugnas 793 Imp. des Charmilles 24270 Savignac-Lédrier France;https://www.gite-a-la-ferme-dordogne.fr/;;;;;;;;;;
GITE PISCINE SPA;85150 Saint-Georges-de-Pointindoux France;https://www.clevacances.com/fr/locationvacances/paysdelaloire/vendee/saintgeorgesdepointindoux-34682/gite_piscine_spa_salle_de_sport_etang_a_st_georges_de_pointindoux/48537;;;;;;;;;;
Gites de la Vaysse;gites de la Vaysse - Two-Bedroom House 24540 Vergt-de-Biron France;https://www.booking.com/hotel/fr/gites-de-la-vaysse.fr.html;;;;;;;;;;
La Grange - Gite PMR 7 personnes avec piscine;49650 Allonnes France;https://br.bluepillow.com/search/6397573db05b4aeb869b0f0d?dest=bpvr&cat=Cottage&lat=47.30742&lng=0.0238&language=pt;;;;;;;;;;
Domaine La Balme Gites piscines privées Lot frontière Dordogne;2110 ROUTE DE GOURDON 46310 Peyrilles France;http://domainelabalme.com/;;;;;;;;;;
GITE LE PRE AUX ANES;121 Rue du Pré aux ânes 76640 Terres-de-Caux France;https://frinn.click/gite-pre-aux-jnktvw;;;;;;;;;;
Gites La prairie des prés;17 Le Clos des Prairies 88120 Vagney France;https://la-prairie-des-pres.com/;;;;;;;;;;
GITE LA SOURCE;France Fontjean 07430 Vernosc-lès-Annonay France;;;;;;;;;;;
Les Gites du Village;Lieu dit le Village D703 24250 La Roque-Gageac France;http://www.gites-perigord-roque-gageac.com/;;;;;;;;;;
Gite des Oliviers ***;Chem. des Combes 30200 La Roque-sur-Cèze France;https://gite-des-oliviers.cleasite.fr/?fbclid=IwAR1lc-jFL7Mri47FZAZFF9bedPF83HcOwa7Lg9zM94TtMNRE4B9v62bobrA;;;;;;;;;;
LA ROULOTTE DE ROQUECOR - GITES GRAND PRE ! - AVEC PISCINE - QUERCY SUD OUEST;82150 Roquecor France;;;;;;;;;;;
Gite la Capelle Sigean Narbonne Leucate Aude Pays Cathares Occitanie;4 Rue de la Capelle 11540 Roquefort-des-Corbières France;http://gitelacapelle.com/;;;;;;;;;;
Gite la Tuilerie 46;647 chemin du champs nègres 46330 Tour-de-Faure France;https://latuilerie.ellohaweb.com/;;;;;;;;;;
Gite st cirq Lapopie piscine vue imprenable - Four-Bedroom House;46330 Tour-de-Faure France;;;;;;;;;;;
Les Gites de la Roche Élie;La Roche Élie 3 Rue des Tres Veyes 79120 Rom France;https://les-gites-de-la-roche-elie.fr/;;;;;;;;;;
Gite du Jouteau;RD 105 72140 Mont France;https://echappeesarthoise.jimdofree.com/;;;;;;;;;;
Loft & Pool (Gite & Sauna);6C Rue du Bickenberg N°6C 68570 Osenbach France;http://www.loftpanorama.fr/;;;;;;;;;;
Gite La grave Haute Sud avec piscine - DORDOGNE - LALINDE;945 Grave Haute S 24150 Mauzac-et-Grand-Castang France;https://www.gite24lagravehaute.fr/;;;;;;;;;;
Gite avec piscine;2 Grand Rue 79210 Mauzé-sur-le-Mignon France;https://locofr.click/gite-avec-piscine-rgj90u;;;;;;;;;;
Gite ozon07;15 Les Granges 07370 Ozon France;http://www.ozon07.fr/;;;;;;;;;;
Gite Au Naturel;7 Rue Froide 10270 Montreuil-sur-Barse France;;;;;;;;;;;
LES GITES DU SAPEY - GITES ET DOMAINE MARIAGE;1 LE SAPEY 25580 Les Premiers Sapins France;https://www.lesgitesdusapey.fr/;;;;;;;;;;
Gite le petit pied du bois;Sur le Mont 14260 Les Monts d'Aunay France;https://www.cybevasion.fr/gites-gite-15-pers--avec-biosauna-spa-billard-baby-flipper-ondefontaine-e61879.html;;;;;;;;;;
Gite Les Piphanes;43 Rte des Boutaudières 17600 Nancras France;https://www.amivac.com/rental/165c07999d377f19?hl=fr_FR;;;;;;;;;;
Les gites de la Goujatte;718 ROUTE DE LA GOUJATTE 47150 Montagnac-sur-Lède France;http://www.les-gites.fr/;;;;;;;;;;
La Maison Carrée : Gite de charme 8 personnes climatisés et piscine chauffée privative;48 Av. de la Préhistoire 24620 Les Eyzies France;https://www.lesmaisonsdejerome.com/;;;;;;;;;;
Maison de Coumanis -Gite;Belloc Château 09200 Montjoie-en-Couserans France;https://www.maisondecoumanis.com/;;;;;;;;;;
GITE RURAL AVEC PISCINE CHAUFFEE \n Randonnées Vtt Tourisme MONTAIGU DE QUERCY;82150 Montaigu-de-Quercy France;;;;;;;;;;;
GITE La Maison dans les Vignes;1 Les Maillets 33220 Riocaud France;https://gitemaisondanslesv.wixsite.com/maisondanslesvignes;;;;;;;;;;
Gite oye plage;80 Av. Paul Machy 62215 Oye-Plage France;https://courdenteric.wixsite.com/gitesoyeplage;;;;;;;;;;
Grand Gite du Domaine de la Coulombrière;La Coulombrière 61140 Rives d'Andaine France;https://www.domainedelacoulombriere.fr/;;;;;;;;;;
GITE ET CHAMBRE D'HOTE PISCINE LA PERRIERE PERIGORD DORDOGNE VUE VALLEE DORDOGNE;621 chemin de martel 24220 Coux et Bigaroque-Mouzens France;;;;;;;;;;;
Gite STANDING pour couple AVEC PISCINE CHAUFFÉE & COUVERTE LOCATION À LA SEMAINE + SPA;Lieu dit tantrigue 11170 Alzonne France;https://www.gites-tantrigue.fr/;;;;;;;;;;
Gite Vosges ski piscine jeux tennis Nid Douillet bébé Animaux gite 2/5p + Wifi Hammam;7 Rue du Pont Charreau 88160 Le Ménil France;https://sites.google.com/site/gitevosges/;;;;;;;;;;
"Gite le ""Crocus Blanc""";14 Rue Bellevue 67130 Muhlbach-sur-Bruche France;;;;;;;;;;;
Gites la Genetiere ( Mr et Mme Renaud );332 route de Saint-Vincent La Prise 04200 Noyers-sur-Jabron France;https://gitelagenetiere.fr/;;;;;;;;;;
Gite avec piscine en Bourgogne;89390 Ravières France;https://www.vrbo.com/pdp/lo/94741583?MDPCID=VRBO-META.HPA.WEB-ORGANIC.VR;;;;;;;;;;
Domaine Les Noyers: propriété viticole & gites de vacances;7 Av. du Quatre Août 1792 11700 Montbrun-des-Corbières France;https://www.instagram.com/domaine_les_noyers/;;;;;;;;;;
Gite Libecciu;Lieu-dit Saint-Leonard 20233 Pietracorbara France;https://www.facebook.com/sci.libecciu;;;;;;;;;;
Gite Roudier et Piscine Privée;47290 Monbahus France;https://www.vrbo.com/pdp/lo/100929915?MDPCID=VRBO-META.HPA.WEB-ORGANIC.VR;;;;;;;;;;
GITE INDEPENDANT avec piscine chauffée proche de ROCAMADOUR;46200 Pinsac France;;;;;;;;;;;
Gite avec piscine;La ville Augrenier 35550 Pipriac France;;;;;;;;;;;
Le Grenier d'Ouilly au cœur du Pays d'Auge - Gite avec piscine a 20 min des plages;14100 Ouilly-le-Vicomte France;https://br.bluepillow.com/search/655201201811a9820ebfbc82?dest=ago&cat=Vacation+rental+%28other%29&lat=49.18319&lng=0.2245&language=pt;;;;;;;;;;
La Maison Neuve Gites Madré;30 La Maison Neuve 53250 Madré France;https://www.lamaisonneuve.com/;;;;;;;;;;
Le Mas Hauregard location de gites vacances piscine privee au pied des Cevennes Gard;Le Coussac 30960 Les Mages France;https://www.amivac.com/location-vacances/annonce-91842826;;;;;;;;;;
Gites Les Chalets du Boucillon;665 Boucillon 07360 Les Ollières-sur-Eyrieux France;https://leschaletsduboucillon.fr/;;;;;;;;;;
Gite rural avec grande piscine chauffée et aire de jeux pour enfants à Rouede.;31160 Rouède France;;;;;;;;;;;
Village de Gites Le Frigoulet;110 Frigoulet 07120 Balazuc France;http://www.gites-frigoulet.com/;;;;;;;;;;
Gite de groupe LA source;Les Angles 43340 Saint-Christophe-d'Allier France;http://gitelasource.info/;;;;;;;;;;
GITE les p'tites cagouilles ***;2 Rue Eutrope Dupon 17240 Saint-Germain-du-Seudre France;https://gitecagouillecharente-maritime.com/;;;;;;;;;;
Gite Du Domaine De Montauban;3 Rte de Montauban 52200 Perrancey-les-Vieux-Moulins France;http://www.domainedemontauban.fr/;;;;;;;;;;
Gite PUECH EVASION;32 Rte de Marssac 81150 Castelnau-de-Lévis France;http://www.puech-evasion.fr/;;;;;;;;;;
LES GÎTES DE KERÉGAL;41 Keregal 22580 Plouha France;http://www.gites-keregal.com/;;;;;;;;;;
Les Gîtes du Goëlo;Rugagal 22580 Plouha France;https://www.lesgitesdugoelo.com/;;;;;;;;;;
Gîtes la petite maison et la maison triangulaire;6 Rue de la Lanterne 16310 Roussines France;http://www.gitesespacedetente.com/;;;;;;;;;;
La Ferme des Chartroux chambres et gîte;Av. des Chartroux 62630 Maresville France;http://www.ferme-des-chartroux.fr/;;;;;;;;;;
Le gîte du Ryokan;76 Rte nationale 62170 Wailly-Beaucamp France;https://le-gite-ryokan.fr/;;;;;;;;;;
Gîtes Au Cœur du Village;1 Pl. de la Mairie 62170 Saint-Aubin France;https://gites-au-coeur-du-village.fr/;;;;;;;;;;
Gîtes Au ChAtô et les Relais en Baie;les-pins FR 51 Rte de la Plage 80120 Quend France;http://www.gite-quend.fr/;;;;;;;;;;
Gîtes du comptoir des écoliers;35 Rue de Champagne 17260 Gémozac France;http://www.gites-du-comptoir-des-ecoliers.com/;;;;;;;;;;
Gîte La Grande Champagne;24 Rue du Chagnaud 17460 Rioux France;https://www.grandsgites.com/gite-17-grande-champagne-655.htm;;;;;;;;;;
Les gîtes de la commanderie de Saint Jean;450 Rte de la Chapelle Saint-Jean 19190 Beynat France;https://www.les-gites-de-la-commanderie-de-saint-jean.com/fr;;;;;;;;;;
"A la Ferme du Bout du Monde "" Gîte""";3 Impasse de Kerguidy Izella Kerguidy-Izella 29770 Plogoff France;https://fermelebars.com/;;;;;;;;;;
Au fil de l'eau - cabanes flottantes et gîtes en Normandie;691 Rue Cauchoise 76400 Colleville France;http://www.giteaufildeleau.fr/;;;;;;;;;;
Aux Étangs de Jourgnac - Gîtes insolites de charme;450 Maison Neuve 87800 Jourgnac France;https://aux-etangs-de-jourgnac.com/;;;;;;;;;;
Domaine de Conillieres - Gîtes de charme avec piscine;2500 chemin des Terriers longuette 83470 Saint-Maximin-la-Sainte-Baume France;http://www.domaine-de-conillieres.com/;;;;;;;;;;
Domaine des Étoiles - Gîtes & Logements Insolites - Rhône-Alpes / Isère;150 All. de la Chapelle 38260 Gillonnay France;https://www.domaine-des-etoiles.com/;;;;;;;;;;
Domaine des Hauts de Rouquette – Gîtes & Lodges à Eymet;39 Rte de Ste Eulalie 24500 Eymet France;https://www.escapades-en-perigord.com/;;;;;;;;;;
Domaine Ferme Sainte Anne Gîte Séminaire Mariage;380 Chem. de la Frm de Saint-Anne 52200 Langres France;http://gite-sainteanne.fr/;;;;;;;;;;
"EcoGîte ""La Maison des bois""";chemin des Arguillères 19 La Vall. des Moulins 50840 Fermanville France;;;;;;;;;;;
Ferme de Soulan Hébergement gîtes de charme Saint Lary Soulan Hautes Pyrénées;307 cami Casimir Vidalon 65170 Saint-Lary-Soulan France;https://www.fermedesoulan.com/;;;;;;;;;;
Gît'Ostal - Le Village de Gîtes à Carcassonne;Chem. de Félines 11000 Carcassonne France;https://www.gitostal-carcassonne.com/;;;;;;;;;;
Gîte à la ferme Cazenove (ouvert de mai à septembre));Le Village 66360 Mantet France;http://www.gitecazenovemantet.fr/;;;;;;;;;;
Gîte - La Perl du Gré;270 Chem. Du Gré 26230 Chantemerle-lès-Grignan France;https://laperldugre.wixsite.com/home;;;;;;;;;;
Gîte au Mont comme à la Maison(Mont Saint Michel);4 Rue de la Haiche 35610 Roz-sur-Couesnon France;https://gite-mont-saint-michel.com/;;;;;;;;;;
"Gîte de groupe ""La Sargotte""";7 Rte du Château 18160 Saint-Baudel France;;;;;;;;;;;
Gîte du Beaujolais Bleu - Grand Gîte Lac des Sapins - Piscine & Jacuzzi;254 Fedollière 69550 Saint-Jean-la-Bussière France;https://www.grandgitelacdessapins.com/?utm_source=GMB;;;;;;;;;;
Gîte du Domaine de Kerantroad : gîte à Plonévez-Porzay en bord de mer;3 Kerantroad 29550 Plonévez-Porzay France;https://domainedekerantroad.bzh/;;;;;;;;;;
Gîte du Lapin Bleu - Promotion 30% durant les vacances d'été;29 Rue de Châlons 51320 Coole France;https://gite-lapinbleu.com/;;;;;;;;;;
Gîte L'Olivier Cap-Fréhel - Pléneuf-Val-André- mer;79 La Chapelle 22240 Plurien France;https://gites-pansart.fr/;;;;;;;;;;
Gîte La Belle Vallée - 10 personnes - 4 étoiles & Label Qualité MOSL;2 Rue de la Vallée 57720 Ormersviller France;http://labellevallee57.com/;;;;;;;;;;
Gîte La Villa des deux Galets - Vue mer & Sauna;1 Pl. Victor Hugo 80410 Cayeux-sur-Mer France;https://frloc.click/deux-galets-1vcin6;;;;;;;;;;
Gîte La belle eau calme - jacuzzi et sauna privatifs;26 BIS Rue Belle Fontaine 55120 Futeau France;https://la-belle-eau-calme.fr/;;;;;;;;;;
Gîte Le Chut - Gîte de groupe Alsace - Piscine et Jacuzzi - 11 à 14 personnes;9 Rue des Champs 67310 Rangen France;https://www.alsacedestination.com/;;;;;;;;;;
Gîte Les Jardins Imaginaires atour de maubourguet et marciac;593 Rte des Pyrenees 64460 Monségur France;http://villaimaginaire.fr/;;;;;;;;;;
Gîtes et hébergements la Fourasse à Lunéville;Ferme de la petite fourasse 54300 Lunéville France;;;;;;;;;;;
Gîtes La Ferme de Longues : Location maisons de vacances familiales proche plage Calvados vacances à la ferme avec animaux;10 Rte d'Arromanches 14400 Longues-sur-Mer France;https://www.lafermedelongues.fr/;;;;;;;;;;
Gîtes Les 3 mômes du Mont-saint-Michel groupes jusqu'à 36 personnes;4 Rue des Moulins Moidrey 50170 Pontorson France;https://www.leboncoin.fr/locations_gites/2089182331.htm;;;;;;;;;;
L'Étang de Vie - Gîte & Salle de Réception Fougères;2 Moulin de Saint-François 35133 Landéan France;https://letangdevie.fr/;;;;;;;;;;
L'Escale Sud Gironde - gîte romantique avec jacuzzi privatif;19 Larrecq 33730 Pompéjac France;https://lescalesudgironde.com/reservation-gite-couple/;;;;;;;;;;
L'Estaminet de la vallée : Gîte en alsace (proche Obernai - Strasbourg);19 Rue de la Chapelle 67130 Russ France;https://estaminetdelavallee.com/;;;;;;;;;;
L'Evasion Verte ???? - Les gîtes du climont;25a Rue des Jardins 67420 Colroy-la-Roche France;https://lucea-conciergerie.com/fr/levasion-verte-gite-46p-avec-spa-privatif-et-terrasse1;;;;;;;;;;
La Maison de Gabin et Augustin - Gîte 8 à 14 personnes;34 Rue des Ligeriens 49350 Gennes-Val-de-Loire France;http://www.lamaisondegabinetaugustin.fr/;;;;;;;;;;
La Moussette du Clos Delamare - gîte 3 * près d'Etretat;3 Av. Chauveau 76280 La Poterie-Cap-d'Antifer France;https://www.closdelamare.com/;;;;;;;;;;
Le clos du jardin - Location - Gîte - Hébergement - Zone Industriel des Baterses / Malettes A42 Ain 01 Beynost;68 Rue de la Mairie 01700 Beynost France;http://closdujardin.com/?utm_source=gmb&utm_medium=referral;;;;;;;;;;
le gîte du château - Chez Falco - Au moulin;44 Rue des Écoles 67130 Schirmeck France;https://www.le-gite-du-chateau.fr/fr;;;;;;;;;;
Le Jardin Des 4 Saisons Gîte Chambre Piscine Climatisation Proche Le Mans;les bazolières 1457 Rte des Plouzières 72560 Changé France;https://lejardindes4saisons.com/;;;;;;;;;;
Le Moulin du Bocage - Gîte Maroilles;11 Rue du Moulin 59550 Taisnières-en-Thiérache France;https://lemoulindubocage.com/;;;;;;;;;;
Le Puits Jaune - Gîte Nature et Spa;76116 Saint-Denis-le-Thiboult France;https://www.greengo.voyage/hote/le-puits-jaune-gite-nature-et-spa;;;;;;;;;;
Les Floreales - Gîte et Locations insolites - gironde;329 Rte de Saint-Vivien 33190 Saint-Michel-de-Lapujade France;https://www.greengo.voyage/hote/les-floreales;;;;;;;;;;
Les gîtes de La Maison Bleue d’Estialescq : Le Belvue et Le Cocoon;4 Imp. des Crêtes 64290 Estialescq France;https://gitesdemelodie.fr/;;;;;;;;;;
Les Preaux - Gîtes de France;2 Rue du Fay 53120 Carelles France;https://www.gites-de-france-mayenne.com/fr/location/locations-gites-carelles-les-preaux-h53g010635?utm_medium=partoo&utm_source=gbp;;;;;;;;;;
Lioran Cantal Location Gîtes de charme - Domaine de Belinay;Belinay 15430 Paulhac France;;;;;;;;;;;
Logis de Chalons en Périgord. Deux gîtes atypiques;Castarnou 494 Rte de la Bastide 24250 Domme France;https://www.logisdechalons.com/logisdechalons-en-perigord;;;;;;;;;;
MADAME BAMBOU Gîte Groupe Séminaire Piscine;1 impasse du bas volet 27230 Piencourt France;https://madame.house/madame-bambou;;;;;;;;;;
Mas Héritage – Eco-Gîtes avec Jacuzzi Privatif en Ardèche;1455 Rte de Balbiac 07260 Rosières France;https://www.masheritage.com/;;;;;;;;;;
Résidence Campredon: Gîtes de vacances Hébergement à la montagne pour vos Sports d'Hiver à FONT ROMEU;15 Bd Campredon 66120 Font-Romeu-Odeillo-Via France;http://www.cyprien-location.com/;;;;;;;;;;
Roz Avel - Gîte 8 personnes à Caurel - Lac de Guerlédan - Sauna & jardin;17 Rue de la Traversière 22530 Caurel France;https://www.locationlacguerledan.com/;;;;;;;;;;
Villa la Licorne - Chambres et Gîte en Provence;194 Chem. de la Pouzzaraque 13720 Belcodène France;https://www.villalalicorne.com/;;;;;;;;;;
Village de gîtes du Mt St Michel - l'Anse de Moidrey;23 Rte de la Grève Moidrey 50170 Pontorson France;http://www.village-gites-mont-saint-michel.com/;;;;;;;;;;
Village de vacances de Marc | Chambre et Gîtes | - Auzat - Ariège - Pyrénées;1 Marc 09220 Auzat France;https://www.marc-montmija.com/etablissements/village-de-vacances-de-marc-ete/?season=ete&utm_source=google&utm_medium=organic&utm_campaign=gmb;;;;;;;;;;
Village vacances les Lambrilles | Location Gîtes - Location Chalets | Ariège;Les Lambrilles 09240 La Bastide-de-Sérou France;https://www.marc-montmija.com/etablissements/village-de-vacances-les-lambrilles-ete/?season=ete&utm_source=google&utm_medium=organic&utm_campaign=gmb;;;;;;;;;;
Village de gîtes de Chirac;Village de gîtes de Chirac Rte de Doultre 48100 Bourgs sur Colagne France;http://www.gites-chirac.fr/?appaff=GOOGLADD;;;;;;;;;;
Le Village des Templiers - Gîtes et Yourtes;5 bis Chem. de la Folie 60590 Trie-Château France;https://www.levillagedestempliers.com/;;;;;;;;;;
Les Ecogîtes de la Sablière;Plaine de Beslou 41290 Oucques La Nouvelle France;https://ecogitesdelasabliere.fr/;;;;;;;;;;
"Village de Gîtes ""Stereden""";Chemin des Antennes 22560 Pleumeur-Bodou France;https://www.stereden.com/;;;;;;;;;;
Village Vacances Gîtes les Rivières;7 Rue du Stade 85190 Maché France;https://giteslesrivieres.com/;;;;;;;;;;
atHOme Maison - Gîte avec Piscine dans le Jura;2 Chem. du Grand Clos 39250 Mournans-Charbonny France;https://www.maison-athome.com/;;;;;;;;;;
GÎTES ET SOLEIL;1105 Rte du Puntaou 40550 Léon France;;;;;;;;;;;
Combas Village de Gîtes;964 Rte de l’Enéa 24590 Saint-Crépin-et-Carlucet France;https://www.perigordgites.com/;;;;;;;;;;
Gîtes Montmartre;89 Chem. de Coudrie 85300 Le Perrier France;https://www.gites-camping-montmartre-vendee.com/;;;;;;;;;;
Village de Gîtes Le Colombier;60 Rte du Chapitre 48000 Mende France;http://giteslecolombier.com//;;;;;;;;;;
Gîte Cantal - L'Oustal d'André;Puech Lavigne 15600 Leynhac France;https://www.gites.fr/gites_gite-l-oustal-d-andre_leynhac_72010.htm;;;;;;;;;;
Gîte de groupe La Bergerie de Trassouet;897 Trassouet 65710 Campan France;https://labergeriedetrassouet.com/;;;;;;;;;;
Gîtes Le Tucaou;560 chemin de la colonie 65410 Beyrède-Jumet-Camous France;https://www.tucaou.fr/acces-et-contact/;;;;;;;;;;
Gîtes San Austinu;Campo al Grano 20140 Petreto-Bicchisano France;https://sanaustinu.com/;;;;;;;;;;
Le Castéra - Gîtes Roulotte;2209 Le Castéra 31230 Puymaurin France;http://www.lecastera.com/;;;;;;;;;;
Gîte Le Clos des Fontenis;1 Rue Pautrop 08190 Sault-Saint-Remy France;https://www.mongite.net/;;;;;;;;;;
Closerie de Villejouan: Gîte de groupe • Piscine & sauna • 1h30 Paris • Loire & Chambord;6 Villejouan 45190 Cravant France;https://closerievillejouan.fr/;;;;;;;;;;
Grand gîte avec Piscine chauffée & Sauna proche Loire & Chambord. Idéal groupe!;45190 Cravant France;https://www.vrbo.com/pdp/lo/128939624?MDPCID=VRBO-META.HPA.WEB-ORGANIC.VR;;;;;;;;;;
Gîte Mer et piscine: Location de vacances en bord de mer avec piscine couverte et chauffée face à Jersey - Manche Normandie;29 Rue des Boulistes 50270 Surtainville France;;;;;;;;;;;
Gîte Le Transvaal;Le Transvaal 62810 Sus-Saint-Léger France;;;;;;;;;;;
Les carradoux:Maison de vacances gîte piscine location(Ardeche Sud Vallon Pont d´Arc Salavas);40 Chem. du Mas des Graviers 07150 Salavas France;;;;;;;;;;;
Gîte Bleu avec piscine chauffée et sauna : location saisonnière (Manche);17 Rue de la Mer 50580 Port-Bail-sur-Mer France;https://www.clevacances.com/fr/locationvacances/normandie/manche/denneville-18883/gite_bleu_avec_piscine_chauffee_couvertesauna/20468;;;;;;;;;;
La Truffière Village de Gîtes - Locations de vacances en Dordogne proche de Sarlat;892 Rte du Dolmen 24370 Orliaguet France;https://www.la-truffiere.com/;;;;;;;;;;
Gîtes WAO: Gîte grande capacité avec piscine couverte Jacuzzi Sauna ( Grand Est );1 Rte de Nouart 08240 Fossé France;http://www.gites-wao.fr/;;;;;;;;;;
Gîte La Bougie Perlée Saône et Loire;Les Augays 71800 Varennes-sous-Dun France;https://www.labougieperlee.fr/;;;;;;;;;;
Gîte avec piscine dans le Saumurois;49650 Brain-sur-Allonnes France;https://br.bluepillow.com/search/67a4bb99064d51dcdc8ff06a?dest=bpex&cat=House&lat=47.29023&lng=0.04715&language=pt;;;;;;;;;;
Gîte Théophane ***;5 La Rue Neuve 49730 Varennes-sur-Loire France;https://gite-theophane.ovh/;;;;;;;;;;
Gîte Bas Mesnil: location gîte piscine intérieure chauffée PMR 4 épis cottage pool ÎLE ET VILAINE;2 35240 Marcillé-Robert France;http://www.gitedubasmesnil.com/;;;;;;;;;;
Gîte Jeandrée ??????;573 Chem. de Lalande 24200 Vitrac France;https://gitejeandree.fr/;;;;;;;;;;
Gîte LE LOGIS DE PEARL & SPA;24 Rue Bouteville 17220 Salles-sur-Mer France;https://www.abritel.fr/location-vacances/p2061558;;;;;;;;;;
Gîte avec piscine le Relay de la Source;8 Rue de la Solissonnière 85110 Chantonnay France;https://gites-lerelaydelasource.fr/;;;;;;;;;;
Gîtes Bon Air – Village de gîtes à Saint-Flour;16 Rte de Paulhac 15100 Saint-Flour France;https://www.gitesbonair.fr/;;;;;;;;;;
Gîte Enclos de la Rive 15 pers avec piscine privée chauffée;81190 Pampelonne France;;;;;;;;;;;
Gîte Le Bousquet au Pays Basque;Le Bousquet 111 Chem. du Vergé 64520 Sames France;http://sandra-clment.holiduhost.com/;;;;;;;;;;
Gîte 25 personnes DUO Happy Sancerre 9CH 16 Lits Piscine chauffée;18300 Crézancy-en-Sancerre France;https://www.gites.fr/gi62083;;;;;;;;;;
Gîte les Griottes;41 Rue du Carroir Perrin 18300 Verdigny France;https://www.gite-lesgriottes.fr/;;;;;;;;;;
GÎTES LES LAUZIERES;2 Les Lauzières 07110 Tauriers France;http://giteleslauzieres.e-monsite.com/;;;;;;;;;;
Gîte de La Vallée - Grand gîte piscine intérieure;425 La Vallée 44440 Teillé France;https://www.gitedelavallee44.fr/;;;;;;;;;;
Gîte Saint Pierre;16 Rue de Grandchamp 08270 Vaux-Montreuil France;;;;;;;;;;;
Gîte 4/8 pers. avec piscine et pétanque (Aveyron) de Grand gîte avec piscine – lieu de vie nature;12170 Lédergues France;https://www.greengo.voyage/hote/grand-gite-avec-piscine-lieu-de-vie-nature/logement/gite-4-8-pers-avec-piscine-et-petanque-aveyron-maison-entiere;;;;;;;;;;
Gîte de Ker Huon location avec piscine privée couverte et chauffée;Lieu dit Ker Huon 22260 Runan France;http://kerhuon.fr/;;;;;;;;;;
Gîte champêtre avec piscine couverte en Auvergne - FR-1-489-590;03240 Le Theil France;https://br.bluepillow.com/search/6949a4db5c042e01bacd7230?dest=bkng&cat=House&lat=46.37138&lng=3.11669&language=pt;;;;;;;;;;
Gîte Brimbelle piscine jacuzzi;13 Rue Jean Moulin 88120 Vagney France;https://locationgiteshautesvosgescom.wordpress.com/;;;;;;;;;;
L'Atelier : près de Giverny gîte avec piscine;L'Aventure 78270 La Villeneuve-en-Chevrie France;https://www.nomdungite.com/;;;;;;;;;;
La Vintage : près de Giverny gîte avec piscine;L'Aventure 78270 La Villeneuve-en-Chevrie France;https://www.nomdungite.com/;;;;;;;;;;
Les Nuages Fleuris : Gîte avec piscine chauffée (Pyrénées-Atlantiques);7 Chemin de la Carerrasse 64160 Lespourcy France;https://netfr.click/nuages-fleuris-te-36fj46;;;;;;;;;;
Mas des Fontettes - Location Vacances Week-end Maison Villa Gîte 14 personnes avec Piscine Chauffée sur 5ha en Provence;C746+X2R 26510 Sahune France;https://www.lemasdesfontettes.com/;;;;;;;;;;
Le Gîte De La Ferme Du Tertre;501 Rue de Fressain 59234 Villers-au-Tertre France;http://legitedelafermedutertre.com/;;;;;;;;;;
Gîte Ane;2 Chem. de Philipous 09700 Trémoulet France;http://gite-ane.fr/;;;;;;;;;;
Gîte des camazets;La Bouygo 46090 Trespoux-Rassiels France;http://location-lot-gites.fr/;;;;;;;;;;
Gîte Le Saussis;8 Rue de la Croix de Lallevaux 70300 Villers-lès-Luxeuil France;https://huote66.wixsite.com/le-saussis;;;;;;;;;;
Gîte de charme avec piscine privée et jacuzzi dans les Vosges - FR-1-583-128;70300 Villers-lès-Luxeuil France;;;;;;;;;;;
Gîtes dans la Prairie Auvergne;2 Pressoires 15120 Junhac France;http://www.gitesdanslaprairie.fr/;;;;;;;;;;
Domaine des Petites Minaudières (gîte de charme ****);Les Petites Minaudières 86100 Senillé-Saint-Sauveur France;http://www.domainedespetitesminaudieres.com/;;;;;;;;;;
Gîte 4-6 personnes avec piscine chauffée en Baie de Somme;80120 Rue France;https://www.vrbo.com/pdp/lo/115003177?MDPCID=VRBO-META.HPA.WEB-ORGANIC.VR;;;;;;;;;;
FERME DU POIRIER - Gîte & Hébergement;LE POIRIER 45620 Isdes France;https://www.fermedupoirier.com/agritourisme;;;;;;;;;;
Domaine Coeur de Brenne | Gîte;Prends Garde à Toi 36290 Saint-Michel-en-Brenne France;https://www.domainecoeurdebrenne.fr/;;;;;;;;;;
GîteSPAPiscineCVN;Camp del Blat 118 30570 Saint-André-de-Majencoules France;;;;;;;;;;;
Gîte rural spacieux avec piscine;53170 Maisoncelles-du-Maine France;https://dylan-lochin.lodgify.com/listing/fr/861948;;;;;;;;;;
Aux portes de la baie - gîtes avec piscine et sauna - Mont-Saint-Michel;6 Ballant 50170 Pontorson France;https://www.auxportesdelabaie.fr/;;;;;;;;;;
Gîte de l'Orme;4 Rue des Ormes 49700 Les Ulmes France;https://www.anjou-tourisme.com/fr/diffusio/locations-vacances/gite-de-l-orme-les-ulmes_TFOHLOPDL049V50FDSS;;;;;;;;;;
Gîte classé - lhirondelledumorvan;43 Grande Rue 89200 Sermizelles France;http://lhirondelledumorvan.fr/;;;;;;;;;;
Gîtes de tourisme La Clef des Champs;18 Rue de Châlons 51130 Vouzy France;https://giteslesmaillet.wixsite.com/accueil;;;;;;;;;;
Domaine de Lestroué | Gîtes et Salle de Réception;4 Lesterhoué 4 Lestroué 56250 La Vraie-Croix France;http://lestroue.fr/;;;;;;;;;;
Gîtes 4 étoiles location avec piscine chauffée jacuzzi sauna (Alsace Bas Rhin Gertwiller);13 Rue de Valff 67140 Gertwiller France;https://giteduvignoble.wixsite.com/location;;;;;;;;;;
Gîte de Guernevez;l 250 route de Kerdreolet Guernevez Lieu-dit 29460 Hôpital-Camfrout France;http://gite-guernevez.fr/;;;;;;;;;;
Gîte du Plantagenêt;23 Le Plessis Malhonte 72140 Rouez France;https://giteduplantagenet.fr/;;;;;;;;;;
Gîte La Bournèche - Maison Familiale Authentique avec Piscine au Cœur du Périgord;650 Rte de la Bournèche 24580 Rouffignac-Saint-Cernin-de-Reilhac France;https://www.gites.fr/gites_la-bourneche-authentique-maison-de-famille_rouffignac-saint-cernin-de-reilhac_98028.htm;;;;;;;;;;
Mas des Lauzes Gîte nature et Piscine;Mas des Lauzes 34700 Soumont France;;;;;;;;;;;
Gîtes Mas d'escampette;11320 Soupex France;http://www.lemasdescampette.com/;;;;;;;;;;
Gîte avec piscine privée;46190 Sousceyrac-en-Quercy France;;;;;;;;;;;
Gîte du Tertre;Le Tertre 41800 Villedieu-le-Château France;http://www.gitedutertre.com/;;;;;;;;;;
Gîtes Centre & Détente;Le Clos d' Ingrande 37370 Chemillé-sur-Dême France;https://gites-centre-detente.fr/;;;;;;;;;;
LUBERON Gîte 2 pers. piscine & calme ROUSSILLON;133 Chem. des Pierroux 84220 Roussillon France;https://www.papvacances.fr/annonce/location-gite-roussillon-r209102694;;;;;;;;;;
Gîte du Mas de Clairfond - Jacuzzi & piscine;2821 Rte de Chevrières 38940 Roybon France;https://www.giteclairfondroybon.com/;;;;;;;;;;
Gîtes de St Rémy le Petit;6 Rue Principale 4 et 08300 Saint-Remy-le-Petit France;https://www.gites-st-remy-en-champagne.fr/location-gite-15-personnes/;;;;;;;;;;
Gîte Côte à Côte /piscine Couverte Chauffée;62180 Waben France;https://br.bluepillow.com/search/68125d1c1a0d3c624bffed7b?dest=bpex&cat=House&lat=50.38041&lng=1.65512&language=pt;;;;;;;;;;
Gîte côte à côte a Waben cote d'opale /piscine couverte chauffée salle de jeux;62180 Waben France;https://www.vrbo.com/pdp/lo/72048517?MDPCID=VRBO-META.HPA.WEB-ORGANIC.VR;;;;;;;;;;
La parenthèse Thuir Gîte indépendant 4 étoiles piscine chauffée;11 Av. Fauvelle 66300 Thuir France;;;;;;;;;;;
Gîtes le Mas Ratéro Thuir avec piscine;mas d'en Ratéro 66300 Thuir France;http://lemasratero.fr/;;;;;;;;;;
Capcir - Gîte dans Domaine avec piscine entre mer et montagne proche Collioure;66300 Thuir France;https://www.vrbo.com/pdp/lo/48414520?MDPCID=VRBO-META.HPA.WEB-ORGANIC.VR;;;;;;;;;;
Gîte Eth Arreyen;9 Chem. du Val d'Arros 65130 Tilhouse France;https://etharreyen.goliday.com/fr;;;;;;;;;;
Gîte avec piscine au Domaine Du Vieux Chateau à Tingry sur la côte d'opale;62830 Tingry France;;;;;;;;;;;
Gîte avec piscine couverte et chauffée sur la côte d'opale;62830 Tingry France;https://www.vrbo.com/pdp/lo/27124693?MDPCID=VRBO-META.HPA.WEB-ORGANIC.VR;;;;;;;;;;
Gîte avec piscine couverte sur la côte d'opale;62830 Tingry France;https://www.vrbo.com/pdp/lo/33472981?MDPCID=VRBO-META.HPA.WEB-ORGANIC.VR;;;;;;;;;;
Les Gîtes Wissant - Location saisonnière villa vacances grande capacité avec piscine - Côte d'Opale;Ferme de Saint Pô 62179 Wissant France;http://www.les-gites-wissant.com/;;;;;;;;;;
Gîtes Le Clos Haflingers - Jacuzzi & Sauna;49 Le Colombier (Rte de Wissant 62250 Audembert France;http://www.gite-des-deux-caps.com/;;;;;;;;;;
Gîtes avec piscine La Pernelle;11 Le Ham. Ferey 50630 La Pernelle France;;;;;;;;;;;
Les gîtes du Moulin;21 Rue du Moulin 62145 Liettres France;https://www.lesgitesdumoulin-liettres.fr/;;;;;;;;;;
Gîte Le Drop't Inn - La Sauvetat-Du-Dropt;11 Lot. le Plantier 47800 La Sauvetat-du-Dropt France;https://www.ledroptinn.fr/;;;;;;;;;;
Gîte Cévennes de plein pied tout confort avec piscine privative 12 pers;30110 Branoux-les-Taillades France;https://www.freecancellations.com/search/F2olEFFSHyFSC1UBVV5ZTV5dCBtgFlNA?lat=44.22027&lng=3.99027&language=de;;;;;;;;;;
La Bastide aux Bois - Gîte avec piscine Drôme;845 B chemin des lauzes Route des Crêtes 26110 Venterol France;https://labastideauxbois.fr/;;;;;;;;;;
Gîte de la Bâte;La Bâte 45510 Vienne-en-Val France;http://gitedevienneenval.fr/;;;;;;;;;;
Gîte Château Sainte Colombe;4 Rue des Grangeots 21350 Sainte-Colombe-en-Auxois France;http://www.gite-chateau-saintecolombe.com/;;;;;;;;;;
Gîte les Tourterelles à Sainte Colombe en Auxois;1 Rue de la Chapelle 21350 Sainte-Colombe-en-Auxois France;http://www.cybevasion.fr/gi40859;;;;;;;;;;
Gîte La Luciole;4 Ham. de Vermeille 09500 Tourtrol France;https://www.gites.fr/gites_gite-la-luciole_tourtrol_h1853663.htm;;;;;;;;;;
Grand gîte avec piscine Le presbytère de Savignac de Duras;47120 Savignac-de-Duras France;https://br.bluepillow.com/search/6398ea36c551970d3c746429?dest=bkng&cat=House&lat=44.70106&lng=0.18654&language=pt;;;;;;;;;;
Gîte de la Rastelle au coeur de la nature;476 Rte du Nourissat 47120 Savignac-de-Duras France;https://www.gitedelarastelle.com/;;;;;;;;;;
Gîte avec piscine et jardin;26170 Vercoiran France;https://www.casamundo.de/search/5bab562fcd6e1?id=7a8214c5f506d37b@f@s&adword=cm_gvf/DE/7a8214c5f506d37b/ct=s/n-a/n-a/5bab562fcd6e1&utm_source=gvf&ghf_acc=cm_gvf&gValidation=false;;;;;;;;;;
Gîte La Maison Bleue du Gers;Chemin de Monbéjan 32130 Savignac-Mona France;https://www.lamaisonbleue-gers.com/;;;;;;;;;;
Gîtes de la Fontaine;La Fontaine 37330 Channay-sur-Lathan France;https://gitesdelafontaine.fr/;;;;;;;;;;
Gîte Ecrin d'Amour;La Fontaine 37330 Channay-sur-Lathan France;https://gitesdelafontaine.fr/;;;;;;;;;;
Gîte du Grestain / Spa;1 Chem. de Grestain 27500 Toutainville France;;;;;;;;;;;
Domaine de Guillaume - Gîte - Piscine chauffée - Normandie;908 Chem. du Lieu Petit 14140 Livarot-Pays-d'Auge France;https://www.domainedeguillaume.com/;;;;;;;;;;
Gîte de la Calquière;4 Chem. de la Calquière 12130 Sainte-Eulalie-d'Olt France;https://www.gitedelacalquiere.fr/fr;;;;;;;;;;
gîte piscine maison dans les noyer;8 Av. du Vercors 26190 Sainte-Eulalie-en-Royans France;;;;;;;;;;;
Gîte Le 160!;4 Les Quatre Chemins 85140 Sainte-Florence France;http://www.le160.fr/;;;;;;;;;;
gîte avec de belles prestations piscine jaccuzzi sauna;67130 Muhlbach-sur-Bruche France;;;;;;;;;;;
Gîte avec accès piscine des propriétaires;47250 Grézet-Cavagnan France;https://br.bluepillow.com/search/639754e4fc70cceab61db56b?dest=bpex&cat=Cottage&lat=44.38393&lng=0.13007&language=pt;;;;;;;;;;
Gîte yinloft design Piscine;9 Rue du Pont de l'Eure 28500 Sainte-Gemme-Moronval France;http://yinloft.fr/;;;;;;;;;;
Gîte avec piscine privée aux portes des Ecrins;05120 Les Vigneaux France;;;;;;;;;;;
Le Mois - Gîtes de France;Le Mois 61210 Sainte-Honorine-la-Guillaume France;https://www.gites-de-france-orne.com/fiche-hebergement-G722.html?utm_source=GOOGLEGDFO&utm_medium=GOOGLEGDFO&utm_campaign=GOOGLEGDFO&utm_id=GOOGLEGDFO&utm_term=GOOGLEGDFO&utm_content=GOOGLEGDFO;;;;;;;;;;
Gîte l'écurie du moulin neuf;le Moulin Neuf 86350 Usson-du-Poitou France;;;;;;;;;;;
Gîte Le Chut Alsace piscine-jaccuzi;67310 Rangen France;https://www.ferienhausmiete.de/408379.htm;;;;;;;;;;
Gîte Le Chut - Jacuzzi & Piscine - 22km Strasbourg;67310 Rangen France;;;;;;;;;;;
Gîte Le Chut - Jacuzzi Piscine - 22km Strasbourg;67310 Rangen France;;;;;;;;;;;
Maison gîte avec piscine Holiday home swimming pool Vakantiehuis met zwembad Sud Ouest France;47110 Sainte-Livrade-sur-Lot France;http://www.vlemmings-primalot.eu/index.htm;;;;;;;;;;
Les Rigourdiers Gîte en Cévennes;Voie Regordane 30530 La Vernarède France;https://regordane30530.e-monsite.com/;;;;;;;;;;
Gîte Mes P'tits Loups 8 p. Piscine privée chauffée-Spa-Sauna-Piano;Rue du Pilier Vert 89420 Cussy-les-Forges France;https://www.la-bourguignonne.com/;;;;;;;;;;
Gîte pour 2 personnes piscine privée chauffée toute l'année;7 Le Bourg de Baynes 14330 Sainte-Marguerite-d'Elle France;;;;;;;;;;;
Gîtes Coeur de Lot;Lacal 46300 Soucirac France;https://www.gitescoeurdelot.com/;;;;;;;;;;
LA LAITERIE Gîte & Piscine - Picardie - Proix proximité Guise;19 Rue de Longchamps 02120 Proix France;;;;;;;;;;;
Gîtes La Collinette d'Ardèche;2957 Rte de Celles-les-Bains 07250 Rompon France;https://gitesdelacollinettedardeche.fr/;;;;;;;;;;
Gîte les Feiches et Marguerites avec piscine privée 9p Ariège;10 Chem. de Lambile 09110 Ignaux France;https://www.le-sivarol.com/;;;;;;;;;;
Gîte Tanagra : Maison avec piscine et vue exceptionnelle;09300 Roquefort-les-Cascades France;https://br.bluepillow.com/search/6398d370c551970d3c72d042?dest=bkng&cat=House&lat=42.96477&lng=1.74309&language=pt;;;;;;;;;;
Les Gîtes de La Barbière: locations de vacances 3/15 personnes 4* avec grande piscine couverte aire de jeux en Vendée;99 Chem. du Rétail 85300 Soullans France;https://www.giteslabarbiere.fr/;;;;;;;;;;
gîte avec piscine et étang Sarrazac Dordogne;24800 Sarrazac France;;;;;;;;;;;
Gîte du Beaujolais Bleu 18 pers. - Piscine et Jacuzzi - Lac des Sapins à 2mn;69550 Saint-Jean-la-Bussière France;https://br.bluepillow.com/search/68116441a74f8eb5bd2b5ed2?dest=bpex&cat=House&lat=45.99658&lng=4.34747&language=pt;;;;;;;;;;
Le Gîte au cœur des vignes;2 Rue de la Forestière 51120 Saudoy France;http://www.legiteaucoeurdesvignes.com/;;;;;;;;;;
Gîte Le Colombier Saint-Véran;Le Colombier Saint-Véran 12100 La Roque-Sainte-Marguerite France;http://www.lecolombiersaintveran.com/;;;;;;;;;;
Gîtes Rénovés avec Piscine au Cœur de la Brenne – Proche Sites Naturels et Historiques - FR-1-591-327;36800 Migné France;https://br.bluepillow.com/search/627d232bdf4f49af9b33a24f?dest=bkng&cat=House&lat=46.71672&lng=1.31841&language=pt;;;;;;;;;;
Gîte du Moulin de James;2681 route de la séoune 82150 Roquecor France;http://gites-en-quercy.fr/;;;;;;;;;;
Gîte 4 pers. avec piscine privée;215 Claux 82150 Roquecor France;;;;;;;;;;;
Gîte L'Oustal de Georges: location saisonnière gîte rural calme avec piscine (Cahors - Lot - Quercy);46330 Sauliac-sur-Célé France;;;;;;;;;;;
Le Gîte Vanakam;946 Rue de France 64300 Sault-de-Navailles France;http://gitevanakam.com/;;;;;;;;;;
Gîte du Silo Spa&Piscine couverte;Av. de la Gare 89130 Toucy France;https://www.gitedusilo-puisaye.fr/;;;;;;;;;;
Village de gîtes de Saint Roman de Tousque;48110 Moissac-Vallée-Française France;https://www.cevennes-vallee-francaise.fr/;;;;;;;;;;
Cévennes Insolites | Gîtes & Nature | Cabane perchée;La Planquette 105 route du Mas 30124 Peyrolles-en-Cévennes France;http://www.cevennes-insolites.com/;;;;;;;;;;
Gîte la Boubée;La Boubée 32200 Sainte-Marie France;https://www.laboubee.com/;;;;;;;;;;
La Clef des Bois - Gîtes de France;Rue de la Mare 21380 Saussy France;https://www.gites-de-france.com/fr/bourgogne-franche-comte/cote-dor/la-clef-des-bois-h21g027963?utm_campaign=la_clef_des_bois&utm_medium=gmb&utm_source=partoo;;;;;;;;;;
Gîte Du Pré Pommier - Clim - Piscine - Sauna - Three-Bedroom Home;71260 Azé France;https://www.freecancellations.com/search/F2gnQFZXHHpUD1EBCg1QQQteVhw3RAYW?lat=46.42958&lng=4.76245&language=de;;;;;;;;;;
Gîte Les Cinq Rues - Location hébergement maison vacances PMR jacuzzi piscine au calme groupe MANCHE;14 50430 Vesly France;;;;;;;;;;;
Gîte La Ferme;20 rue du Docteur Bénétin 71250 Sigy-le-Châtel France;https://www.gitesdesonia-sigy.fr/;;;;;;;;;;
Gîte de groupe 'Le vallon de Saint Eloi' avec piscine et sauna - Morbihan;56560 Guiscriff France;http://levallondesainteloi.com/;;;;;;;;;;
Moulin de Canne - Grand gîte groupe - piscine - évènement - Lot et Garonne 47 -;1563 Rte de Bax 47310 Saint-Vincent-de-Lamontjoie France;https://moulindecanne.fr/;;;;;;;;;;
gîte du mont joly;5 Rue des Fresches 22690 La Vicomté-sur-Rance France;http://www.montjolygite.com/;;;;;;;;;;
Le Repaire Les Vignals gîtes et événements Cévennes vue exceptionnelle piscine;30120 Arphy France;https://br.bluepillow.com/search/681246ac1a0d3c624bfec33b?dest=bpex&cat=Cottage&lat=44.02292&lng=3.58434&language=pt;;;;;;;;;;
Gîte CANTAL LOT pisc privée chauffée;4 La Junie 15600 Maurs France;https://www.papvacances.fr/annonce/location-gite-quezac-15600-r209306521;;;;;;;;;;
Gîte Les Passereaux;3 Chez Passereau 17210 Orignolles France;;;;;;;;;;;
Gîtes - La-Font-BétouCharente;La Font Bétou 17210 Orignolles France;https://www.fontbetou.com/;;;;;;;;;;
Le Mas des Queirons - Gîte de France *** 3 épis - Location de vacances à Maussane les Alpilles;Route de Saint Remy 13520 Maussane-les-Alpilles France;http://www.masdesqueirons.com/;;;;;;;;;;
Le moulin de Palacret - Gîtes dans les Côtes d'Armor avec piscine;le moulin de palacret 22140 Prat France;https://www.facebook.com/share/NKuNmyJsLFwCHNm3/;;;;;;;;;;
Les Gîtes de Kerouré;Kerouré 22140 Prat France;;;;;;;;;;;
Gîte Le Gros Châtaignier-Maison de charme Dordogne Périgord;24550 Prats-du-Périgord France;https://www.booking.com/hotel/fr/gite-le-verdier.fr.html?aid=2311236&label=fr-fr-booking-desktop-DCpBIW3k2%2AWIo8XuzMdB9AS652796013276%3Apl%3Ata%3Ap1%3Ap2%3Aac%3Aap%3Aneg%3Afi%3Atikwd-65526620%3Alp9110093%3Ali%3Adec%3Adm&sid=3a1ce5246633b48f43ff1c8c056a2c1c&all_sr_blocks=285093601_222789392_4_0_0;matching_block_id=285093601_222789392_4_0_0;matching_block_id=285093601_222789392_4_0_0;matching_block_id=285093601_222789392_4_0_0;matching_block_id=285093601_222789392_4_0_0;matching_block_id=285093601_222789392_4_0_0;matching_block_id=285093601_222789392_4_0_0;matching_block_id=285093601_222789392_4_0_0;matching_block_id=285093601_222789392_4_0_0;matching_block_id=285093601_222789392_4_0_0;
Les Gîtes du Hameau avec Piscine;152 Chemin de puybarde 47180 Castelnau-sur-Gupie France;;;;;;;;;;;
Gîtes Dordogne Piscine;13 Ven. des Figuiers 24260 Mauzens-et-Miremont France;https://www.gites-dordogne-piscine.fr/;;;;;;;;;;
Gîte Les Fayettes - Haute-Loire;Les Fayettes 43290 Montregard France;https://www.gite-les-fayettes.com/;;;;;;;;;;
gîtes piscine couverte chauffée 28° - Padirac & Rocamadour;Lapradelle 177 chemin de Lafont 46500 Mayrinhac-Lentour France;https://gitesdecharmeaupaysdepadirac.ellohaweb.com/;;;;;;;;;;
Gîte à Mazan en Provence avec Piscine (4 personnes);84380 Mazan France;;;;;;;;;;;
La Ferme Couderc- Gîtes Lot et Garonne;174 chemin de couderc lieu dit couderc 47440 Pailloles France;http://www.lafermecouderc.fr/;;;;;;;;;;
Les gîtes de Lério;Lério 56390 Locmaria-Grand-Champ France;http://www.gites-lerio.com/;;;;;;;;;;
Au Cœur des Vignes - Gîte de charme au Pays Cathare;14 Les Hauts de Caudeval 11300 Malras France;https://www.coeurdesvignes.fr/;;;;;;;;;;
Les gîtes de l'Île Noblet;34 Rue Aimé Lepercq 77690 Montigny-sur-Loing France;https://ilenoblet.wixsite.com/home;;;;;;;;;;
Gîte de Fargues;1103 route de bonnenouvelle Fargues lieu dit 47150 Montagnac-sur-Lède France;https://dauvergnecvjc.wixsite.com/gite-de-fargues;;;;;;;;;;
Gîte piscine jacuzzi lac montagne;73100 Brison-Saint-Innocent France;https://br.bluepillow.com/search/6233937b4c4d8d9b9b79bdda?dest=bpex&cat=Apartment&lat=45.72834&lng=5.88265&language=pt;;;;;;;;;;
Nature et Hotes - gîte- piscine chauffée;370 Chem. de L’Artineux 45270 Quiers-sur-Bezonde France;https://innofr.click/nature-hotes-te-95x2nl;;;;;;;;;;
Gîte de charme de 5 personnes avec accés à une piscine chauffée et couverte;62120 Blessy France;https://www.vrbo.com/pdp/lo/90250838?MDPCID=VRBO-META.HPA.WEB-ORGANIC.VR;;;;;;;;;;
Gîte de charme de 6 personnes avec accés à une piscine chauffée et couverte;62120 Blessy France;;;;;;;;;;;
Gîte Lou treillat Villa avec Piscine chauffée;48800 Pied-de-Borne France;https://br.bluepillow.com/search/67a4b1fb064d51dcdc8b16bd?dest=bpex&cat=House&lat=44.45959&lng=3.98858&language=pt;;;;;;;;;;
Gîte du Grand Mas;12330 Mouret France;;;;;;;;;;;
Gîte de France 4 épis Recoules de l'Hom;48500 Massegros Causses Gorges France;http://www.lozere-resa.com/locations-vacances-lozere/region-causses-de-sauveterre-et-du-mejean/_2496.html?appaff=GOOGLADD;;;;;;;;;;
A Côté Gîte entre Fontenay et Vézelay Sauna et piscine;21500 Fain-lès-Moutiers France;https://www.vrbo.com/pdp/lo/120544913?MDPCID=VRBO-META.HPA.WEB-ORGANIC.VR;;;;;;;;;;
Gîte La ROSÉE des Cévennes;Chem. de Saint-Roman 30140 Massillargues-Attuech France;https://www.laroseedescevennes.com/;;;;;;;;;;
Gîte Le Petitout;10 chemin de la source 15380 Moussages France;https://www.gites-de-france-cantal.fr/location-Gite-Moussages-Cantal-15G272.html;;;;;;;;;;
Gîtes des Hauts d'Ouzous;9 Chem. du Buala 65400 Ouzous France;https://www.leshautsdouzous.fr/;;;;;;;;;;
Gîte Château du Colombier;Château des Ports 89660 Mailly-le-Château France;https://www.gitechateauducolombier.com/;;;;;;;;;;
Gîtes Le Bois des Tréans;Le Bois des Tréans 44760 Les Moutiers-en-Retz France;https://le-bois-des-treans.fr/;;;;;;;;;;
Gîte rural La sauvagine : Location gîte honfleur / Deauville maison exeptionnel avec piscine;Sent. Canteleu 14600 La Rivière-Saint-Sauveur France;;;;;;;;;;;
Gîte Les Beaux Jours en Normandie;4 Le Hamel Canuet 50410 Percy-en-Normandie France;https://gite-les-beaux-jours-en-normandie.jimdosite.com/;;;;;;;;;;
Gîte luxe pour 2 avec piscine intérieure;Tantrigue 11170 Alzonne France;https://www.gites-tantrigue.fr/;;;;;;;;;;
Gîte La Tourelle;2 chemin de 2 La Goderie 14160 Périers-en-Auge France;https://www.gites-cabourg.fr/gite-periers-en-auge/;;;;;;;;;;
Gîtes de LA PETELLERIE;1 La Petellerie 50860 Moyon Villages France;https://llegrain.wixsite.com/gites-la-petellerie;;;;;;;;;;
Gîte avec piscine CHEZ VÉRO;13A Rue Erlenbach 68380 Breitenbach-Haut-Rhin France;https://www.france-visit.fr/gte-avec-piscine-chez-vro/;;;;;;;;;;
Gîte Jet d'Eau;à Papier 7 bis La Côté du Moulin 78124 Montainville France;;;;;;;;;;;
La Maraiquaise- Gîtes avec piscine en Normandie;parking clients 125 la cote 215 Chem. du Roy 27680 Marais-Vernier France;https://gite-lamaraiquaise.fr/;;;;;;;;;;
2 Gîte Bijoux avec piscine 20min Mont Saint Michel;50240 Saint-James France;https://br.bluepillow.com/search/6811a0cda74f8eb5bd2cd301?dest=bpex&cat=House&lat=48.48284&lng=-1.40199&language=pt;;;;;;;;;;
Gîte indépendant entre Cévennes & Camargue | Terrasse & Piscine;30340 Servas France;;;;;;;;;;;
Gîte avec piscine et climatisation;34160 Buzignargues France;;;;;;;;;;;
Gîte La Combe Verte avec piscine;26240 Claveyson France;https://deals.vio.com/?sig=73aca13c7f952d2641c156f3e69125e1eb497c325f122828ee5aa8797168b9a12d32303331333438363233&turl=https%3A%2F%2Fwww.vio.com%2FHotel%2FSearch%3FhotelId%3D139874404%26utm_source%3Dgha-vr%26utm_campaign%3Dstatic%26openHotelDetails%3D1;;;;;;;;;;
Gîte de la vallée du Célé;La Gardelle 46160 Marcilhac-sur-Célé France;http://www.gitedelavalleeducele.fr/;;;;;;;;;;
"Gîte ""fils et cotons"" Entre lacs et montagnes... J'écris ma vie en vosges";41 Rue Cartier Bresson 88110 Celles-sur-Plaine France;;;;;;;;;;;
Gîte du clos;03420 Saint-Marcel-en-Marcillat France;http://www.gite-du-clos.com/;;;;;;;;;;
Realville gîte avec piscine 4 personnes;82440 Réalville France;https://br.bluepillow.com/search/6811601fa74f8eb5bd2a7687?dest=bpex&cat=House&lat=44.12524&lng=1.44947&language=pt;;;;;;;;;;
Le Gîte du lièvre;2500 Brasses 26170 La Roche-sur-le-Buis France;https://gitedulievre.com/;;;;;;;;;;
Gîte Piscine Toulouse : la tabernole;1051 Chem. de la Ginestière 31450 Montbrun-Lauragais France;http://www.latabernole-gites.com/;;;;;;;;;;
Gîte avec piscine privative à Marck;62730 Marck France;https://www.gites.fr/gi41767;;;;;;;;;;
Mas d’Ame - Gîtes;5 impasse du Presbytère 04230 Revest-Saint-Martin France;;;;;;;;;;;
Couanac gîte familial à la campagne avec piscine;82240 Cayriech France;https://www.booking.com/hotel/fr/couanac-gite-familial-a-la-campagne-avec-piscine-cayriech12.en-gb.html?aid=2068758&utm_source=seogooglelocal&utm_medium=description&utm_term=hotel-8307733&utm_campaign=en-gb&label=seogooglelocal-link-imagesaow-hotel-8307733_grp-1_gendate-20260816;;;;;;;;;;
Gîte de Macau: Location gîte avec piscine (Gironde - Médoc - Margaux );119 Chem. du Bord de l'Eau 33460 Macau France;http://gitedemacau.jimdo.com/;;;;;;;;;;
Gîte Des Ameraudes;6 Rue des Améraudes 10300 Macey France;https://suitefr.click/te-ameraudes-2olph2;;;;;;;;;;
RÉF 312 RIANTEC - gîte Ty Maya piscine partagée;56670 Riantec France;https://br.bluepillow.com/search/65ca0acb671b07d23c6aee7b?dest=bkng&cat=House&lat=47.72971&lng=-3.29596&language=pt;;;;;;;;;;
Les Vagastines: Gîte de caractère haut de gamme piscine intérieure;72 Rte de Baudrières 71370 Saint-Germain-du-Plain France;http://www.lesvagastines.fr/;;;;;;;;;;
Gîte Le Colombier;Le Bourg 46100 Lissac-et-Mouret France;http://lecolombier-moussie.fr/;;;;;;;;;;
Les gîtes du Torgan;La Coumo Lieu dit 11330 Massac France;http://www.lesgitesdutorgan.com/;;;;;;;;;;
Gîte Chalet avec bain nordique et piscine 11 pers Hautes Vosges;88230 Plainfaing France;https://www.booking.com/hotel/fr/gite-chalet-11-personnes-hautes-vosges.en-gb.html?aid=2068758&utm_source=seogooglelocal&utm_medium=description&utm_term=hotel-8615553&utm_campaign=en-gb&label=seogooglelocal-link-imagesaow-hotel-8615553_grp-1_gendate-20260816;;;;;;;;;;
Le Chalet | Gîte & Spa;207 Rue du Bois du Parc 62890 Tournehem-sur-la-Hem France;https://www.spa-lechalet.com/;;;;;;;;;;
Résidence Romaric Villa Gîte de groupe Séminaire Vendée;2 Chem. des Combes 85520 Jard-sur-Mer France;http://www.residence-romaric.com/;;;;;;;;;;
Gîte ASPA;3 rue du clocher 84390 Saint-Christol d'Albion France;http://www.aspanet.net/;;;;;;;;;;
La Sidoine du mont-Ventoux - Résidence vacances de 4 gîtes indépendants;1374 Chem. de la Madeleine 84410 Crillon-le-Brave France;http://www.la-sidoine.com/;;;;;;;;;;
Château de Quesmy - Gîte de la Piscine;60640 Quesmy France;;;;;;;;;;;
Gîte Domaine Rey;1485 Chem. du Pasquin 32300 Loubersan France;https://www.gitedomainerey.fr/;;;;;;;;;;
Gîtes et Glamping Lodges Aux Quatrefeuilles d'Oc - Location de vacances;Chemin de Vignes 980 Rte de Mayres 34700 Lodève France;http://www.quatrefeuilles.info/;;;;;;;;;;
grand gîte Coeur des montagnes;5000 Romeyere 38680 Rencurel France;https://www.grandsgites.com/gite-38-coeur-montagnes-2709.htm;;;;;;;;;;
Les Gîtes de l'Etang des Noues;La Grollerie 49300 Cholet France;http://www.lesgitesdeletangdesnoues.com/;;;;;;;;;;
Manoir du Colombier – Gîtes de charme 4 étoiles dans le Bugey;134 Rue de l'Église 01260 Arvière-en-Valromey France;https://www.manoir-du-colombier.fr/;;;;;;;;;;
Gîte Touristique- On a Vécu Ainsi- lgli Nord Missour;nord Missour ighli Missour 33250 Maroc;;;;;;;;;;;
Activités Nautiques de Villepinte;Piscine municipale 8 Rue Pierre Audat 93420 Villepinte France;http://acnavi.free.fr/;;;;;;;;;;
Agua Mundo Natation - Piscine Centre Balnéokiné;1 Rue de Cadolive Centre Balnéokiné 13004 Marseille France;https://aguamundo.fr/;;;;;;;;;;
Agua Mundo Natation - Piscine centre Kiné Arte;4 Imp. Barthélémy Saint-Julien 13012 Marseille France;https://www.aguamundo.fr/;;;;;;;;;;
AS Mulhousienne Plongée;5 Rue Pierre et Marie Curie 68100 Mulhouse France;https://asmulhousienneplongee.vpdive.com/;;;;;;;;;;
Association de Natation de Sartrouville - ANS;7 Rue du Bas de la Plaine 78500 Sartrouville France;https://www.an-sartrouville.fr/;;;;;;;;;;
Base nautique Lac de Forgeneuve | The Beach Ski Academy;Lac de Forgeneuve 147 Roule Galette Forgeneuve 87380 Meuzac France;http://thebeachskiacademy.com/;;;;;;;;;;
Bulles et Eau;7 Rue de l'École 77890 Garentreville France;https://bulleseteau.fr/;;;;;;;;;;
C.s Clichy 92 Natation;34 Rue Valiton 92110 Clichy France;http://clichy-natation.com/;;;;;;;;;;
Cannes Water World;Ponton Palais Stephanie Beach Face Hôtel JW Marriott 50 Bd de la Croisette 06400 Cannes France;https://www.canneswaterworld.com/;;;;;;;;;;
Cercle des Nageurs de Quimperlé;2 Rue Aimé Césaire 29300 Quimperlé France;https://www.cercledesnageursdequimperle.com/;;;;;;;;;;
Cercle des Nageurs Sauveteurs;Chem. des Aloès 66240 Saint-Estève France;https://www.saintesteve-natation.fr/;;;;;;;;;;
Cercle Nautique Chalonnais;40 Rue d'Amsterdam 71100 Chalon-sur-Saône France;http://www.cnchalon.fr/;;;;;;;;;;
Cercle Nautique des Bordes;99 Rue des Bordes 94490 Chennevières-sur-Marne France;https://sudestavenir.fr/piscine/piscine-des-bordes-chenneviere-sur-marne/;;;;;;;;;;
Chamagnieu Plongée;Rte de Vienne 38460 Chamagnieu France;https://www.chamagnieuplongee.com/;;;;;;;;;;
CLC NATATION;5 Rue Raymond Cosson 14460 Colombelles France;;;;;;;;;;;
Club Avionnais de Plongée (CAP);Piscine Municipale Rue Arthur Lamendin 62210 Avion France;http://www.plongee-avion.com/;;;;;;;;;;
Club de l'étoile;7 Prom. de la Plage de Nauzan 17640 Vaux-sur-Mer France;http://www.clubetoile17.fr/;;;;;;;;;;
Club de Natation D'ostwald;8 Quai Heydt 67540 Ostwald France;https://www.alsacevoyage.com/piscine-dostwald/;;;;;;;;;;
Club de Plongée de Trouville Sur Mer;Quai de la Cahotte Prom. des Planches 14360 Trouville-sur-Mer France;http://www.club-plongee-trouville.fr/;;;;;;;;;;
Club MotoNautique Jurassien;Unnamed Road 39270 La Tour-du-Meix France;http://www.cmnj.fr/;;;;;;;;;;
Club Natation Tarare;77 Bd Garibaldi 69170 Tarare France;https://cntarare.fr/;;;;;;;;;;
CLUB NAUTIQUE;77310 Saint-Fargeau-Ponthierry France;;;;;;;;;;;
Club Nautique Barbezieux;Piscine Nelson-Pailloux 16300 Barbezieux-Saint-Hilaire France;http://cnbarbezieux.com/;;;;;;;;;;
Club Nautique de Saint-Michel-Sur-Orge (CNSMO);COSEC Piscine municipale 1 Place d'Haiti 91240 Saint-Michel-sur-Orge France;http://www.cnsmo.fr/;;;;;;;;;;
Club Nautique Lambersartois;4 All. du Béguinage 59130 Lambersart France;https://www.clubnautiquelambersartois.com/;;;;;;;;;;
Club Nautique Livry Gargan;49 Av. du Consul Général Nordling 93190 Livry-Gargan France;https://club-nautique-livry-gargan.fr/;;;;;;;;;;
Club Nautique Montmorillonnais;21 Av. Fernand Tribot 86500 Montmorillon France;https://cnm86.sportsregions.fr/;;;;;;;;;;
Club Nautique Puy Sainte Réparade;380 Av. du Stade 13610 Le Puy-Sainte-Réparade France;http://www.clubcnpr.info/;;;;;;;;;;
Club nautique Yvetot;Piscine E Caux Bulles 76190 Yvetot France;https://www.cnyvetot.com/;;;;;;;;;;
CLUB OLYMPIQUE DE VILLIERS LE BEL;60 Av. du Champ Bacon 95400 Villiers-le-Bel France;http://www.covb.fr/;;;;;;;;;;
Club Sportif de Meaux Natation;24 Av. du Président Roosevelt 77100 Meaux France;http://csmeauxnatation.fr/;;;;;;;;;;
CNMY ( Cercle des Nageurs de Mantes en Yvelines );1 Rue Jean Jaouen Bd Sully 78200 Mantes-la-Jolie 78711 Mantes-la-Ville France;https://www.google.com/url?sa=t&rct=j&q=&esrc=s&source=web&cd=&cad=rja&uact=8&ved=2ahUKEwizsOGf9q_7AhVRyLsIHfr2C_cQFnoECBMQAQ&url=https://cnmantesenyvelines.wixsite.com/cnmy78&usg=AOvVaw1vZwK2l2Sy-RdBxB7cC6dn;;;;;;;;;;
COTENTIN NATATION;14 Rte de Cherbourg 50340 Les Pieux France;;;;;;;;;;;
CSVO;3 Rue Henri Dunant 95160 Montmorency France;;;;;;;;;;;
Dauphins de Saint-Louis;77 Rue de Michelfelden 68128 Village-Neuf France;http://dauphins-saint-louis.com/;;;;;;;;;;
Douarnenez natation;6 All. Sainte-Croix 29100 Douarnenez France;https://www.douarneneznatation.fr/contactez-nous;;;;;;;;;;
Entente 95 Sannois Natation;77 Bd Gambetta 95110 Sannois France;;;;;;;;;;;
Entente Pyrénées Séméac Tarbes Natation;Rue de la Piscine 65600 Séméac France;https://www.epstn65.fr/;;;;;;;;;;
Entente Sportive Thaonnaise de Natation;11 Av. Armand Lederlin 88150 Thaon-les-Vosges France;https://www.est-natation.com/contactez-nous;;;;;;;;;;
Ermont Natation Artistique;27 Rue de l'Yser 95120 Ermont France;https://ermontnatationartistique.fr/;;;;;;;;;;
Escale la prairie;10 Rte de Mornay 18600 Neuvy-le-Barrois France;;;;;;;;;;;
ESN BÉBÉS NAGEURS;All. des Marronniers 92000 Nanterre France;https://www.esnanterre.com/bebe-nageurs/;;;;;;;;;;
ESN ECOLE DE NATATION / NATATION LOISIRS / NATATION SPORTIVE;136 Av. Frederic et Irene Joliot Curie 92000 Nanterre France;https://www.esnanterre.com/natation/;;;;;;;;;;
espace nautique;Forgeneuve 87380 Meuzac France;;;;;;;;;;;
Eysines Natation;Piscine du Pinsan Rue du Pinsan 33320 Eysines France;http://eysinesaquaplus.fr/;;;;;;;;;;
Génération Gliss';Plage st Vincent les forts 04340 St vincent les forts France;https://www.generation-gliss.fr/;;;;;;;;;;
Grand Lieu Natation;Rue de l'Hommée 44310 Saint-Philbert-de-Grand-Lieu France;https://www.facebook.com/share/15buqB8Te9/;;;;;;;;;;
Hébergements insolites du Mazel / Yourte et roulottes Lozère;Le Mazel 48100 Antrenas France;http://www.hebergement-insolite-lozere.com/;;;;;;;;;;
HGCC;43 Bd Justin Grandthille 51000 Châlons-en-Champagne France;https://hgc-chalons.com/;;;;;;;;;;
Jargeau Abysse Club;Complexe Sportif Clos du Paradis 2 Chem. du Paradis 45150 Jargeau France;https://jargeauplongeeweb.wixsite.com/jargeauabysseclub;;;;;;;;;;
Jeunesse et Natation;Rue Jacques Daguerre 60200 Compiègne France;https://jnc60.comiti-sport.fr/;;;;;;;;;;
JSI Natation;33 Chem. de Champvillard 69540 Irigny France;http://jsi-natation.fr/;;;;;;;;;;
La Grande Evasion @ Haute Epine;59 Imp. des Nénuphars 24320 Saint-Martial-Viveyrol France;https://www.lagrande-evasion.com/;;;;;;;;;;
La Ligne d'eau (LLO);1 Rue Louis Blériot 27950 Saint-Marcel France;https://abcnatation.fr/sc/190279630;;;;;;;;;;
Langres Natation 52;Aqualangres Av. du 21E Régiment d'Infanterie 52200 Langres France;https://langresnatation52.fr/;;;;;;;;;;
Le Mas de Barry;Chem. du Moulin 07120 Ruoms France;https://hotelfr.click/mas-barry-hjzu9g;;;;;;;;;;
Le Relais de Chantelouve - Plein Temps Vacances & Loisirs PTV&L;de Vaulx 7 Rte de Saint-Jean 38220 Laffrey France;http://www.ptvl.net/;;;;;;;;;;
Le Relais De L'Oisans - Plein Temps Vacances & Loisirs PTV&L;1318 Rte du Désert 38350 La Morte France;http://www.ptvl.net/;;;;;;;;;;
Lenzi Guy;1842 Rte de Pourrières 13530 Trets France;;;;;;;;;;;
Les bons vivants de la plongée;8 Rue Emmanuel Techer 49400 Souzay-Champigny France;https://www.facebook.com/BVP49/;;;;;;;;;;
Les Chalets Flottants du Lac de Cantales;Les Chalets Flottants 15150 Saint-Gérons France;https://roomofr.click/chalets-flottants-lac-1kr0y5;;;;;;;;;;
Les Dauphins De Nogent Centre Nautique;8 Rue du Port 94130 Nogent-sur-Marne France;https://www.lesdauphinsdenogent.fr/;;;;;;;;;;
les Dauphins de Vincennes;20 Av. des Murs du Parc 94300 Vincennes France;http://dauphinsdevincennes.com/;;;;;;;;;;
Les Dauphins Tournon-Tain;Maison Municipale Pour Tous Les Dauphins Tournon Tain 07300 Tournon-sur-Rhône France;https://www.dauphins-tournontain.fr/;;;;;;;;;;
Les DROMIES ASVLB;Pl. de la Mairie 91190 Villiers-le-Bâcle France;http://dromies.fr/;;;;;;;;;;
Les Gorgones de Villeparisis;88 Av. de Berny 77270 Villeparisis France;https://gorgone.e-monsite.com/;;;;;;;;;;
Les Plongeurs du Donjon;40 Av. Jacques Duclos 91700 Sainte-Geneviève-des-Bois France;https://plongeurs-du-donjon.fr/;;;;;;;;;;
Les Rascasses de ventadour - Natation / Sport Santé;Bd du Puy Nègre 19300 Égletons France;http://rascassesventadour.clubeo.com/;;;;;;;;;;
LES REDS NATATION MONTREUIL;21 Rue du Colonel Raynal 93100 Montreuil France;https://lesreds-natation.fr/;;;;;;;;;;
L'Espadon de Vélizy Villacoublay;1 bis Pl. de l'Europe 78140 Vélizy-Villacoublay France;http://www.espadon-velizy-villacoublay.fr/;;;;;;;;;;
L'étape poétique;Rue de la Gare 35460 Maen Roch France;https://www.maenroch.fr/letape-poetique/;;;;;;;;;;
Lyon Palme;Piscine de St Fons Venissieux 16 Av. du Dr Georges Lévy 69200 Vénissieux France;https://www.lyonpalme.com/;;;;;;;;;;
Marcigny Natation;1 Bd des Prairies 71110 Marcigny France;https://natationmarcigny.wixsite.com/monsite;;;;;;;;;;
Marinete;75004 Paris France;;;;;;;;;;;
Marvejols;2 Bis Lot. Pre de France 48100 Marvejols France;;;;;;;;;;;
Mas de Saragosse;Mas de Saragosse 66170 Millas France;https://www.mas-de-saragosse.com/;;;;;;;;;;
MesHutes (Port Nemours);Port de Nemours 52290 Éclaron-Braucourt-Sainte-Livière France;https://meshutes.fr/;;;;;;;;;;
Montchanin Natation;Piscine Rue d'Avoise 71210 Montchanin France;http://montchanin-natation.fr/;;;;;;;;;;
Moroccan Diving Center : École de plongée sous marine;Al Hoceïma Maroc;;;;;;;;;;;
Morsang Essonne Natation (Club de natation: FFN);All. des Pervenches 91390 Morsang-sur-Orge France;http://www.morsangessonnenatation.fr/;;;;;;;;;;
MTD WAKEPARK;LAC BARON DESQUEYROUX 17130 Montendre France;https://www.mtdwakepark.fr/;;;;;;;;;;
Natation 95 Sarcelles;Av. Paul Langevin 95200 Sarcelles France;;;;;;;;;;;
Nautic Club de Taillebourg - Ski nautique wakeboard charente maritime;Rue de la Gare 17350 Taillebourg France;https://nauticclubtaillebourg.com/;;;;;;;;;;
Nautic Club Médéen Wakeboard ski nautique;64 Rue des 3 Frères 13220 Châteauneuf-les-Martigues France;http://nautic-club-medeen.com/;;;;;;;;;;
Nid'Oiselet;1234 route de la garrigue de l'étang 84260 Sarrians France;https://roiselet.com/;;;;;;;;;;
Palmes En Cornouaille;47 Av. des Oiseaux 29000 Quimper France;;;;;;;;;;;
Parc Nature et Océan : l;parc nature et ocean 4 Impasse du Pré du Port 33990 Hourtin France;https://lac-nature-ocean.fr/;;;;;;;;;;
PLANET.SKI;Le Grand Mas des Sables 16720 Saint-Même-les-Carrières France;http://www.planet-ski.com/;;;;;;;;;;
Pont-Château Natation;16 La Hirtais 44160 Sainte-Anne-sur-Brivet France;https://pontchateau-natation.fr/;;;;;;;;;;
Rhin Sud Natation;1 Rue de la Piscine 68490 Ottmarsheim France;https://rhinsudnatation.fr/;;;;;;;;;;
Rillieux Natation;180 Av. de l'Hippodrome 69140 Rillieux-la-Pape France;https://rillieux-natation.com/;;;;;;;;;;
ROGNAC NATATION;LE MAS AVENUE DU 8 MAI 1945 13340 Rognac France;;;;;;;;;;;
S Béthunois Pélican Club;Av. du Pont des Dames 62400 Béthune France;;;;;;;;;;;
Saint Sebastien Natation (club);Rue de Tasmanie 44115 Basse-Goulaine France;http://www.saint-sebastien-natation.fr/;;;;;;;;;;
Salbris Natation Eric;43 Av. de la Résistance 41300 Salbris France;;;;;;;;;;;
Saumur Natation;Piscine Rue Ile Offard Bureau 49400 Saumur France;http://www.saumur-natation.fr/;;;;;;;;;;
Ski Nautique Club Bois Français Grenoble;Base de Loisir du Bois Français 38420 Le Versoud France;http://grenoble-ski-nautique.com/;;;;;;;;;;
Skiwake74;120 Rte de la Plage 74210 Doussard France;https://www.skiwake74.com/;;;;;;;;;;
SLIDE WATER CAMP;Plage Rue Beau Rivage 83700 Saint-Raphaël France;http://slidewatercamp.com/;;;;;;;;;;
SOR NATATION ROSNY SOUS BOIS;18 Mail Jean Pierre Timbaud 93110 Rosny-sous-Bois France;https://www.sornatation.fr/;;;;;;;;;;
Sundgau Natation - club basé à la piscine de Tagolsheim;Piscine Les Rives de l'Ill Rte de Mulhouse 68720 Tagolsheim France;https://sundgau-natation.fr/;;;;;;;;;;
Tarbes Nautic Club;1 Av. d'Altenkirchen 65000 Tarbes France;http://www.tarbesnc.fr/;;;;;;;;;;
Taverny Sports Nautiques 95;Centre AquaVal Alice Milliat Rue Théroigne de Méricourt 95150 Taverny France;https://tsn95.fr/;;;;;;;;;;
Triton Club Belleville;23 Av. de Verdun 69220 Belleville-en-Beaujolais France;https://www.triton-club.fr/;;;;;;;;;;
Trouville Olympique Natation;Prom. Savignac 14360 Trouville-sur-Mer France;https://trouville-olympique-natation.fr/;;;;;;;;;;
Uckange Evolution Palmes;1 place Lucien Waldung 57270 Uckange France;http://uep.fr/;;;;;;;;;;
UCPA Naujac sur Mer;Le Pin Sec 33990 Naujac-sur-Mer France;https://www.ucpa.com/destination/village-sportif/naujac-sur-mer?utm_medium=organic&utm_source=google&utm_campaign=gmb&utm_content=NaujacsurMer;;;;;;;;;;
Union Sportive Vic le Comte Natation;21 Rue Bel Horizon 63960 Veyre-Monton France;http://www.usvnatation.fr/;;;;;;;;;;
USOM Natation;3 Rue Ambroise Croizat 14120 Mondeville France;;;;;;;;;;;
USP Palaiseau I Nage avec Palme I Natation;19 Rue Maximilien Robespierre 91120 Palaiseau France;;;;;;;;;;;
Vanves SwimTeam92;12 Rue Larmeroux 92170 Vanves France;;;;;;;;;;;
Vierzon Natation;Parc de Bellevue 18100 Vierzon France;;;;;;;;;;;
Village des quilles en l'air;All. Paul Christol 62224 Équihen-Plage France;https://www.camping-equihen-plage.fr/tarifs/hebergement-locatif/quilles-en-air;;;;;;;;;;
Village Vacances de la Sapinière;32 Av. François Mitterrand 87230 Châlus France;https://www.chalus87.fr/Hebergements;;;;;;;;;;
Villejuif Natation;67 Rue Youri Gagarine 94800 Villejuif France;http://www.usvillejuifnatation.com/;;;;;;;;;;
Villerupt Natation;Rue de Verdun 54190 Villerupt France;https://www.villeruptnatation.fr/;;;;;;;;;;
Villeurbanne Natation;59 Av. Marcel Cerdan 69100 Villeurbanne France;https://villeurbannenatation.com/;;;;;;;;;;
? ? Piscine extérieure chauffée à Sérent;29 Rue Général de Gaulle 56460 Sérent France;https://www.serent.bzh/culture-sport/sport-loisirs/piscine-municipale.html;;;;;;;;;;
´Piscine de Oloron St Marie;6 Bis Bd François Mitterrand 64400 Oloron-Sainte-Marie France;;;;;;;;;;;
123 plongez;2 Rue Victor Hugo 38200 Vienne France;https://www.123plongez.fr/;;;;;;;;;;
2 Be Well;25 Rue du Bignon 44880 Sautron France;https://www.2bewell.fr/;;;;;;;;;;
2 VICO;20160 Vico France;;;;;;;;;;;
2D-CONSTRUCTIONS;19 Rue du Vernat 71380 Saint-Marcel France;https://www.aboral.fr/distributeur/2d-constructions/;;;;;;;;;;
2J SPA;1 Rte de Marchaux 25000 Besançon France;;;;;;;;;;;
3Ahydrosud;Rue Wolfgang Amadeus Mozart 83190 Ollioules France;;;;;;;;;;;
9 rue Micheline Lévy;14 Rue Louis Simon 54150 Val de Briey France;;;;;;;;;;;
A E P;Lot. Arbucetta 20620 Biguglia France;;;;;;;;;;;
A l’eau piscine;29 Rte de Theys 38570 Goncelin France;;;;;;;;;;;
A la Plage;76 Av. Foch 94700 Maisons-Alfort France;https://www.marneboisplages.fr/;;;;;;;;;;
A l'eau fuite.piscine;5 Rue de Bassussarry 64600 Anglet France;;;;;;;;;;;
a l'eau piscine 49;Prte Chailloux 49170 Saint-Léger-de-Linières France;;;;;;;;;;;
A l'eau piscines 64;Rte d'Arancou 64520 Came France;;;;;;;;;;;
A L'O Piscine;205 Rue de la Solidarité 40600 Biscarrosse France;https://alo-piscines.fr/;;;;;;;;;;
A2B Service Piscines et spas;ZA La Belle Etoile 85440 Avrillé France;http://www.a2bservice.fr/;;;;;;;;;;
A2CM Aménagement;Av. Nelson Mandela 34570 Montarnaud France;https://www.facebook.com/profile.php?id=61586640363045;;;;;;;;;;
Abaque Pool;7 Rue Waldeck Rousseau 93600 Aulnay-sous-Bois France;;;;;;;;;;;
Aberth Emmanuel;9 Rue Hohenbourg 67560 Rosheim France;https://sa-piscine.com/;;;;;;;;;;
Abri d'Ô;Chem. de Maupertuis 72330 Cérans-Foulletourte France;https://abri-do.fr/;;;;;;;;;;
Abris 2 Savoie;1 Bd Jean Charcot 73100 Tresserve France;http://www.abris2savoie.com/;;;;;;;;;;
ABRIS D’ALBRET Fabricant d'abris de piscine;3 LIEU DIT BRANGETTE 33710 Bourg France;https://www.abris-albret.com/;;;;;;;;;;
ABRIS DE PISCINE SERVICES;;;;;;;;;;;;
ABRIS DE PISCINE SERVICES - 68;26 Rue de la Fraxinelle 68740 Hirtzfelden France;;;;;;;;;;;
Abris Easycover;176 Rue des Castors 38150 Salaise-sur-Sanne France;https://abris-easycover.fr/;;;;;;;;;;
Abris Piscines Conception;Za Des Granges 9 Rue des Roseaux 42600 Montbrison France;https://abrispiscinesconception.fr/?utm_source=gmb;;;;;;;;;;
Abysséa;Rte du Fond d'Orveau 86320 Civaux France;https://www.vert-marine.com/abyssea/;;;;;;;;;;
AC Pro Piscine;11 Chem. des Giraudières 42170 Saint-Just-Saint-Rambert France;;;;;;;;;;;
accès & contacts;19 Rue Maximilien Robespierre 91120 Palaiseau France;;;;;;;;;;;
accessoires-piscines.com;50 Rue du Magasin 69700 Loire-sur-Rhône France;http://www.accessoires-piscines.com/;;;;;;;;;;
Accrobranche La Forêt de Robin;Col de la grande Limite 26740 Marsanne France;https://la-foret-de-robin.com/;;;;;;;;;;
Accrobranches de Morillon les aventuriers du lac;Base de loisirs du lac bleu 74440 Morillon France;http://www.les-aventuriers-du-lac.com/;;;;;;;;;;
ACM Atlantique Conception Maintenance;5 Rue Louis Blériot 17200 Saint-Sulpice-de-Royan France;https://www.acm-spa.com/;;;;;;;;;;
ACP;37400 Amboise France;;;;;;;;;;;
Acquablu Piscines;51 Chem. du Moulin Carron 69570 Dardilly France;https://acquablupiscines.fr/;;;;;;;;;;
Acryl Piscine;19 Bd des Ventadouiro 13300 Salon-de-Provence France;https://www.acryl-piscine-paca.fr/;;;;;;;;;;
Action Piscines Services;37 Rue de l'Avenir 09700 Saverdun France;https://actionpiscineservices.com/;;;;;;;;;;
AD HYDRAU;Rue 33160 Saint-Médard-en-Jalles France;;;;;;;;;;;
AD PISCINES RENOV;12 clos Souverbielle 64320 Idron France;https://www.facebook.com/116836404766337?utm_source=gmb;;;;;;;;;;
ADELA PISCINES;130 Rue des 3 Communes 26300 Jaillans France;https://adela-piscines.fr/;;;;;;;;;;
Adeline SPAS - Installateur Besançon;10 Rue du Champenâtre 25770 Serre-les-Sapins France;https://installateur-spa-besancon.fr/;;;;;;;;;;
Adonis Piscines;1609 Chem. de Saint-Bernard 06220 Vallauris France;https://www.adonis-paysages.com/piscines/;;;;;;;;;;
Agence Evasion;14 Rte de Clairmarais 62500 Saint-Omer France;https://xn--spa-agence-vasion-ltb.fr/;;;;;;;;;;
Agglocéane Saint-Rémy-sur-Avre;1A Rue des Prés 28380 Saint-Rémy-sur-Avre France;https://aggloceane.fr/;;;;;;;;;;
Aigapool;269 Chem. du Fournalet 84700 Sorgues France;;;;;;;;;;;
Ain Salama;Route Jerry Meknès Maroc;;;;;;;;;;;
Ain SERVICES PISCINES;Arboz 01270 Domsure France;http://www.aspiscines.fr/;;;;;;;;;;
Ain'Pulse;Rte de Lagnieu 01150 Saint-Vulbas France;http://www.ain-pulse.com/;;;;;;;;;;
Aire de jeux;9 Imp. des Aulnes 53970 L'Huisserie France;;;;;;;;;;;
Aire de loisir et détente;24230 Lamothe-Montravel France;;;;;;;;;;;
Aire de loisirs Celle-Lévescault;D97 86600 Celle-Lévescault France;https://www.celle-levescault.fr/notre-commune/aire-de-loisirs/;;;;;;;;;;
Aire de loisirs de La Gazonne - Piscine;La Gazonne 12800 Sauveterre-de-Rouergue France;https://www.tourisme-aveyron-segala.fr/oit/piscine-intercommunale-de-la-gazonne/?lis_id=23;;;;;;;;;;
Aire de loisirs du Baigne-Chat;Rue de l'Arceau 86170 Champigny en Rochereau France;;;;;;;;;;;
Aire Parc du Château;10 Rue Louis Barthou 54130 Saint-Max France;;;;;;;;;;;
aiRPiscine;12 All. de ?arc en Ciel 49320 Brissac Loire Aubance France;https://www.airpiscine.fr/?utm_source=gmb&utm_medium=profile;;;;;;;;;;
Aiya beauty;40 Rue de la Résistance Berkane Maroc;;;;;;;;;;;
Aj Piscine;832 Rte de Bussy 69830 Saint-Georges-de-Reneins France;https://www.aj-piscine.fr/;;;;;;;;;;
AJ Piscine;19 Rue de la Savonnerie 68460 Lutterbach France;https://www.ajpiscine.fr/?utm_source=Google&utm_medium=My%20Business;;;;;;;;;;
AJS Ambiance Piscine;731 Rte de Varennes 69650 Quincieux France;;;;;;;;;;;
AJT Piscines;15 Bd Général de Gaulle 13103 Saint-Étienne-du-Grès France;;;;;;;;;;;
AK PISCINES ET JARDINS;1 bis Rue de la Fassonnière 85680 La Guérinière France;https://www.ak-noirmoutier.fr/;;;;;;;;;;
AK Pool Services;Chem. du Jas de Clare 83740 La Cadière-d'Azur France;https://www.ak-poolservices.fr/;;;;;;;;;;
Albigès;150 Av. des Fialets 12100 Millau France;https://www.albiges.com/?utm_source=google&utm_medium=gmb;;;;;;;;;;
Albon;1 Rue du Rhône 26140 Saint-Rambert-d'Albon France;https://albon.net/?utm_source=google&utm_medium=gmb;;;;;;;;;;
ALBRET NATATION;112 Prom. du Lac 40480 Vieux-Boucau-les-Bains France;http://natationvieuxboucau.com/;;;;;;;;;;
ALC piscine;7 Rue du Carré 45330 Le Malesherbois France;https://sites.google.com/view/alcpiscine/accueil;;;;;;;;;;
Alerte piscine;350 Chem. de Tigné 82000 Montauban France;http://www.alerte-piscine.fr/;;;;;;;;;;
Alga piscine;146 Le Colombier 69210 Savigny France;https://www.algapiscine.fr/?utm_medium=referral&utm_source=gmb&utm_campaign=lnk-gmb;;;;;;;;;;
ALL'EAU PISICNE;80 Chem. du Voitou 59211 Santes France;https://www.all-eau-piscine.fr/;;;;;;;;;;
Alliance Constructions Piscines;ZA de l'Aupretin 71500 Louhans France;http://www.alliance-constructions-piscines.fr/;;;;;;;;;;
Alliance piscine 42;70 Rue de Lyon 42600 Savigneux France;https://www.alliancepiscines42.fr/;;;;;;;;;;
ALLIANCE PISCINES AGEN;11 Rue Jean Jaurès 47550 Boé France;https://www.alliancepiscines.com/;;;;;;;;;;
Alliance Piscines Auxerre;9 Rue du Moulin du Président 89000 Auxerre France;https://alliancepiscinesauxerre.com/;;;;;;;;;;
Alliance Piscines Avignon;104 route de Carpentras 84270 Vedène France;https://www.alliancepiscines.com/le-reseau/magasin-piscine/alliance-piscines-avignon.html;;;;;;;;;;
Alliance Piscines Périgueux - Boulazac;15 Av. Marcel Paul 24750 Boulazac Isle Manoire France;https://www.alliancepiscines.com/;;;;;;;;;;
Alliance piscines Roanne Vichy;42300 Roanne France;https://www.alliancepiscines.com/;;;;;;;;;;
Alliance piscines Toulouse Sud;Pl. du Capitole 31000 Toulouse France;https://www.alliancepiscines.com/;;;;;;;;;;
ALLIANCE SPA;Za. de la prade 1 Chem. de la Prade 81120 Réalmont France;https://www.alliancespa.fr/;;;;;;;;;;
Allo Piscine;19 Av. des Belges 43000 Le Puy-en-Velay France;;;;;;;;;;;
ALMAFIT;za ragon 12 Rue Pasteur 44119 Treillières France;https://www.almafit.fr/;;;;;;;;;;
A'Lo Piscine Chatel;All. du Pertuis d'Antioche 17340 Châtelaillon-Plage France;https://www.alopiscinechatel.fr/;;;;;;;;;;
ALSACE Piscines;7 Rue d'Ensisheim 68840 Pulversheim France;;;;;;;;;;;
ALTIE .SAV. piscines entretien et réparation;459 Chem. d'Espinasse 82000 Montauban France;https://www.piscine-electricite-montauban.fr/;;;;;;;;;;
Altschlossfelsen - Le Colorado Lorrain et Allemand;57230 Roppeviller France;;;;;;;;;;;
Am piscines;5 Rue des Levées Miraud 44410 La Chapelle-des-Marais France;https://ampiscines.fr/;;;;;;;;;;
Amae Sonia Arnoux - Massages chinois;13 Rue Georges Pompidou 70000 Pusey France;https://www.amae-sonia-arnoux.fr/;;;;;;;;;;
Aménéo Piscines Bois;100 Rue Georges Mangin 69400 Villefranche-sur-Saône France;https://www.ameneo-piscines.fr/;;;;;;;;;;
Amext;8 Pl. de l'Echut 31770 Colomiers France;http://www.amext.fr/;;;;;;;;;;
AMG PISCINES;62 bis Av. du Général de Gaulle 37800 Sainte-Maure-de-Touraine France;http://amgpiscines.fr/;;;;;;;;;;
Ancienne piscine municipale;1 Bd Félix Faure 93200 Saint-Denis France;;;;;;;;;;;
Anna Belle Pool;11 Rue Olympe de Gouges 54400 Longwy France;;;;;;;;;;;
ANT PISCINES;81 Rue Morhange 31450 Deyme France;https://www.antpiscines.fr/;;;;;;;;;;
ANTHO PISCINE;Lieu dit padighioni Plaine de peri 20167 Peri France;https://www.anthopiscine.fr/;;;;;;;;;;
antony pool'mof;9 Rue des Genêts 38280 Villette-d'Anthon France;;;;;;;;;;;
Aoubré l'Aventure Nature;Parc des Cèdres Chem. de la Rouvière 83340 Flassans-sur-Issole France;http://www.aoubre.fr/;;;;;;;;;;
ap'piscines;Boite Postale 25 Av. du Maréchal Juin 39100 Dole France;http://www.concept-terrassement21.fr/;;;;;;;;;;
Apprendre À Nager;Rue du Stade du Moulin 31370 Rieumes France;https://www.natation.online/;;;;;;;;;;
APS PISCINE;533 Rte de L’Hospitalet 46090 Labastide-Marnhac France;;;;;;;;;;;
APS PISCINES;Chem. de la Bastide Neuve 13710 Fuveau France;http://www.aps-piscines.com/;;;;;;;;;;
Aquil'eau container;lanerie 24700 Montpon-Ménestérol France;;;;;;;;;;;
Aquilus Spas La Biolle;1763 Rte d'Annecy 73410 La Biolle France;https://magasin.aquilus-piscines.com/141-aquilus-spas-la-biolle?utm_source=gmb;;;;;;;;;;
Aquilus Spas Sillingy;558 Rte de Bellegarde 74330 Sillingy France;https://magasin.aquilus-piscines.com/140-aquilus-spas-sillingy?utm_source=gmb;;;;;;;;;;
AQUINOX PISCINES BRETAGNE;84 Bruzon 35580 Saint-Senoux France;;;;;;;;;;;
Aquitechpiscine;1 All. de Cantenac 33127 Martignas-sur-Jalle France;;;;;;;;;;;
Aqwa Itineris France;6 Pl. Caillemare 27310 Saint-Ouen-de-Thouberville France;http://www.aqwaitineris.fr/;;;;;;;;;;
Arboretum;Rue des Clairons 54210 Saint-Nicolas-de-Port France;;;;;;;;;;;
Arboretum Al Gau;Ceyrat 19140 Espartignac France;http://www.arboretum-algaulhia.net/;;;;;;;;;;
Arboretum Domanial de la Jonchère Saint Maurice;47 Rue des Chevailles 87340 La Jonchère-Saint-Maurice France;https://play.google.com/store/apps/details?id=net.ateliernature.android.onf.decouvertes&pcampaignid=web_share;;;;;;;;;;
Arboretum Domanial de Pézanin;Pezanin 71520 Dompierre-les-Ormes France;https://www.onf.fr/;;;;;;;;;;
Arboretum du Chêne-Vert;Le Chêne Vert 16150 Chabanais France;http://www.arboretum-chene-vert.fr/;;;;;;;;;;
Arboretum Gérard Descours;07270 Lamastre France;;;;;;;;;;;
Archipel du Vincin;2 Rue Tamara de Lempicka 56000 Vannes France;https://archipelduvincin.fr/;;;;;;;;;;
ARIN'O Piscines & Spas;6A Av. Beethoven 33160 Saint-Médard-en-Jalles France;https://arino-entretien-piscine.fr/;;;;;;;;;;
arpiscine;18 Le Perquer 35720 Pleugueneuc France;;;;;;;;;;;
Arrosage Piscines Services (APS);cd2 camp majors 3015 Rte de la Légion 13400 Aubagne France;https://www.apspiscineservice.fr/;;;;;;;;;;
ARTtek concept piscines;8 Rue du Pré Blanchet 38400 Saint-Martin-d'Hères France;;;;;;;;;;;
As de la Trésorerie;14 Rue des Moines 45750 Saint-Pryvé-Saint-Mesmin France;https://tenup.fft.fr/club/53450092?utm_source=gmb;;;;;;;;;;
As Verderel;Rue du Fief 60112 Verderel-lès-Sauqueuse France;https://a-s-verderel-les-sauqueuse.footeo.com/;;;;;;;;;;
ASC NATATION & COACHING;;https://asc-natation.fr/;;;;;;;;;;
Assilah Healt : Kinésithérapie & Massage;Rue Ben Kaddour Asilah Maroc;;;;;;;;;;;
ASSOC LOISIRS FAMILIAUX AMPHION PUBLIER;350 Rte du Vieux Mottay 74500 Publier France;https://www.lacitedeleau.com/;;;;;;;;;;
Association Belle et Lambon;Rue René Gaillard 79370 Aigondigné France;;;;;;;;;;;
Association MARINE;Chem. de la Croix 44550 Saint-Malo-de-Guersac France;;;;;;;;;;;
Association Piscine Canopia;11 Rue du Chêne Germain 35510 Cesson-Sévigné France;https://rebirth-sport.com/?utm_source=gmb;;;;;;;;;;
Association Villages vacances AVMA;19 Rue de Paris CS 50070 93013 Bobigny France;https://www.avma-vacances.fr/;;;;;;;;;;
Atelier Depierre;1A Rte du Donon 88110 Vexaincourt France;https://www.bijoux-depierre.fr/;;;;;;;;;;
Athelia Piscines;ZA l'Ecluse Route de Taradeau 83460 Les Arcs sur Argens France;https://www.atheliapiscines.fr/;;;;;;;;;;
ATLANTIC SPA;67 Rue de la Capitale du Bas Poitou 85200 Fontenay-le-Comte France;http://www.atlanticspa.fr/;;;;;;;;;;
Atlantic Wind Academy;place de l'ocean Pl. de l'Océan 29360 Clohars-Carnoët France;https://atlanticwindacademy.com/;;;;;;;;;;
Atlanticswim;2 All. des Hauts de Lannes 40390 Saint-Martin-de-Seignanx France;https://www.atlanticswim.fr/;;;;;;;;;;
Atlantis by Felli;UNIQUEMENT SUR RENDEZ-VOUS 3 Rue de l'Artisanat 57400 Sarrebourg France;https://www.facebook.com/profile.php?id=100095287374514;;;;;;;;;;
ATRIUM - ZODIAC ORIGINAL;4 Rte de Vallenay 18200 Farges-Allichamps France;https://www.atrium-piscines.fr/;;;;;;;;;;
Au Petit Paradis;Les Soubeyrols 1025 Champagne 07560 Montpezat-sous-Bauzon France;http://www.gites.fr/gi18202;;;;;;;;;;
Au plaisir de l'eau;7 Av. des Alouettes 71300 Montceau-les-Mines France;http://www.auplaisirdeleau.net/;;;;;;;;;;
Au sein du Bien Naître;340 Rue de l'Église 01340 Attignat France;http://www.auseindubiennaitre.fr/;;;;;;;;;;
AULNÉO - Piscine communautaire;Site de Penn Ar Pont 29520 Châteauneuf-du-Faou France;https://haute-cornouaille.bzh/vivre-sortir-et-se-divertir-en-haute-cornouaille/aulneo-la-piscine-communautaire/;;;;;;;;;;
Auverbat;1 All. du Belay 63500 Varennes-sur-Usson France;https://m.facebook.com/p/Auverbat-Dimitri-Boss%C3%A9-100064645213733/;;;;;;;;;;
Auxois piscine;13 Rue Président Carnot 21230 Arnay-le-Duc France;;;;;;;;;;;
Avatica La piscine Martigues;10 Av. du Président Salvadore Allende 13500 Martigues France;https://www.ville-martigues.fr/loisirs/sports/avatica-la-piscine;;;;;;;;;;
Avenir de la Double;14 Rte de Courbarieu 33660 Porchères France;;;;;;;;;;;
AVEYRON SPAS;Parc d'Activités de 146 Rue du Bon Pain 12740 La Loubière France;https://aveyron-spas.fr/;;;;;;;;;;
Azulrio;37 Rue Alexandre Dumas 33560 Sainte-Eulalie France;https://www.facebook.com/azulrio33;;;;;;;;;;
AZUR ARMOR;1 Roz Porjou 22200 Le Merzer France;https://www.azur-armor.fr/;;;;;;;;;;
Azur Clean Piscine;3 Chem. de la Frayere 06530 Peymeinade France;http://www.azurcleanpiscine.fr/;;;;;;;;;;
Azur Composites Piscines;1520 Rte de Montpellier N113 30540 Milhaud France;https://azurcompositespiscines-sonerem.fr/;;;;;;;;;;
Azur Irrigation;26 Rte de Fraisse 11130 Sigean France;https://www.azurirrigation.com/;;;;;;;;;;
Azur maintenance piscine;7 Bd du Colonel Giaume 06340 La Trinité France;;;;;;;;;;;
AZUR PROVENCE PISCINE;90 Chem. de la Regagnade 83440 Tourrettes France;https://www.azurprovencepiscine.fr/;;;;;;;;;;
B Piscines / bpiscines;Imp. Antoinette Achard 83480 Puget-sur-Argens France;http://www.b-piscines.fr/;;;;;;;;;;
Bach Frères Sàrl;26 Rue de Strasbourg 57410 Petit-Réderching France;http://www.bougies-cierges-bach.com/;;;;;;;;;;
Baignade à Aigueleze;81600 Rivières France;;;;;;;;;;;
Baignade bio de Chantemerle;Parc des Colombiers Chantemerle 05330 Saint-Chaffrey France;https://m.facebook.com/baignadebiochantemerle;;;;;;;;;;
Baignade biologique;24290 Montignac-Lascaux France;https://ville-montignac.com/sports/gymnase/piscine;;;;;;;;;;
Baignade biologique;Rue de la Bové 27250 Rugles France;https://www.inse27.fr/listes/piscines-baignade-biologique/;;;;;;;;;;
Baignade biologique de Saugues;Allée des Ocybel 43170 Saugues France;https://www.campingdelaseuge.fr/plan-d-eau-biologique;;;;;;;;;;
Baignade biologique du Lac des Sapins;Lac des Sapins 69550 Cublize France;http://beaujolaisvert.com/;;;;;;;;;;
Baignade biologique Herculat;plan d'eau Herculat 03380 Treignat France;https://www.cc-pays-huriel.com/tourisme-et-patrimoine/baignade-biologique/;;;;;;;;;;
Baignade de Villevêque;Rue du Port 49140 Rives-du-Loir-en-Anjou France;https://destination-rivesduloirenanjou.fr/destination-item/plage-de-villeveque/;;;;;;;;;;
Baignade des rochers;452 Caldane 20264 San-Gavino-d'Ampugnani France;;;;;;;;;;;
Baignade estivale - La Villette;27 Quai de la Loire 75019 Paris France;https://www.paris.fr/lieux/baignade-estivale-la-villette-20407;;;;;;;;;;
Baignade Naturelle;Rue de la Ranche 71310 La Chapelle-Saint-Sauveur France;https://lachapellesaintsauveur.fr/;;;;;;;;;;
Baignade naturelle du Grand Chambord;407 Rue de la Martinière 41250 Mont-près-Chambord France;https://www.vert-marine.com/baignadenaturelledugrandchambord;;;;;;;;;;
Baignade naturelle Rivièr’Alp;11 Pl. de la Corderie 73360 Les Échelles France;http://rivieralp.com/;;;;;;;;;;
Bain et Confort;78 Rue de Larcay 37550 Saint-Avertin France;https://www.bainetconfort.com/;;;;;;;;;;
Bain Maure Turquin IZMIR;HC67+3C5 Casablanca Maroc;;;;;;;;;;;
Bains Et Bat;23 Rue Pierre Fourel 69230 Saint-Genis-Laval France;;;;;;;;;;;
Bains Municipaux de Strasbourg;10 Bd de la Victoire 67000 Strasbourg France;https://www.bainsmunicipauxdestrasbourg.fr/;;;;;;;;;;
Baisse de Raillon;Draille des Morts 13310 Saint-Martin-de-Crau France;;;;;;;;;;;
Balneolia;24 Rue Prosper Monnet 69190 Saint-Fons France;;;;;;;;;;;
Balnéothérapie de Physioperformance Rouen;12 Rue Saint-Etienne des Tonneliers 76000 Rouen France;https://www.doctolib.fr/cabinet-de-kinesitherapie/rouen/balneotherapie-de-physioperformance;;;;;;;;;;
Base de Loisirs;5 Rte de la Base de Loisir 88240 La Chapelle-aux-Bois France;https://www.agglo-epinal.fr/attractivite/equipements-sportifs-2/baignade-estivale/base-de-loisirs-a-la-chapelle-aux-bois/;;;;;;;;;;
Base De Loisirs;Route de Sarrant 32120 Solomiac France;http://solomiac.fr/;;;;;;;;;;
Base de Loisirs;5 Lot. Chp Beau 05300 Val Buëch-Méouge France;;;;;;;;;;;
Base de loisirs - Chantenay-Villedieu;Rte du Plan d'Eau 72430 Chantenay-Villedieu France;;;;;;;;;;;
Base de loisirs de Chandos;2577+23 24700 Montpon-Ménestérol France;https://www.montpon-menesterol.fr/montpon-tourisme-dordogne/montpon-base-de-loisirs-de-chandos.html;;;;;;;;;;
Base de Loisirs de la Frette;Rue de la Prairie 02700 Tergnier France;https://www.ville-tergnier.fr/ma-ville/tourisme/base-de-loisirs-de-la-frette/;;;;;;;;;;
Base de Loisirs de Vauchiron;9 Chem. de la Plage Charles Clerc 86600 Lusignan France;;;;;;;;;;;
Base de Loisirs du Pontaroux /Piscine intercommunale;Rte de la Piscine 16320 Magnac-lès-Gardes France;http://www.lavalette-tude-dronne.fr/loisirs/;;;;;;;;;;
Base de Loisirs La Chaussée du Lapin;12380 Saint-Sernin-sur-Rance France;https://www.ccmrr.fr/services/sports-culture-et-loisirs/piscines/;;;;;;;;;;
Base de loisirs Malvoisine;85170 Dompierre-sur-Yon France;;;;;;;;;;;
Base de Loisirs Pont Caffino;Rte de Caffino 44690 Château-Thébaud France;https://www.pontcaffino.fr/;;;;;;;;;;
Base de Loisirs Rivièr'Alp;11 Place de la Corderie 73360 Les Échelles France;http://www.rivieralp.com/;;;;;;;;;;
Base de Plein Air du Salagou - Centre Nautique - Rives de Clermont l'Hérault;Route du Lac du salagou rives de 34800 Clermont-l'Hérault France;http://www.basedusalagou.com/;;;;;;;;;;
Base de Plein Air Lac Eguzon;6 chemin du Pradet Chambon 36270 Éguzon-Chantôme France;https://www.bpa-laceguzon.fr/;;;;;;;;;;
Base départementale de Bessilles;Base départementale de Bessilles 34530 Montagnac France;https://bessilles.herault.fr/;;;;;;;;;;
base nautique;rue des boeufs 94600 Choisy-le-Roi France;;;;;;;;;;;
Base Nautique de Bernouët;Av. de Marennes 17400 Saint-Jean-d'Angély France;;;;;;;;;;;
Base nautique de Granville - 8 Milles Nautic;260 Bd des Amiraux Granvillais 50400 Granville France;http://www.8millesnautic.com/;;;;;;;;;;
Base nautique de Jullouville - 8 Milles Nautic;5 Av. de la Tanguière 50610 Jullouville France;https://8millesnautic.com/;;;;;;;;;;
Base Nautique de l'étang Aumée;L'Étang Aumee 44460 Saint-Nicolas-de-Redon France;https://www.nppretangaumee.com/;;;;;;;;;;
Base Nautique de Saint-Gervais;12460 Saint-Symphorien-de-Thénières France;;;;;;;;;;;
Base Nautique du Salagou - Baie des Vailhés;Camping les Vailhés D148E5 34700 Celles France;https://www.base-nautique-salagou.com/;;;;;;;;;;
Base Nautique et de Plein Air Site de Chabannes Lac de St Pardoux;87140 Compreignac France;https://basedeloisirslimousin.com/;;;;;;;;;;
Base nautique Léon Javelot;BASE NAUTIQUE LEON JAVELOT Rue du Mal Foch 62118 Biache-Saint-Vaast France;https://canoee-kayak-biachois.assoconnect.com/page/1161281-accueil;;;;;;;;;;
Base Nautique Municipale;35 Rue Jean-Marie Huchet 35000 Rennes France;;;;;;;;;;;
Base Nautique Port Saint Pierre;Port Saint Pierre 05160 Le Sauze-du-Lac France;http://www.portsaintpierre.com/;;;;;;;;;;
Base Verte De La Ramée;21 Chem. de Larramet 31170 Tournefeuille France;;;;;;;;;;;
Basic-Fit;ZA Barry N 33660 Saint-Seurin-sur-l'Isle France;https://www.basic-fit.com/fr-fr/clubs/basic-fit-saint-seurin-sur-l%27isle-za-barry-nord-fb8efb3791234174986171c9ff0f9199.html?utm_medium=yext&utm_source=gmb;;;;;;;;;;
Bassin à vagues;FM7J+QM 02860 Chamouille France;;;;;;;;;;;
Bassin Charles Decaix;Digue Promenade Michel Hamiot 62930 Wimereux France;;;;;;;;;;;
Bassin d’été de l’île du faubourg de Loire;Chem. de la Saulaie 58400 La Charité-sur-Loire France;https://www.lacharitesurloire.fr/bassin-dete-de-lile-du-faubourg-de-loire;;;;;;;;;;
Bassin d'apprentissage;16 Av. Georges Lissac 39400 Hauts de Bienne France;;;;;;;;;;;
Bassin d'apprentissage;14 Rue des Riats 03240 Tronget France;https://www.cc-bocage-bourbonnais.com/services-aux-habitants/les-equipements-de-loisirs.html;;;;;;;;;;
Bassin d'apprentissage;Rue des Combattants d'Afrique du N 45310 Patay France;https://www.cc-beauceloiretaine.fr/bassin-dapprentissage-fixe-de-patay/;;;;;;;;;;
Bassin d'apprentissage - CCYN;10 Rue Pierre Banry 89140 Pont-sur-Yonne France;https://yonne-nord.fr/apprentissage-natation/;;;;;;;;;;
Bassin d'Apprentissage Fixe (BAF);Rue de la Passerelle 45330 Le Malesherbois France;;;;;;;;;;;
Bassin de baignade biologique de Roquebillière;Rue du Cros 06450 Roquebillière France;https://www.puremontagne.fr/fr/a-voir/bassin-de-roquebilliere;;;;;;;;;;
BASSIN DE NATATION DU REQUISTANAIS;36 Av. de Rodez 12170 Réquista France;;;;;;;;;;;
Bassin de natation-Piscine;Rte de Bricquebec 50390 Saint-Sauveur-le-Vicomte France;https://www.lecotentin.fr/equipement/bassin-natation-piscine-saint-sauveur/;;;;;;;;;;
Bassin de Plein Air;3 Chem. du Saulcy 54360 Damelevières France;http://www.damelevieres.fr/;;;;;;;;;;
Bassin de rétention d'orage;48 Rue des Peupliers 68120 Pfastatt France;;;;;;;;;;;
Bassin des bambins;71 Av. Marcel Cerdan 69100 Villeurbanne France;;;;;;;;;;;
Bassin d'Initiation à la Natation;2a Rue de la Doller 68110 Illzach France;;;;;;;;;;;
Bassin d'Initiation Fumel Vallée du Lot;23 Av. de la Gare 47500 Monsempron-Libos France;;;;;;;;;;;
Bassin mobile de natation - Rebais;Rue du Stade 77510 Rebais France;https://www.cc2morin.fr/;;;;;;;;;;
Bassin Nautique;60 Chem. de la Garenne 91290 La Norville France;https://www.coeuressonne.fr/;;;;;;;;;;
Bassin Nautique de Loire-sur-Rhône;22 Rue du Prin 69700 Loire-sur-Rhône France;;;;;;;;;;;
Bassin S;77440 Jaignes France;;;;;;;;;;;
Bassin scolaire Irène Joliot-Curie;98 Rue Camille Groult 94400 Vitry-sur-Seine France;http://bassin-joliot-curie.gaqo.net/;;;;;;;;;;
Bassin scolaire Paul Eluard;1 Rue de Burnley 94400 Vitry-sur-Seine France;http://www.vitry94.fr/annuaires/annuaire-des-services-et-des-equipements/ficheAnnu/bassin-scolaire-paul-eluard/;;;;;;;;;;
Bath jewel;W32J+V72 Témara Maroc;;;;;;;;;;;
BBALO - Bébés nageurs;8 Pl. du Dr Lazare Goujon 69100 Villeurbanne France;http://www.bbalo.fr/;;;;;;;;;;
BDT piscines;3 Rue des Perles Rouges 83210 Solliès-Pont France;https://sites.google.com/view/bdtpiscines/accueil;;;;;;;;;;
Be Well Canada Spa;19 rue Bernard Ruyant 59110 La Madeleine France;https://sensassion-spa.fr/;;;;;;;;;;
Be Well Canada Spa;ZA Allondon Route de Crozet 01630 Saint-Genis-Pouilly France;http://www.spa-bewell.com/;;;;;;;;;;
Béarn Piscines;;;;;;;;;;;;
B'eau Jardin;Cr29 Route de Graveson 13630 Eyragues France;;;;;;;;;;;
Beaune Côté Plage;Chemin des Tauperies 21200 Montagny-lès-Beaune France;http://beaunecoteplage.com/fr/;;;;;;;;;;
BEBE NAGEUR - VIVRE L'EAU;Piscine de 215 Chem. des Buis 38340 Voreppe France;http://vivreleau.fr/;;;;;;;;;;
BEGO Maçonnerie piscine;10 Rue des Marguerites 34310 Montady France;https://bego-maconnerie-piscine.fr/;;;;;;;;;;
BEL ABRI FRANCE;80 Imp. Dadou Ecoparc 34690 Fabrègues France;https://www.belabri.fr/;;;;;;;;;;
belle eau piscines;240 Av. de la Tuilerie 34290 Espondeilhan France;;;;;;;;;;;
belle'o piscines;Imp. Dugommier 66350 Toulouges France;;;;;;;;;;;
BELLES ET SPA;12 Rue du Grenache 34800 Clermont-l'Hérault France;https://www.bellesetspa.fr/;;;;;;;;;;
Benoit concept piscine;41230 Gy-en-Sologne France;;;;;;;;;;;
Berry piscines;Cap Sud 27 Av. d'Occitanie 36250 Saint-Maur France;https://www.berrypiscines.fr/;;;;;;;;;;
Bf Piscines;11 Imp. des écureuils 31390 Carbonne France;;;;;;;;;;;
Bibliothèque Municipale;16 Av. de Tréville 64130 Mauléon-Licharre France;;;;;;;;;;;
Billegas Piscines - Spas Hammams et Saunas;4 Rue de la Madeleine 05000 Gap France;;;;;;;;;;;
Biondi piscines;258 Chem. de la Gaude 06140 Vence France;https://www.biondi-piscines.fr/;;;;;;;;;;
Bjpiscine;19 Rue de Bourgoin 38230 Tignieu-Jameyzieu France;;;;;;;;;;;
Bleu Piscine Service;19 Rue Galilée 17440 Aytré France;;;;;;;;;;;
Bleues Latitudes;195 route Jean et Henri Nougier 36 Lot. les Vergers Route Verquiéres 13670 Saint-Andiol France;https://www.facebook.com/bleueslatitudes;;;;;;;;;;
BLF Piscine;16 Lot. Les Allées de Pierre 33340 Lesparre-Médoc France;;;;;;;;;;;
BLOO PISCINE;7 Rue de la Victoire 01100 Oyonnax France;http://www.bloopiscine.regioland.com/fo/;;;;;;;;;;
Blue piscine;19 Rue des Pyrénées 66480 Maureillas-las-Illas France;;;;;;;;;;;
Blue wata services;26 Chem. Vieux 74200 Thonon-les-Bains France;;;;;;;;;;;
BMD ÉTANCHÉITÉ résine polyester;8 Rue de Prilly 30150 Roquemaure France;;;;;;;;;;;
Bmrt Piscine 83;171 Rue de Bayle 83140 Six-Fours-les-Plages France;https://bmrtpiscine83.fr/;;;;;;;;;;
BNHE Piscines Excellence / ALLIANCE PISCINES;14 Rue Roland Garros 86100 Châtellerault France;https://bnhe-piscinesexcellence.fr/;;;;;;;;;;
Bois des Soeurs - Parc Kévin Chavatte;Rue de l'Église 51400 Mourmelon-le-Grand France;;;;;;;;;;;
Bois du Caprice;4 Rte de Ouistreham 14970 Saint-Aubin-d'Arquenay France;;;;;;;;;;;
BONMATI;73 Chem. du Pigeonnier 13980 Alleins France;;;;;;;;;;;
BONNIN & CO - Piscines & SPAS Ribérac;4 Imp. du Puy E 24600 Ribérac France;https://sarl-bonnin.fr/;;;;;;;;;;
Bord de Marne;All. des Guinguettes 94340 Joinville-le-Pont France;;;;;;;;;;;
Bougandaz;J36V+7HV Zaouiat Cheikh Maroc;;;;;;;;;;;
Bouverans Piscines Services;53 Grande Rue 01370 Val-Revermont France;;;;;;;;;;;
BPR - Bruno Vie Piscines et rénovation de l'habitat;23 Rue de l'Oranger 11100 Narbonne France;https://www.facebook.com/bruno.vie11;;;;;;;;;;
BPS Piscines;290 Rue des Tanières 74890 Bons-en-Chablais France;;;;;;;;;;;
Brémarr-Services;613 Route du Canal 13370 Mallemort France;;;;;;;;;;;
Bretagne loisirs;st jean de Villenard 6 Rue du Nolf 56800 Ploërmel France;https://640ef15dc3a48.site123.me/;;;;;;;;;;
brun nicolas piscine rénovation;785 Rte des Semaises 38330 Montbonnot-Saint-Martin France;;;;;;;;;;;
Bruno net piscines;jardins du golf 574 Av. Gaston de Fontmichel 06210 Mandelieu-la-Napoule France;;;;;;;;;;;
Buthiers Piscine;73 Rue des Roches 77760 Buthiers France;https://www.buthiers.iledeloisirs.fr/piscine-et-jeux-deau-toboggans-centre-aquatique-detente/;;;;;;;;;;
C dans l'eau;6 bis lieu dit Marchand 33540 Coirac France;https://cdansleau.fr/;;;;;;;;;;
C.o.s.e.c;27 Rue Roger Salengro 08500 Revin France;;;;;;;;;;;
C.S MAMERS TENNIS DE TABLE;17 Rue de la Piscine 72600 Mamers France;;;;;;;;;;;
Cabane de rêve;Le Puech 15600 Montmurat France;http://www.cabanedereve.fr/;;;;;;;;;;
Cabinet Almouaraf Karima;;;;;;;;;;;;
Cabinet de kinésithérapie al Fath????? ????? ???????;??? 19 ???? Taourirt 65800 Maroc;;;;;;;;;;;
Cabinet de Kinésithérapie et Balnéothérapie;15 Chem. de la Bassaque 83136 Sainte-Anastasie-sur-Issole France;;;;;;;;;;;
Cabinet de kinésithérapie Imane sghuri;Pharamcie El farah Quartier el farah 353 Ben Guerir 43150 Maroc;;;;;;;;;;;
Cabinet EL KELAA de Kinésithérapie et Physiothérapie;3H6W+57P N30 Pole économique et social.près de la municipalité El Kelâa des Sraghna 43000 Maroc;;;;;;;;;;;
Cabinet Fatima Ezzahraa de kinésithérapie et physiothérapie;X9VV+QR8 Settat 26000 Maroc;https://sites.google.com/view/cabinetfz/accueil?authuser=3;;;;;;;;;;
Cabinet hafsa de kinésithérapie ????? ???? ??????? ?????;138 Rue Souk El-Tnin Oued Zem Maroc;;;;;;;;;;;
CADROPISCINE;21 Rue des Vanniers-Tournoly 44780 Missillac France;http://cadropiscine.fr/;;;;;;;;;;
caliceo;5 Rue de la Faisanderie 67380 Lingolsheim France;;;;;;;;;;;
Camourau;Rue de la Tour Saint-Jérôme 08210 Mouzon France;https://www.portesduluxembourg.fr/presentation-1;;;;;;;;;;
CAMT (Compagnie Azuréenne de Maintenance Technique);27 Chem. du Nid du Loup 06580 Pégomas France;http://www.camt.fr/?utm_source=gmb;;;;;;;;;;
Caniparc;10 Chem. du Ceinturon 34140 Mèze France;;;;;;;;;;;
CANSP;185 Av. de Fontainebleau 77310 Saint-Fargeau-Ponthierry France;http://cansp.fr/;;;;;;;;;;
Canyon des Gueulards;Ruisseau de Comberoufle France;;;;;;;;;;;
Canyoning découverte Ecrins Spéléo Canyon;05140 La Faurie France;https://ecrins-speleo-canyon.com/canyoning-gap-2/;;;;;;;;;;
Cap Bleu piscines & paysages;249 Imp. du Héron 38790 Charantonnay France;http://www.capbleupiscines.com/;;;;;;;;;;
Cap Découverte Parc anciennes mines;81450 Le Garric France;;;;;;;;;;;
CAP ÉVASION LOISIRS;217 Rte de Parigné sur Pôlin 72210 Roëzé-sur-Sarthe France;;;;;;;;;;;
Cap Silhouette Zen Center;3ème étage numéro 24 Fdala business center Bloc B Mohammédia 20800 Maroc;;;;;;;;;;;
Cap Sport Santé;3 Rue du Dr Louis Fournier 40500 Saint-Sever France;http://www.cap-ss.fr/;;;;;;;;;;
Cap-Naturo;7 Rue Noirot 70000 Vesoul France;http://www.cap-naturo.fr/;;;;;;;;;;
Capoolco;5 le cardo 62250 Marquise France;http://www.capoolco.fr/;;;;;;;;;;
Carré Bleu Valence;ZAC du Rousset 51 Rue du Vivarais 26320 Saint-Marcel-lès-Valence France;;;;;;;;;;;
Carré d’eau;14 Rue de l'Écrevisse 90140 Recouvrance France;https://www.facebook.com/carre.d.eau.2024;;;;;;;;;;
Casa Riviera Sport & Spa;18 Rue des Sources 92350 Le Plessis-Robinson France;https://www.casa-riviera.fr/;;;;;;;;;;
Cascade de Mézières sur Oise;Stade municipal de football 02240 Mézières-sur-Oise France;;;;;;;;;;;
Cascade de Montagna le reconduit;Rue du Château 39160 Montagna-le-Reconduit France;;;;;;;;;;;
Castel Adventure | Base de loisirs au Lac de Clarens à Casteljaloux;705 Chemin du lac 47700 Casteljaloux France;http://www.casteladventure.com/;;;;;;;;;;
CAVALIN GWENAEL;16 La Bordé 35600 Bains-sur-Oust France;https://www.piscinesbeton-paysderedon.fr/;;;;;;;;;;
CBM TERRASSEMENT PISCINE;7 Ham. des Rives d'Ariège 09700 Saverdun France;http://www.cbmpiscine.fr/;;;;;;;;;;
CCC COMPAGNIE ALLIANCE PISCINES ROUEN;LIEU-DIT ARCHES 76410 Tourville-la-Rivière France;https://www.alliancepiscines.com/magasin-piscine/ccc-compagnie;;;;;;;;;;
Ccril;652 Route de l'Église 27270 La Trinité-de-Réville France;;;;;;;;;;;
Ce n'est pas la fiche de la piscine de Villejuif;67 Rue Youri Gagarine 94800 Villejuif France;https://sortir.grandorlyseinebievre.fr/sport-et-loisirs/piscines/stade-nautique-youri-gagarine-villejuif;;;;;;;;;;
Cécile VANDER BORGHT;8 Rue des Écoles 51140 Muizon France;http://www.doctolib.fr/masseur-kinesitherapeute/muizon/cecile-vander-borght?utm_campaign=google-maps&utm_content=muizon&utm_medium=organic&utm_source=google&utm_term=masseur-kinesitherapeute;;;;;;;;;;
Ceilh'rando;Auberge de Lascours 34260 Ceilhes-et-Rocozels France;;;;;;;;;;;
CEIRANO PISCINES l Installation & Entretien - Lot (46);631 Av. de Belgique 46500 Gramat France;https://ceirano-piscines.fr/;;;;;;;;;;
Centre Atlantis d'Ugine - Arlysère;869 Av. Ernest Perrier de la Bathie 73400 Ugine France;https://espaces-aquatiques-arlysere.fr/;;;;;;;;;;
Centre Balnéaire Raoul Fonquerne;1 Chem. des Poules d'Eau 34200 Sète France;https://piscines.agglopole.fr/;;;;;;;;;;
Centre Balnéothérapie Les Atlantides O Club;4 Av. de Volos 72100 Le Mans France;https://www.oclub-lemans.fr/;;;;;;;;;;
Centre BOUSKOURA de Kinésithérapie et d'Amincissement;F85X+J64 Bouskoura Maroc;;;;;;;;;;;
Centre Cléopâtre Sport & Fitnesse;Rue Ibn Hazm Larache 92000 Maroc;https://centrecleopatrama.wixsite.com/siteofficial;;;;;;;;;;
Centre de Cupping Thérapie & Hijama Al Yassamine;N73Rue Ouad Eddahab Saada Safi 46000 Maroc;;;;;;;;;;;
Centre de Fitness Lombardia;V4W6+84W Rue Essahaba Khouribga Maroc;https://www.facebook.com/centrefitnesslombardiaspa/?locale=fr_FR;;;;;;;;;;
Centre de glisse de Santec - Rêves de Mer;585 Rue du Theven Bras 29250 Santec France;https://www.revesdemer.com/glisse/nos-etablissements/centre-nautique-de-santec/;;;;;;;;;;
Centre de Kinésithérapie et physiothérapie Biougra ???? ??????? ????? ??????;les chalets Avenue Hassan 2 Biougra Maroc;;;;;;;;;;;
Centre de kinésithérapie et physiothérapie tiznit - ???? ??????? ????? ??????? ????????? ??????;N 146 lot essaidia Tiznit 85000 Maroc;;;;;;;;;;;
Centre de la Thérapie Tit Mellil;TIT MELIL BD NAKHIL RUE ABDELKARIM FILLALI LOT AMAL 2 RES: FB N°39 Tit Mellil 29640 Maroc;;;;;;;;;;;
Centre de Loisirs;375 Rue du Général Alexandre de Beauharnais 41210 La Ferté-Beauharnais France;http://centreloisirs-fertebeauharnais.jimdo.com/;;;;;;;;;;
Centre de Loisirs des Hauts Gibets;Chem. des Hauts Gibets 92000 Nanterre France;;;;;;;;;;;
Centre de Loisirs La Plaine;Rue des Huleux 93240 Stains France;;;;;;;;;;;
Centre de Vacances IGESA;64 Rte de Postolonnec 29160 Crozon France;http://www.igesa.fr/;;;;;;;;;;
Centre DermaBen de Dermatologie Vénérologie Dr. Soufiane Bensallam;454 Ben Guerir Maroc;http://www.dermaben-drbensallam.ma/;;;;;;;;;;
Centre El Hatimi de Kinèsithèrapie ???? ??????? ??????? ?????;Numéro 7 rue ali Ibn Abi talib Safi 46000 Maroc;https://www.centreelhatimi.com/;;;;;;;;;;
Centre EL MAIZI de Kinésithérapie et Physiothérapie;Nr 04 Hay El Andalous 1 El Kelâa des Sraghna 43000 Maroc;;;;;;;;;;;
Centre Hudolia;70 Av. de Paris 91410 Dourdan France;https://www.vert-marine.com/hudolia/;;;;;;;;;;
Centre International de Rééducation et de Réhabilitation;Bureau n°15 4? étage Complexe Médical Lotissement Agdal Sidi Slimane 14200 Maroc;https://cirrss.ma/;;;;;;;;;;
Centre Kinature TAZA;"Boulevard Bir ANZARAN cité des T.P. Imm: ALIA ""B"" N: 1 Boulevard Bir Anzarane Taza Maroc";http://www.kinature.ma/;;;;;;;;;;
Centre Les Chéries;??????? ??????? ???? ??????? ??? ??????? ???? ???? ?????? ?????? Béni Mellal 23000 Maroc;https://www.instagram.com/les__cheries?igsh=MWM4bDA2eGxjcGl3Nw==;;;;;;;;;;
Centre ludo-sportif Les Hermines;Ronde de Vassivière 63610 Besse-et-Saint-Anastaise France;https://superbesse.com/activite/indoor-ete/;;;;;;;;;;
Centre maamoura des soins physiques;?????? 3? ????? ???? 6? ??? ??????? Kenitra 14000 Maroc;;;;;;;;;;;
Centre Merzouga de Hijama & Cupping Thérapie;1er étage Ex terrain d'aviation Bloc 3 N2 Taza 35000 Maroc;http://www.hijamataza.com/;;;;;;;;;;
Centre Nautique;Rue Saint-Jean 73700 Bourg-Saint-Maurice France;https://www.bourgsaintmaurice.fr/piscine;;;;;;;;;;
Centre Nautique;Av. Général Dupas 74500 Évian-les-Bains France;https://ville-evian.fr/fr/loisirs/piscine;;;;;;;;;;
Centre nautique;52 Av. des Sports 01210 Ferney-Voltaire France;https://www.ferney-voltaire.fr/decouvrir-et-sortir/sport/centre-nautique/;;;;;;;;;;
Centre Nautique;2 Rue du Commandant Mouchotte 71300 Montceau-les-Mines France;https://www.montceaulesmines.fr/centre-nautique/;;;;;;;;;;
Centre nautique - Les 3 Ilets;Av. des Sports 27500 Pont-Audemer France;https://www.ville-pont-audemer.fr/vivre-ici/sport/piscine/;;;;;;;;;;
Centre Nautique André Perrée;9 Rue du Stade 27300 Bernay France;http://www.bernaynormandie.fr/;;;;;;;;;;
Centre nautique Auguste Delaune;9 Rue Anselme 93400 Saint-Ouen-sur-Seine France;https://www.saint-ouen.fr/vie-quotidienne/sport/equipements-sportifs-municipaux/espace-nautique-auguste-delaune/;;;;;;;;;;
Centre Nautique Babylone;2 Rue du Podium 59650 Villeneuve-d'Ascq France;https://piscines.villeneuvedascq.fr/;;;;;;;;;;
Centre Nautique Ballastière;Rue du Dr Gaston Viville 57300 Hagondange France;;;;;;;;;;;
Centre Nautique Calypso;46 Rue Lavoisier 59290 Wasquehal France;http://www.sivu-thalassa.fr/;;;;;;;;;;
Centre Nautique de Givors;9 Rue Honoré Petetin 69700 Givors France;http://givors.fr/;;;;;;;;;;
Centre Nautique de l'Arrée;2 Croas Penn an Neac'h 29450 Commana France;https://www.cn-arree.org/;;;;;;;;;;
Centre Nautique de l'Ile Tudy;1 Rue des Mousses 29980 Île-Tudy France;https://www.centre-nautique-ile-tudy.fr/;;;;;;;;;;
Centre Nautique de Marçon;Espace de loisirs 72340 Marçon France;http://www.cvmarcon.fr/;;;;;;;;;;
Centre Nautique de Schiltigheim;9 Rue de Turenne 67300 Schiltigheim France;https://www.strasbourg.eu/lieu/-/entity/sig/401_SPO_2;;;;;;;;;;
Centre Nautique de Telgruc;31 Plage de Trez Bellec 29560 Telgruc-sur-Mer France;https://presquile-aventures.bzh/;;;;;;;;;;
Centre nautique du Val de Morteau;Le Clair 25500 Les Fins France;https://www.vert-marine.com/centrenautiqueduvaldemorteau/;;;;;;;;;;
Centre Nautique et école de voile;Centre nautique et école de voile lac de Madine 55210 Heudicourt-sous-les-Côtes France;https://lacmadine.com/activites/centre-nautique/;;;;;;;;;;
Centre Nautique et Espace Détente (Communauté d'Agglomération Sarreguemines Confluences);117 Av. de la Blies 57200 Sarreguemines France;https://www.agglo-sarreguemines.fr/centre-nautique-sarreguemines-confluences/;;;;;;;;;;
Centre Nautique Etienne Gagnaire;59 Av. Marcel Cerdan 69100 Villeurbanne France;http://www.villeurbanne.fr/fiche_contact.html?webcontact=122;;;;;;;;;;
Centre Nautique Fouesnant Cornouaille - site de Creac'h Gwen;129 Bd de Créac'h Gwen 29000 Quimper France;http://www.cnfc.fr/;;;;;;;;;;
Centre nautique Ile Napoléon Piscine;5 Rue de l'Industrie 68440 Habsheim France;https://www.mulhouse-alsace.fr/sports-loisirs/piscines-et-plan-deau/piscine-ile-napoleon-rixheim/;;;;;;;;;;
Centre nautique intercommunal;38 Bd de la Capelle 12400 Saint-Affrique France;https://www.comcom-sar7v.fr/?lang=6&gr=6500&th=6502&art=3617;;;;;;;;;;
Centre nautique intercommunal à Graçay;Chem. de Trompé Souris 18310 Graçay France;https://www.cc-vierzon.fr/sports-et-loisirs/piscine-intercommunale-a-gracay/;;;;;;;;;;
Centre Nautique Intercommunal André Chazalon;550 Rte du Centre de Gravenand 42800 Genilac France;http://www.piscinegier.org/;;;;;;;;;;
Centre nautique La Grande Planche;146 Rue Maurice Claret 45770 Saran France;https://www.saran.fr/le-centre-nautique;;;;;;;;;;
Centre Nautique la Richardais;13 Pass. Piqueriotte 35780 La Richardais France;https://www.ycsl.net/la-richardais;;;;;;;;;;
Centre Nautique La Vague;Av. d'Ours Mons 43000 Le Puy-en-Velay France;http://www.piscine-lavague.com/;;;;;;;;;;
Centre nautique Lino Refuggi;76 All. des Balmes 38600 Fontaine France;;;;;;;;;;;
Centre nautique Marlène Peratou;1 Rue Edouard Poisson 93300 Aubervilliers France;https://www.aubervilliers.fr/Centre-nautique?utm_source=gmb;;;;;;;;;;
Centre Nautique Paul Boyrie;1 Av. d'Altenkirchen 65000 Tarbes France;http://www.piscines.agglo-tlp.fr/horaires-paul-boyrie-de-tarbes;;;;;;;;;;
Centre Nautique Pierre de Coubertin;4 Rue Saint-Exupéry 68300 Saint-Louis France;https://www.agglo-saint-louis.fr/fr/sports-culture-tourisme/sports/etablissements-de-bains/centre-nautique/;;;;;;;;;;
Centre Nautique Pierre Mendès-France;33 Av. Pierre Mendès-France 69800 Saint-Priest France;https://ville-saint-priest.fr/sortir/sport/centre-nautique/;;;;;;;;;;
Centre Nautique Robert Sautin;148 Cr de Verdun 01100 Oyonnax France;http://www.hautbugey-agglomeration.fr/centre_nautique_intercommunal_oyonnax.html;;;;;;;;;;
Centre Nautique Roger Couderc;Rue François Gillet 42400 Saint-Chamond France;https://www.saint-chamond.fr/sport/le-centre-nautique-roger-couderc/;;;;;;;;;;
Centre nautique Roger-Lebas;49 Av. du Consul Général Nordling 93190 Livry-Gargan France;https://www.livry-gargan.fr/178/loisirs/sport/centre-nautique-roger-lebas.htm;;;;;;;;;;
Centre Nautique Thalassa;Bassin fermé (problème technique) Sauna/Hammam fermé 27 Rue de l'Epeule 59100 Roubaix France;http://www.sivu-thalassa.fr/;;;;;;;;;;
Centre Nautique Tony Bertrand;8 Quai Claude Bernard 69007 Lyon France;https://www.lyon.fr/lieu/piscines-dete-et-dhiver/centre-nautique-tony-bertrand-ex-piscine-du-rhone;;;;;;;;;;
Centre O’Family Marcq-en-Barœul;865 Av. de la République 59700 Marcq-en-Barœul France;https://o-family.fr/;;;;;;;;;;
Centre Omnisports Pierre de Coubertin (COS);10 Av. du Noyer Lambert 91300 Massy France;;;;;;;;;;;
Centre Provincial De Rééducation d' El Jadida;6FHQ+4R2 El Jadida 24000 Maroc;;;;;;;;;;;
Centre Roosevelt Épinal;Epinal FR 5 Le Champ Brocard 88000 Jeuxey France;https://centreroosevelt.com/roosevelt-epinal/;;;;;;;;;;
Centre Sportif;All. de l'Université 92000 Nanterre France;;;;;;;;;;;
Centre Sportif des Coquets;1 Rue du Dr Fleury 76130 Mont-Saint-Aignan France;;;;;;;;;;;
Centre Sportif Des Raguidelles;27 Rue des Tourneroches 92150 Suresnes France;https://www.gvsuresnes.com/horaires-et-lieux/;;;;;;;;;;
Centre Sportif du Wydad Athletic Club;88M2+68R Route de Bouskoura Oulad Salah 20000 Maroc;https://www.wydadac.ma/;;;;;;;;;;
Centre Sportif Ernest Chevreuil;Rte de Villaines 72140 Sillé-le-Guillaume France;https://www.sille-le-guillaume.fr/centre-sportif-ernest-chevreuil/;;;;;;;;;;
Centre Sportif Les Bruyères;79 Bd de la Paix 64000 Pau France;http://www.les-bruyeres.com/?utm_source=gmb;;;;;;;;;;
Centre Sportif M.Clavel;22 Rue Maurice Clavel 34200 Sète France;;;;;;;;;;;
Centre Sportif Pierre Brossolette;51 Av. Pierre Brossolette 94100 Saint-Maur-des-Fossés France;https://www.saint-maur.com/annuaires/annuaire-des-equipements/equipement-44/centre-sportif-pierre-brossolette-757;;;;;;;;;;
Centre Sportif Universitaire (CSU);430 Rue de la Passerelle 38400 Saint-Martin-d'Hères France;https://siuaps.univ-grenoble-alpes.fr/piscine-universitaire;;;;;;;;;;
Centre Tinghir Nature de Hijama;GFCC+8C9 Tinghir Maroc;;;;;;;;;;;
CentSens Massages bien-être;10 Rue de la Tour Maubourg 77350 Boissise-la-Bertrand France;https://liberlo.com/profil/lecointre-lecointre/;;;;;;;;;;
CEPS Dinan Armor Natation;Piscine des Pommiers Le Bourg 22100 France;http://www.dinan-agglomeration.fr/Culture-sport-loisirs/Piscines/Piscine-les-Pommiers-Lehon;;;;;;;;;;
Cercle Nautique;Centre nautique Av. de la Blies 57200 Sarreguemines France;https://sarreguemines-natation.fr/;;;;;;;;;;
Cercle Nautique de Saint-Avold;Rue de la Piscine 57500 Saint-Avold France;;;;;;;;;;;
Cercle Nautique De Soisy Sur Seine;1 Rue du Port 91450 Soisy-sur-Seine France;https://cnsoisy.assoconnect.com/page/2246442-presentation;;;;;;;;;;
CF PISCINES;9 Rue de la Liberté 24400 Saint-Médard-de-Mussidan France;;;;;;;;;;;
CFTP I Constructeur de piscine et travaux publics;Le Bouissou 12390 Auzits France;https://www.cftp-piscines-tp.fr/;;;;;;;;;;
Chalet Hautes Vosges Le Meixzoté Sauna privé;20 Rte de Xoarupt 88360 Ferdrupt France;http://www.la-clairiere-inattendue.fr/;;;;;;;;;;
Chalet Ibaia - Location de chalet avec vue et piscine au Pays Basque;Camping Xapitalia Domaine Etchelia 115 Chem. de Xixtartegia 64240 Hasparren France;https://www.chalet-ibaia.com/;;;;;;;;;;
Chalet LE LYNX 8 Personnes Piscine privée intérieure sauna;10 Rte de Linqueny 88360 Ferdrupt France;http://www.la-clairiere-inattendue.fr/;;;;;;;;;;
Chalet L'hermine et Spa;1555 Rte de Vercland 74340 Samoëns France;http://lherminesamoens.fr/;;;;;;;;;;
Chalet Luxe La Clairière Inattendue Hautes Vosges;8 Chem. de Linqueny 88360 Ferdrupt France;http://www.la-clairiere-inattendue.fr/;;;;;;;;;;
Chalet Vé La Jeanne: location chalet de vacances à la montagne avec sauna et jacuzzi (Haute Savoie);1159 Rte du Col de la Croix Fry 74230 Manigod France;https://chaletvelajeanne.wixsite.com/chalet;;;;;;;;;;
Chalets les ecureuils;Chalet les Ecureuils 73300 Albiez-Montrond France;http://chaletlesecureuils73.com/?utm_medium=referral&utm_source=gmb&utm_campaign=lnk-gmb;;;;;;;;;;
Champigneulles Parc du Château;54250 Champigneulles France;https://autour-de-moi.pro/fiche/champigneulles-parc-du-chateau/;;;;;;;;;;
Charme et Spa;1 Rue des entrepreneurs 37390 La Membrolle-sur-Choisille France;;;;;;;;;;;
Château de Pupetières;100 Rte de Virieu 38690 Châbons France;https://pupetieres.jimdofree.com/;;;;;;;;;;
Chemin de randonnée Cascades du verdouble;11350 Duilhac-sous-Peyrepertuse France;;;;;;;;;;;
Christophe technicien piscine;Rue Jeannot De Legue 33720 Landiras France;https://m.facebook.com/christophetechnicienpiscine/;;;;;;;;;;
CIDEM POSEUR DE PISCINE;5 Bd Hanauer 67500 Haguenau France;;;;;;;;;;;
Cité des Sports;19-15 Rue Amédée Prouvost 59100 Wattrelos France;;;;;;;;;;;
Citélium;La Moiserie 02400 Château-Thierry France;http://www.complexe-citelium.fr/;;;;;;;;;;
CITÉSPORTS;Académie Militaire des Sports de la Défense Rue des Archives 77300 Fontainebleau France;http://www.citesports.fr/;;;;;;;;;;
City Stade;84840 Lapalud France;http://www.mairie-lapalud.fr/;;;;;;;;;;
Cityparc;1 D9 51230 Faux-Fresnay France;;;;;;;;;;;
CL composites;6 30510 Générac France;;;;;;;;;;;
Clairvaux-les-lacs Aventure et Village des écureuils;Rte de Saint-Claude 39130 Clairvaux-les-Lacs France;https://www.jura-accro-loisirs.fr/;;;;;;;;;;
clean pool piscines;44 Route du Retou 47180 Meilhan-sur-Garonne France;;;;;;;;;;;
Cleanpiscine;17550 Dolus-d'Oléron France;;;;;;;;;;;
Clerc Agencements;Clerc Agencement 4 Au Moulin Maugain 25300 La Cluse-et-Mijoux France;http://www.clerc-agencements.fr/;;;;;;;;;;
CLIMOCLAIRE;102 Rue Georges Clemenceau 45500 Gien France;;;;;;;;;;;
CLUB belinann;3 Rue de la Découverte 77600 Chanteloup-en-Brie France;http://www.clubbelinann.fr/;;;;;;;;;;
Club de plage des Dunes;Rue de Roch Gwen 22710 Penvénan France;;;;;;;;;;;
Club des Dauphins;32 Av. de la Mer 50270 Barneville-Carteret France;;;;;;;;;;;
Club des sports Rimberlieu;1 All. de la Chebeaude 60150 Villers-sur-Coudun France;;;;;;;;;;;
Club Difaa Hassani Jadidi;6GV4+5R6 Club HOUSE Avenue Baghdad El Jadida 24000 Maroc;https://www.instagram.com/dhj.officiel?igsh=ZDY3b2FyN29ueTFv;;;;;;;;;;
Club Fitneo - Roscoff;16 Rue Victor Hugo 29680 Roscoff France;http://www.clubfitneo.com/;;;;;;;;;;
Club Nautique Cléderois;plage des Amiets 4 Hent an Enez 29233 Cléder France;https://clubnautiquecleder.jimdofree.com/;;;;;;;;;;
Club Nautique de Sevran;14 Chem. de la Mare aux Poutres 93270 Sevran France;http://www.clubnautiquedesevran.com/;;;;;;;;;;
Club Nautique De Trevoux;11 Grande Rue 01600 Trévoux France;https://www.clubnautiquetrevoux.com/;;;;;;;;;;
Club Nautique du Pays d'Aurillac CNPA;Puech des Ouilhes 15150 Lacapelle-Viescamp France;http://www.cnpa-ecoledevoile.fr/;;;;;;;;;;
Club Nautique Ecouflant;8 Rue de l'Île Saint-Aubin 49000 Écouflant France;https://www.kayakecouflant.fr/;;;;;;;;;;
Club Nautique Havrais;31 Bd Clemenceau 76600 Le Havre France;http://www.cnhavrais.com/;;;;;;;;;;
Club Nautique Naussac Langogne;Lac de Naussac 48300 Langogne France;;;;;;;;;;;
Club Nautique Saint-Jean-de-la-Ruelle;2 Rue Geneviève de Gaulle-Anthonioz 45140 Saint-Jean-de-la-Ruelle France;https://www.ville-saintjeandelaruelle.fr/vivre-habiter-et-sortir/sport/les-equipements-sportifs/171-centre-aquatique-les-corbolottes;;;;;;;;;;
Club sportif Tit-mellil - ONDA;HGWM+82X Casablanca Maroc;;;;;;;;;;;
CMPCE;22 Imp. de la Voie Ferrée 24360 Varaignes France;https://cmpce.piscine.fr/;;;;;;;;;;
COCKTAIL PISCINE;14 Rue Topaze 26320 Saint-Marcel-lès-Valence France;http://www.cocktailpiscine.com/;;;;;;;;;;
Cocoon Garden;4 Rte de Grossereix 87280 Limoges France;https://www.cocoon-garden.com/;;;;;;;;;;
Coeur de Nature : Local & Cosmétics Products;N Cite 17 Rue 373 Agadir 80000 Maroc;http://coeur2nature.com/index.php?fbclid=IwAR1RCc_WMglduPfJ6gZyvo0zsPs30JvrCQurmPwGavqx8WfedxomR4VyAyM;;;;;;;;;;
Coin baignade;Gué de Piquecos Pass. du Gué 82130 Piquecos France;;;;;;;;;;;
Colorado du bitcherland;3 Rue du Rocher 57230 Roppeviller France;;;;;;;;;;;
Com.Sports;Rue Gambetta 80800 Corbie France;;;;;;;;;;;
COM.SPORTS;10 Rue du Général Leclerc 77170 Brie-Comte-Robert France;https://www.groupecomsports.com/;;;;;;;;;;
Combe à la Serpent;2 Les Hautes Plates 21160 Corcelles-les-Monts France;;;;;;;;;;;
Communauté Com Rhône Crussol;20 Quai du Rhône 07500 Guilherand-Granges France;;;;;;;;;;;
Communauté Communes du Pithiverais;Rue Gabriel Lelong 45300 Pithiviers France;;;;;;;;;;;
Communauté de Communes du Canton de Vitteaux;Camping Municipal Av. Carnot 21350 Vitteaux France;;;;;;;;;;;
Commune de Langeais Piscine municipale (Piscine);Rue de Tours 37130 Langeais France;https://langeais.fr/culture-et-loisirs/faire-du-sport/equipements-sportifs/;;;;;;;;;;
Commune de Vizille;91 Rue Eugène Bethoux 38220 Vizille France;;;;;;;;;;;
Compagnie Fermière Des Grands Bains;Rte des Bains 05220 Le Monêtier-les-Bains France;;;;;;;;;;;
Complexe d’Entraînement Sportif International La Cité Verte;Place de Tordesillas 40700 Hagetmau France;http://www.complexe-sportif-hagetmau.fr/;;;;;;;;;;
Complexe de Bernadou;738 Chem. de Lisar 31340 Villemur-sur-Tarn France;https://www.complexedebernadou.com/;;;;;;;;;;
Complexe Élégance : Hammam Douche Sauna & Coiffure;M3RQ+637 Oujda Maroc;https://www.complexeelegance.com/;;;;;;;;;;
Complexe gymnastique Tit Mellil;HG3V+2MV Tit Mellil Maroc;;;;;;;;;;;
Complexe Icéo;1400 Rue Roger Martin du Gard 62100 Calais France;http://www.grandcalais.fr/complexe-iceo/;;;;;;;;;;
Complexe Nautique de la Source;Rue de Beaumarchais 45100 Orléans France;https://www.orleans-metropole.fr/sport/etablissements-et-lieux-de-pratique/le-complexe-nautique-de-la-source;;;;;;;;;;
Complexe Nautique de Saint-Avold;Rue de la Piscine 57500 Saint-Avold France;https://casas57.fr/nos-competences/tourisme/complexe-nautique/;;;;;;;;;;
Complexe Nautique du Front de Mer;Prom. des Planches 14360 Trouville-sur-Mer France;https://www.trouvillesurmer.org/loisirs/piscine-municipale-de-trouville-sur-mer/;;;;;;;;;;
Complexe Piscine Loisirs intercommunal La Bresse;2A Rue des Proyes 88250 La Bresse France;https://www.cchautesvosges.fr/vivre/sport-et-loisirs/piscines;;;;;;;;;;
Complexe Raha;Zaïo Maroc;;;;;;;;;;;
Complexe Riad;Oulad Teima 83004 Maroc;;;;;;;;;;;
"Complexe Sportif ""Les Chataigniers""";72470 Saint-Mars-la-Brière France;http://www.saint-mars-la-briere.fr/gymnase/;;;;;;;;;;
Complexe Sportif / Piscine - Pyrénées Catalanes;Lieu-dit Lô Tord 66210 Matemale France;;;;;;;;;;;
Complexe Sportif André Roche;29 Avenue du Dr François Arnaud 92170 Vanves France;https://www.vanves.fr/sports/equipements-sportifs/parc-des-sports-andre-roche-514.html;;;;;;;;;;
Complexe sportif Athéna;Rue Pasteur 35530 Servon-sur-Vilaine France;;;;;;;;;;;
Complexe Sportif Biascamano;Bd Joliot Curie 34200 Sète France;;;;;;;;;;;
Complexe Sportif David Douillet de Savigny;1 All. Georges Clemenceau 91600 Savigny-sur-Orge France;http://www.savigny.org/spip.php?rubrique32;;;;;;;;;;
Complexe Sportif de La Monnerie;All. des Fromenteaux 72200 La Flèche France;https://www.ville-lafleche.fr/point-d-interet/complexe-sportif-de-la-monnerie/;;;;;;;;;;
Complexe Sportif de La Mothe-Saint-Héray;Les Champs du Parc 79800 La Mothe-Saint-Héray France;https://www.melloisenpoitou.fr/;;;;;;;;;;
Complexe Sportif de la Vallée de la Hem;Le Bas Ecambre 62890 Tournehem-sur-la-Hem France;http://complexe-hem-caso.gaqo.net/;;;;;;;;;;
Complexe sportif de la varenne;60 La Martinique 76680 Saint-Saëns France;;;;;;;;;;;
Complexe Sportif de l'Hippodrome;27 Av. du Casino 69890 La Tour-de-Salvagny France;http://www.salvagny.org/;;;;;;;;;;
Complexe Sportif de Mercières;2 Rue Jacques Daguerre 60200 Compiègne France;http://www.mairie-compiegne.fr/;;;;;;;;;;
Complexe Sportif de Oued Zem;VC9C+722 Rue d'agadir Oued zem Oued Zem Maroc;;;;;;;;;;;
Complexe Sportif de Puyguillen;872 Pl. de Puyguillen 16600 Ruelle-sur-Touvre France;http://complexe-de-puyguillen.lany.io/;;;;;;;;;;
Complexe Sportif de Thierville;Av. de l'Étang Bleu 55840 Thierville-sur-Meuse France;http://complexe-de-thierville.paqe.io/;;;;;;;;;;
Complexe Sportif de Volvic;29 Rte de Marsat 63530 Volvic France;;;;;;;;;;;
Complexe sportif des Etournelles;210 Rte des Etournelles 01200 Valserhône France;;;;;;;;;;;
Complexe sportif des Vaupiannes;68 Chem. des Sports 30340 Saint-Privat-des-Vieux France;http://www.ville-st-privat-des-vieux.com/;;;;;;;;;;
Complexe sportif du Closelet;Rte de Gallardon 28230 Épernon France;;;;;;;;;;;
Complexe sportif du Fair Play de Joinville;Rue des Coquelicots 52300 Joinville France;https://www.ccbjc.fr/;;;;;;;;;;
Complexe sportif et culturel Métiss' Âges;16 Rue Jean Monnet 77600 Bussy-Saint-Georges France;;;;;;;;;;;
Complexe Sportif et Stade Nautique Jean Bouin;1 Pl. Nathalie Lemel 77176 Savigny-le-Temple France;https://sortir.grandparissud.fr/equipements/complexe-sportif-et-stade-nautique-jean-bouin;;;;;;;;;;
Complexe sportif François Pons;17 Rte de Chapet À Vernouillet 78480 Verneuil-sur-Seine France;;;;;;;;;;;
Complexe Sportif Gilbert Rabineau;1 Rue Armand Brousse 49610 Saint-Melaine-sur-Aubance France;;;;;;;;;;;
Complexe sportif Julien Crespo;14 Av. de la Gare 78740 Vaux-sur-Seine France;;;;;;;;;;;
Complexe Sportif Le Pré aux Oies;8 Av. de la Gare 44470 Mauves-sur-Loire France;http://www.mauvessurloire.fr/complexe-sportif-du-pre-aux-oies/;;;;;;;;;;
Complexe sportif Lussac-les-Châteaux;3 Av. de Ham-sous-Varsberg 86320 Lussac-les-Châteaux France;;;;;;;;;;;
Complexe sportif Maurice Solleret (COSEC);61 Rue de Chanteloup 78510 Triel-sur-Seine France;https://www.triel-sur-seine.fr/annuaire/1144/1867-cosec.htm;;;;;;;;;;
Complexe Sportif Municipal René Magnac;131 Av. de Mazargues 13008 Marseille France;;;;;;;;;;;
Complexe Sportif Pierre Davezies;Route de Morlaàs 64450 Navailles-Angos France;;;;;;;;;;;
Complexe sportif Porte du Pilat (ancien gymnase Le rabelais);30 Rue Victor Hugo 42500 Le Chambon-Feugerolles France;;;;;;;;;;;
Complexe Sportif Riaillé;SALLE DE SPORT 44440 Riaillé France;;;;;;;;;;;
Complexe Sportif Universitaire Les Océanautes;32 Rue de Verdun 54000 Nancy France;https://sport.univ-lorraine.fr/;;;;;;;;;;
Composite Industrie de Touraine;Le Petit Souper 36110 Vineuil France;http://www.generationpiscine.com/;;;;;;;;;;
COMPTOIR DE LA PISCINE ARCANGUES;8 ZA de Planuya 64200 Arcangues France;;;;;;;;;;;
Concept 83;26 Rue Georges Bizet 13127 Vitrolles France;;;;;;;;;;;
Concept Water - Ozéo Perpignan;1 Rue Charles Cros 66200 Elne France;https://ozeo-piscines.fr/produits-piscines/;;;;;;;;;;
CONCEPT77PISCINE;57 Av. de Verdun 77470 Trilport France;;;;;;;;;;;
Concept'O;2 Chem. du Bouchet 38110 Cessieu France;;;;;;;;;;;
Confort Plein Air;38 Rue des Epoux Contoux 03400 Yzeure France;;;;;;;;;;;
Confort Plein Air- Chappes (63);2 Rue de Champ Roche 63720 Chappes France;https://confortpleinair.com/;;;;;;;;;;
Corniche de Nador;15 Ave Mohamed V Nador Maroc;;;;;;;;;;;
Corniches Du Vallon;12330 Salles-la-Source France;;;;;;;;;;;
CORREZE PISCINE;7 Av. de Clermont 19200 Ussel France;;;;;;;;;;;
corse piscine & spa;12 Zone Industrielle de Travo 20240 Ventiseri France;http://corsespas.com/;;;;;;;;;;
corse-entretien-piscine;La 20144 Zonza France;;;;;;;;;;;
Corsicacqua;strada d a 643 Capanella 20243 Prunelli-di-Fiumorbo France;;;;;;;;;;;
Cosec;Rue de la Promenade du Parc 10140 Vendeuvre-sur-Barse France;;;;;;;;;;;
Cosec Marcel Poinsot;20 Rue Général Leclerc 88700 Rambervillers France;;;;;;;;;;;
COSYSWIM - COURS NATATION A DOMICILE - BEBES NAGEURS - PERPIGNAN NORD 66;3 Av. Alfred Sauvy 66600 Rivesaltes France;https://www.cosyswim.fr/;;;;;;;;;;
Côte & Sport 360;1320 Rue du Trinvil 80880 Saint-Quentin-la-Motte-Croix-au-Bailly France;https://www.cotesport360.fr/;;;;;;;;;;
Côté Piscine;5 Av. des Alpes 04600 Château-Arnoux-Saint-Auban France;;;;;;;;;;;
Couleur Fond Piscine Sabrina;1 Rte de Cerveloup 38210 Vourey France;;;;;;;;;;;
COULEURS PISCINES;246 All. de Provence 84210 Pernes-les-Fontaines France;https://www.instagram.com/couleurs_piscines?igsh=MXNsbGg4aTYzYW81MA==;;;;;;;;;;
COURS DE NATATION MS;49 Av. du Consul Général Nordling 93190 Livry-Gargan France;;;;;;;;;;;
Cours de natation Sarzeau Vannes;Chem. du Feunteunio 56370 Sarzeau France;;;;;;;;;;;
COUZÉ'O;5 Allée Didier Ruiz 49070 Beaucouzé France;http://www.couzeo.fr/;;;;;;;;;;
CPIE Haut Doubs;8 Rue Charles le Téméraire 25560 La Rivière-Drugeon France;http://www.cpiehautdoubs.org/;;;;;;;;;;
Creanova piscines;1588 Av. du Général de Gaulle 83300 Draguignan France;https://creanovapiscines.com/;;;;;;;;;;
Creapiscines;8 rue de la terre noble 69126 Brindas France;https://www.instagram.com/crea.piscines/profilecard/?igsh=MW5lMmthZjBmb3BxNg==;;;;;;;;;;
Creation Nath;18 Rue des Hôpitaux 77260 Ussy-sur-Marne France;https://www.creationnath.fr/?utm_source=google&utm_medium=wix_google_business_profile&utm_campaign=6270757265287677509;;;;;;;;;;
Créative Construction Piscines & Spas;Zone industrielle de Felet 63300 Thiers France;https://www.pisciniste-63.fr/?utm_medium=referral&utm_source=gmb&utm_campaign=lnk-gmb;;;;;;;;;;
Créquy;6 Rue Paul Valéry 33660 Saint-Seurin-sur-l'Isle France;;;;;;;;;;;
Crescend'eau;11 Av. du Maréchal Juin 16340 L'Isle-d'Espagnac France;;;;;;;;;;;
Crocodil's Servian Beziers;Zone d'aménagement concerté La Baume 34290 Servian France;https://www.crocodils.com/;;;;;;;;;;
Cs2p;49 bis Rte de Frouzins 31120 Roques France;;;;;;;;;;;
C'Sport'Santé;670 Rte de la Tune 12230 La Cavalerie France;https://www.csportsante.com/?utm_source=google&utm_medium=wix_google_business_profile&utm_campaign=16227050951857432651;;;;;;;;;;
CTS PISCINES;La Gare 38840 Saint-Hilaire-du-Rosier France;;;;;;;;;;;
Cycl'en Spa;1 Chem. des Douaniers 78240 Chambourcy France;http://www.cyclenspa.fr/;;;;;;;;;;
Dallet - Toboggans et jeux d'eau;Rue Sentiers de Beauvais 80700 Beuvraignes France;https://www.dallet.fr/;;;;;;;;;;
Danialand;C9Q8+M5V Agadir 80000 Maroc;https://danialand.com/;;;;;;;;;;
Dar Irrachaka : Beauté & Spa;XWQP+QV7 Bd Hassan II Guelmim 81000 Maroc;;;;;;;;;;;
Davez' Parc;Imp. des Fonds 07430 Davézieux France;;;;;;;;;;;
David Lloyd Veigy;740 Rte des Plantets 74140 Veigy-Foncenex France;https://www.davidlloyd.fr/fr-fr/clubs/veigy/?utm_source=google&utm_medium=places&utm_campaign=LPM_veigy%2F&y_source=1_OTEzMzc4MDQtNzE1LWxvY2F0aW9uLndlYnNpdGU%3D;;;;;;;;;;
David maître nageur;Mûriers 20243 Prunelli-di-Fiumorbo France;https://casabalma.fr/bien-etre-corse/david-maitre-nageur-sauveteur/;;;;;;;;;;
d'Azémar de Fabrègues;1 Route de Montfort 64190 Gestas France;;;;;;;;;;;
DCA piscine;3 Imp. Bel Air 85310 Rives de l'Yon France;;;;;;;;;;;
De la piscine au jardin;56 Rte de Castelnaudary 31250 Revel France;https://www.piscine-au-jardin.fr/;;;;;;;;;;
De Novais Construction Piscines;5 Rue de l'Église 64150 Pardies France;https://www.de-novais-construction-piscine.fr/;;;;;;;;;;
Dépannage Piscine 24h / 24h EI MARTINEZ;Chem. du Cros d'Enfer 84800 L'Isle-sur-la-Sorgue France;;;;;;;;;;;
Des parcs;Rte de Deauville 14100 Ouilly-le-Vicomte France;http://lemanoirdesparcs.fr/;;;;;;;;;;
Design Piscine;19 Kervouzere 22290 Pludual France;https://www.designpiscine.fr/?utm_source=gmb;;;;;;;;;;
Design Pool and Spa;91 Rue des Forboeufs 95280 Jouy-le-Moutier France;;;;;;;;;;;
Design signature piscine Roanne;33 All. des Bleuets 42155 Pouilly-les-Nonains France;https://www.design-signature-piscine.fr/;;;;;;;;;;
Design’piscines;6 Rue Lehmgrube 67370 Wintzenheim-Kochersberg France;;;;;;;;;;;
DesignPool;19 Av. de la Gare 78310 Coignières France;http://www.designpool.fr/;;;;;;;;;;
Désirs D’orient;678 metaa Rue Ouled Aliyane Rabat Maroc;;;;;;;;;;;
DESJOYAUX;10 Rue d'Hersigny 08230 Rocroi France;https://www.desjoyaux.fr/;;;;;;;;;;
DESJOYAUX JDLT PISCINES;Rue Edouard Isambard 27120 Pacy-sur-Eure France;https://www.desjoyaux.fr/boutiques-desjoyaux/27120--pacy-sur-eure/;;;;;;;;;;
DÉVILLE PISCINE;81 Av. Général de Gaulle 09300 Lavelanet France;;;;;;;;;;;
Devis Piscine Tours – Experts Locaux;19 BIS Rue des Montapins 58000 Nevers France;;;;;;;;;;;
DIAGPOOL;5 Rte de Grange l'Évêque 10180 Saint-Lyé France;http://diagpool.fr/;;;;;;;;;;
Diamant Blanc Spa;9 Rue D'lrak Essaouira 44000 Maroc;;;;;;;;;;;
DID POOL;Chem. de la Chapelle Saint-Antoine 06130 Grasse France;;;;;;;;;;;
Dinard Municipal Swimming Pool;4 Prom. des Alliés 35800 Dinard France;http://www.ville-dinard.fr/contacts/piscine-2/;;;;;;;;;;
Direct'Spa 86 : jacuzzis extérieurs et Spas Poitiers;60 Rue du Vercors 86240 Fontaine-le-Comte France;https://www.directspa.fr/;;;;;;;;;;
Diskoov - Couvertures de Piscines Motorisées;494 Rue Léon Blum Diskoov 34000 Montpellier France;https://diskoov.fr/;;;;;;;;;;
Distributeur Viskan Spas;Zone artisanale du coq chantant 2 Les Huit Cures 60270 Gouvieux France;;;;;;;;;;;
Domaine de Bois-Héroult (ISMH);400 Rue du Château 76750 Bois-Héroult France;http://www.domaine-de-boisheroult.fr/;;;;;;;;;;
Domaine de Charance;05000 Gap France;;;;;;;;;;;
Domaine de Marlioz;111 Av. de Marlioz CS 50146 73100 Aix-les-Bains France;http://www.domainedemarlioz.com/;;;;;;;;;;
Domaine de Montéclin;Rd 53 91570 Bièvres France;http://www.domaine-de-monteclin.fr/;;;;;;;;;;
Domaine de Serraval;1164 CR des Frasses À la Sauffaz 74230 Serraval France;https://domainedeserraval.com/;;;;;;;;;;
Domaine de Watissart;Unnamed Road 59460 Jeumont France;http://www.watissart.com/;;;;;;;;;;
Domaine départemental de Chamarande;52 Rue du Commandant Maurice Arnoux 91730 Chamarande France;https://chamarande.essonne.fr/;;;;;;;;;;
Domaine Départemental Gérard Lagors;33125 Hostens France;http://www.gironde.fr/jcms/c_16687/infos-pratiques-contact-et-acces;;;;;;;;;;
Domaine des Olivettes;34320 Vailhan France;;;;;;;;;;;
Domaine du Lac;13310 Saint-Martin-de-Crau France;http://www.apasmc.com/;;;;;;;;;;
Domaine du seuil - Location Grande Maison avec Piscine Chauffée - Séjour de Groupe au Calme 71 Saône-et-Loire Bourgogne;17 Le Seuil 71600 Volesvres France;https://www.domaineduseuil.fr/;;;;;;;;;;
Doscasa;941 Maison Neuve 16410 Vouzan France;;;;;;;;;;;
Douche Hammam Ahrik;JPG8+GXC enface douche avenue soja Martil Maroc;;;;;;;;;;;
DPIE;10 Chem. du Pastel 81500 Teulat France;;;;;;;;;;;
Dr. Pierre Ricaud;;https://www.ricaud.com/fr-fr/;;;;;;;;;;
DT-Liner;29 Rue de la Fonderie 51170 Fismes France;https://www.dt-liner.fr/;;;;;;;;;;
Dufaud Piscine Bourg en Bresse;110 Rte de Montluel 01960 Péronnas France;https://dufaudpiscines.com/;;;;;;;;;;
Dumas;300 Rue de la Luzette 34570 Vailhauquès France;;;;;;;;;;;
Dumery Piscine;1761 Rte d'Orléans 45400 Chanteau France;https://dumerycreation.fr/terrasse-piscine-loiret.html;;;;;;;;;;
Durance Nautique;7 rue de la Durance 04290 Volonne France;http://www.durancenautique.com/;;;;;;;;;;
Dynamic spa;3 bis Rue de Saint-Cyr 91660 Le Mérévillois France;https://www.dynamicspa.fr/;;;;;;;;;;
E.M.A - COYCO J.H (Entretien de piscine dans le medoc);7 Rue de la Place 33340 Saint-Germain-d'Esteuil France;https://coyco-medoc-piscine.fr/;;;;;;;;;;
E2M Bleu-Passion;38 Chem. du Petit Bois 33360 Lignan-de-Bordeaux France;http://www.e2mbleupassion.fr/;;;;;;;;;;
Easy Piscine 33;7 Rue Becquerel 33160 Saint-Médard-en-Jalles France;http://www.easy-piscine33.fr/;;;;;;;;;;
EASY POOL;Chem. des Laugiers 83210 Solliès-Pont France;;;;;;;;;;;
easyliner54;26 Lot. Le Paradis 54980 Batilly France;;;;;;;;;;;
Eau & Plaisir DAX;35 Rte de la Parcelle 40100 Dax France;http://eauetplaisir.fr/;;;;;;;;;;
Eau BN Piscines/ PVC armé;Chemin de la colle et Barlaban 04300 Forcalquier France;http://eau-bn-piscine.fr/;;;;;;;;;;
EAU CONCEPT PISCINE - EAU CONCEPT DEVELOPPEMENT;155 All. des Caillotières 69400 Gleizé France;;;;;;;;;;;
Eau et Forme;Chem. aux Bœufs 78121 Crespières France;http://www.eauetforme.fr/;;;;;;;;;;
EAU Luxe;le bourg 24300 Nontron France;;;;;;;;;;;
EAU PLAISIR;123 Rte de Briare 45500 Gien France;http://www.eau-plaisir.com/;;;;;;;;;;
Échappée des 1000 étangs;D266 70310 Faucogney-et-la-Mer France;https://www.les1000etangs.com/;;;;;;;;;;
Echologia Mon Natur'Eau Parc;Bas Barbe 53950 Louverné France;http://www.echologia.com/;;;;;;;;;;
Éco Piscine;8 All. du Rieu Pourquie 34600 Hérépian France;https://ecopiscineoccitanie.fr/;;;;;;;;;;
Ecole de natation FLOTTIBULLE;Complexe sportif 56410 Étel France;https://www.flottibulle.fr/;;;;;;;;;;
école de natation FLOTTIBULLE;60 Rue des Sports 56550 Belz France;https://www.flottibulle.bzh/;;;;;;;;;;
Ecole de natation Sarzeau La Petite Mer;28 Rue Pont Neui 56370 Sarzeau France;http://www.ecolenatationlapetitemer.com/;;;;;;;;;;
École de natation Swim Stars I Lyon 9 Vaise;Le Pôle Santé Kine Sport 30 Rue Berjon 69009 Lyon France;https://go.swimstars.co/lyon;;;;;;;;;;
École de Surf de Bretagne Kloar;Plage du Kerou 12 Rue du Kerou 29360 Clohars-Carnoët France;https://esbclohars.wixsite.com/coursdesurfbretagne;;;;;;;;;;
Ecole du Ski Français (ESF) Montgenèvre;Espace Prarial 320 Rte d'Italie Espace Prarial 05100 Montgenèvre France;http://www.esf-montgenevre.com/;;;;;;;;;;
Ecopiscine 38;67 Chem. des Pâquerettes 38480 Le Pont-de-Beauvoisin France;;;;;;;;;;;
ECOPISCINES - Hauts-de-France;Rue des Molettes Bâtiment EQUIDESTOCK 59286 Roost-Warendin France;https://www.ecopiscines.fr/;;;;;;;;;;
ED Services;3 Av. Claude Vignon 06230 Saint-Jean-Cap-Ferrat France;https://ed-services.fr/;;;;;;;;;;
Eden Pool;1469 Av. de la Résistance 40990 Saint-Paul-lès-Dax France;;;;;;;;;;;
EdenSpa Aix;Espace commercial du moulin 1652 Av. Paul Jullien 13100 Le Tholonet France;https://www.edenspashowroom.fr/;;;;;;;;;;
edes solutions;19 Rue de la Butte aux Loups 91410 Roinville France;https://www.edes-solutions.fr/?utm_source=google&utm_medium=wix_google_business_profile&utm_campaign=8612579617706879706;;;;;;;;;;
Egocentrik;78 Av. Verdier 92120 Montrouge France;http://www.egocentrik.fr/;;;;;;;;;;
EL PISCINES;Rue de la Touche 37800 Noyant-de-Touraine France;;;;;;;;;;;
ELEGANCE PISCINES ET PVC;Pl. de Verdun 69590 Saint-Symphorien-sur-Coise France;https://www.facebook.com/profile.php?id=61582519227911;;;;;;;;;;
Elips;mairie 14130 Saint-André-d'Hébertot France;;;;;;;;;;;
ELIPS;Imp. Lavoisier 14130 Pont-l'Évêque France;https://www.elips14.fr/;;;;;;;;;;
Émeraude;84 Rue du Gauche Pied 59600 Maubeuge France;;;;;;;;;;;
EMRH Piscines;138 Rue Pasteur 02300 Chauny France;http://www.alliancepiscines.com/?utm_source=gmb;;;;;;;;;;
ENDORPH'IN;7 Rue de Sologne 03360 Saint-Bonnet-Tronçais France;http://www.endorphin03.com/;;;;;;;;;;
Enegy POOL;20 Rue Jules Ferry 54110 Varangéville France;;;;;;;;;;;
Energie Forme Domont;122 Rue Aristide Briand 95330 Domont France;https://www.energieforme.net/clubs/energie-forme-domont;;;;;;;;;;
Energie Forme Enghien-les-bains;41 bis Rue de Malleville 95880 Enghien-les-Bains France;https://www.energieforme.net/clubs/energie-forme-enghien-les-bains/;;;;;;;;;;
Energy Valley;6 Rue de la Manufacture des Toiles de Jouy 78350 Jouy-en-Josas France;http://www.energy-valley-jouy.fr/;;;;;;;;;;
Enki Hydraulique;ZA Laubian II 22 Rue de l'Arroun 40510 Seignosse France;http://www.enki-hydraulique.fr/;;;;;;;;;;
Entre vignes et piscines;11590 Ouveillan France;https://entrevignesetpiscines.fr/;;;;;;;;;;
Entreprise fermer;29 Rte de Puechabon 34380 Argelliers France;;;;;;;;;;;
Entreprise Juando;3 All. de la Tanyari 66740 Laroque-des-Albères France;https://www.facebook.com/pages/category/Local-Service/Entreprise-Juando-311223853014209;;;;;;;;;;
Entreprise Pierrel Cédric;61 Chem. de l'Auzel 88100 Taintrux France;http://www.entreprise-pierrel.com/;;;;;;;;;;
entretiens-renovations-piscines;62 Rue Gabriel Péri 59496 Salomé France;;;;;;;;;;;
Envie de salle de bain Dreux;Rue de Rome 28500 Vernouillet France;https://www.cedeo.fr/salle-expo/cedeo-la-salle-de-bain-dreux-5871;;;;;;;;;;
Envie de Spa;Pl. de l'Abattoir 67190 Mutzig France;https://www.envie-de-spa.com/?utm_campaign=GMB&utm_medium=Organic&utm_source=Google_My_Business;;;;;;;;;;
EP PISCINE;43620 Saint-Romain-Lachalm France;;;;;;;;;;;
Equip' Piscine;Basse-Normandie 7 Rue Alfred Kastler 14000 Caen France;https://normandie-maison.fr/constructeurs-piscines-normandie/;;;;;;;;;;
ER BATI SERVICES;167 Chem. de Pierras 40220 Tarnos France;;;;;;;;;;;
ERCB Piscine;75 Imp. des Palmiers 30100 Alès France;;;;;;;;;;;
Escape Health Club;401 Bd Panoramique Casablanca 20150 Maroc;https://www.escapehealthclub.com/en/;;;;;;;;;;
Espace Aubade Longosanit Longwy;ZAC du Petit Breuil 54400 Longwy France;https://www.espace-aubade.fr/magasins/longwy-32.html;;;;;;;;;;
Espace Cardio-Musculation;Centre aquatique - avenue du Rue du Commandant Gabon 15200 Mauriac France;;;;;;;;;;;
Espace Corto Maltese;Rue de la Villette 76320 Caudebec-lès-Elbeuf France;;;;;;;;;;;
Espace de liberté du Grand Narbonne;11 Rte de Perpignan 11100 Narbonne France;https://www.espacedeliberte.fr/;;;;;;;;;;
Espace détente et jeux Barentin;45000 Orléans France;;;;;;;;;;;
Espace Du Littoral;20 Rue Auguste Huart 76930 Octeville-sur-Mer France;;;;;;;;;;;
Espace et Eau - Cocktail Piscine;Zac du Petit Verger 9 Rue Fanfonne Guillerme 30190 La Calmette France;https://www.espace-eau.com/;;;;;;;;;;
Espace Fluidité;17 Parc des Tilleuls 51370 Thillois France;http://www.espacefluidite.fr/;;;;;;;;;;
Espace Henri Royer;67 Rue Michel Vielle 72300 Sablé-sur-Sarthe France;https://www.sablesursarthe.fr/ouverture-de-lespace-henri-royer-le-1er-mai/;;;;;;;;;;
Espace Jeunesse Mamers;8 Rue de la Piscine 72600 Mamers France;https://www.mainesaosnois.fr/enfance-jeunesse/espace-jeunesse-mamers/;;;;;;;;;;
Espace Les Chênes;56950 Crach France;;;;;;;;;;;
Espace naturel de la vallée de la seiche;Le Tertre des Bouillants 35770 Vern-sur-Seiche France;;;;;;;;;;;
Espace naturel des Rouchoux;D48 37360 Semblançay France;https://espacesnaturels.touraine.fr/les-rouchoux.html;;;;;;;;;;
Espace Nautique;40 Av. Jacques Duclos 91700 Sainte-Geneviève-des-Bois France;https://www.coeuressonne.fr/;;;;;;;;;;
Espace nautique Arc en ciel - Kaysersberg;31b Rue du Geisbourg 68240 Kaysersberg Vignoble France;https://www.espace-nautique-ccvk.fr/;;;;;;;;;;
Espace Nautique de la Grande Garenne;1 Rue Louis Blériot 27950 Saint-Marcel France;http://www.vert-marine.com/espace-nautique-grande-garenne;;;;;;;;;;
Espace Nautique du Grand Chalon;40 Rue d'Amsterdam 71100 Chalon-sur-Saône France;https://lespiscines.legrandchalon.fr/les-piscines/espace-nautique-chalon-sur-saone/;;;;;;;;;;
Espace Neptuna;7 Rue Aristide Berges 66330 Cabestany France;http://www.espace-neptuna.fr/;;;;;;;;;;
Espace Neptune;4 Rue de la Sencie 44480 Donges France;https://piscines.saintnazaireagglo.fr/donges.html;;;;;;;;;;
Espace Niama;68WV+QRF Centre commercial mahdia mall Kénitra Maroc;;;;;;;;;;;
Espace Ô Lévézou;7 Route du Stade 12410 Salles-Curan France;https://www.espace-o-levezou.com/;;;;;;;;;;
Espace Paradisio;chemin du paradisio 73210 montchavin France;https://espace-paradisio.fr/;;;;;;;;;;
Espace Piscine;Lot. les Hauts de Briant 04300 Mane France;https://www.espacepiscine-paca.fr/;;;;;;;;;;
Espace Piscine Boutique 58;3 Bd Camille Dagonneau 58640 Varennes-Vauzelles France;http://www.piscines-boutique58.fr/;;;;;;;;;;
Espace récréatif pour enfant;XWWR+98X Ennasim Fès 30103 Maroc;;;;;;;;;;;
Espace René Acolet;204 Rue de Chauny 60400 Noyon France;;;;;;;;;;;
Espace santé sport;ZA les 155 rue de la crouze Rte des Grands Prés 73130 Sainte-Marie-de-Cuines France;;;;;;;;;;;
Espace Sportif Édouard Pailleron;32 Rue Édouard-Pailleron 75019 Paris France;https://www.pailleron19.com/;;;;;;;;;;
Espacenaturevernovici;32B Rue nationale 72110 Saint-Cosme-en-Vairais France;;;;;;;;;;;
Espaces et Piscines;22 Rte de la Fragnaie 79250 Nueil-les-Aubiers France;;;;;;;;;;;
EST'é services piscines;5 Rue Principale 90100 Faverois France;;;;;;;;;;;
Etablissement de Bains Plage Houlgate Vautier Victor;41 bis Rue Henri Dobert 14510 Houlgate France;http://www.houlgateplage.com/;;;;;;;;;;
Etang;35520 Montreuil-le-Gast France;;;;;;;;;;;
Étang;02220 Ciry-Salsogne France;;;;;;;;;;;
Étang Bruat;90360 Lachapelle-sous-Rougemont France;;;;;;;;;;;
Etang communal de Cabannes;Chem. de Brasse 13440 Cabannes France;;;;;;;;;;;
Étang Damville;27240 Mesnils-sur-Iton France;;;;;;;;;;;
Étang de Chantepie;13 Av. des 2 Ruisseaux 35135 Chantepie France;;;;;;;;;;;
Etang de fachin;31 Rte Neuve 58430 Fâchin France;;;;;;;;;;;
Etang de la carrière;61450 La Ferrière-aux-Étangs France;;;;;;;;;;;
Etang de La Feuillie;7 Rue Jardinier Deslandes 50190 La Feuillie France;;;;;;;;;;;
Étang de la vergne;23320 Bussière-Dunoise France;;;;;;;;;;;
Étang de l'Hère;15110 Saint-Urcize France;;;;;;;;;;;
Etang de Neuillay-les-Bois;36500 Neuillay-les-Bois France;;;;;;;;;;;
Étang de Quentin;67370 Neugartheim-Ittlenheim France;;;;;;;;;;;
Étang de Saint-Estève;21 D45 66240 Saint-Estève France;;;;;;;;;;;
Etang des Tardivières;49125 Tiercé France;;;;;;;;;;;
Étang Driol;42110 Chambéon France;;;;;;;;;;;
Étang du Colombier;D129 35650 Le Rheu France;;;;;;;;;;;
Etang du merlin;33QH+38 42300 Mably France;;;;;;;;;;;
Étang du Passet;66760 Porté-Puymorens France;;;;;;;;;;;
Étang ernolsheim;Q9FV+87 67330 Ernolsheim-lès-Saverne France;;;;;;;;;;;
Étang La Croix Lamirault;61300 3 route de 61300 L'Aigle France;http://www.paysdelaigle.com/;;;;;;;;;;
Étangs de Fouchy;54 Av. Aristide Briand 10600 La Chapelle-Saint-Luc France;;;;;;;;;;;
Étangs de Millas;66170 Millas France;;;;;;;;;;;
Etp Ruillard;15 Rue Saint-Martin 72290 Souligné-sous-Ballon France;;;;;;;;;;;
Eurowaterland;80 Rue d'Arras 62217 Wailly France;;;;;;;;;;;
Evasion Privée;3 Pl. Edouard Herriot 02370 Vailly-sur-Aisne France;https://www.evasionprivee.com/?utm_source=google&utm_medium=wix_google_business_profile&utm_campaign=2807628633291518196;;;;;;;;;;
Evasion Spas;6 Av. de l'Ancienne Mairie 70000 Frotey-lès-Vesoul France;https://evasion-spas.fr/;;;;;;;;;;
Exp'Eau;5 bis Rue de la Gare 69390 Vourles France;https://www.expeau69.com/;;;;;;;;;;
Expert Baignade Biologique;8 Rue Robert Dame 25920 Mouthier-Haute-Pierre France;;;;;;;;;;;
Explo - Base de sport de nature;11 Pl. du 7 Juillet 2007 07460 Berrias-et-Casteljau France;http://www.explo.fr/;;;;;;;;;;
FATIMA ZAHRA BEAUTY;RESIDENCE BEN HAMDOUNE BD PALESTINE N35 Mohammédia 20830 Maroc;https://planizen.com/salon-de-beaute/mohammedia/fatima-zahra-beauty;;;;;;;;;;
FC Piscine 30;Rue des Aires 30650 Rochefort-du-Gard France;;;;;;;;;;;
Feel Swim;10 Rue des Greffières 17140 Lagord France;http://www.feel-swim.fr/;;;;;;;;;;
Feelgood | Salle de sport;ZI Thise 9 Rue du Valset 25220 Chalezeule France;https://www.feelgoodsport.fr/;;;;;;;;;;
Ferme De Briola;Le Fresquel 11270 Saint-Julien-de-Briola France;https://www.bienvenue-a-la-ferme.com/occitanie/aude/st-julien-de-briola/ferme/la-ferme-de-briola/373408;;;;;;;;;;
Ferme du Colombier;10 Rue du Mont 55260 Villotte-sur-Aire France;http://ferme-du-colombier.fr/;;;;;;;;;;
Ferme du Temple;60 Rte des Grandes Ventes 76660 Osmoy-Saint-Valery France;https://www.facebook.com/FermeduTempleNormandie;;;;;;;;;;
Ferme Pitelle;90 Rue Principale 31160 Montastruc-de-Salies France;http://www.ferme-pitelle.fr/;;;;;;;;;;
FG PISCINES;81 Rue du Général de Gaulle 02120 Guise France;https://www.fgpiscines02.fr/;;;;;;;;;;
FGP;12 Bd de la Ferronnays 44540 Vallons-de-l'Erdre France;;;;;;;;;;;
Fic Mende - Le magasin;Rte de Chabrits 48000 Mende France;https://www.fic-pro.fr/;;;;;;;;;;
Filbleu piscine;10 Imp. des Chataigniers 33380 Marcheprime France;http://filbleu-piscine.com/;;;;;;;;;;
FitéO à Villeneuve d'Ascq;1 Av. de la Marque 59650 Villeneuve-d'Ascq France;https://www.aquabike-villeneuve-dascq.fr/;;;;;;;;;;
Fit'forme;Rue des Feugrais 14360 Trouville-sur-Mer France;https://www.fitformeclub.fr/trouville-sur-mer.php;;;;;;;;;;
Fitness Centre & Spa;Av. El-hourriya Oulad Teima 83350 Maroc;https://fitnesscentre.netlify.app/;;;;;;;;;;
FITNESS HOUSE AIX LES BAINS;90 All. des Erables 73420 Drumettaz-Clarafond France;http://www.fitness-house.fr/;;;;;;;;;;
Fitness Park - Salle de sport Chambourcy;Centre commercial Les Vergers de la Plaine Avenue de la Renaissance 78240 Chambourcy France;https://www.fitnesspark.fr/club/chambourcy/?utm_medium=Local_Inventory&utm_source=GMB&utm_campaign=Chambourcy&utm_content=Yext;;;;;;;;;;
Fjprestige Liner;327 Chem. des Agonèdes 30340 Saint-Julien-les-Rosiers France;;;;;;;;;;;
Flash Piscines;3 Rue Albert de Dion ZONE NORD 72650 La Chapelle-Saint-Aubin France;http://www.flash-piscines.fr/?utm_source=gmb;;;;;;;;;;
Flobleu;Farinières 24140 Saint-Martin-des-Combes France;;;;;;;;;;;
Flow;9 Rue Brizon 59135 Wallers France;https://florentwattier.wixsite.com/flow;;;;;;;;;;
FM PISCINE;1235 Rue Auguste Varmancourt 71450 Blanzy France;;;;;;;;;;;
FM Services;1 Rue de la Combe du Puits 25480 École-Valentin France;http://www.piscines-magiline.fr/?utm_source=maps;;;;;;;;;;
FM Services Piscine;5 Rue Ampère 21110 Genlis France;;;;;;;;;;;
Forest Hill - La Défense;9 Av. de la Liberté 92000 Nanterre France;http://www.forest-hill.fr/;;;;;;;;;;
Forêt d'Ecouves;61250 Écouves France;;;;;;;;;;;
Forêt d'Ifs;fôret d 14123 Ifs France;;;;;;;;;;;
Forez Piscines;42 Av. Benoît Fourneyron 42484 La Fouillouse France;http://www.desjoyaux.fr/;;;;;;;;;;
Forme'o;88 Av. de Thionville 57140 Woippy France;http://www.formeo-metz.fr/;;;;;;;;;;
Forum de Trégastel;Bd du Coz-Pors 22730 Trégastel France;https://forumdetregastel.fr/;;;;;;;;;;
Foyer Rural Piscine;Chemin Eperraenia 64250 Souraïde France;;;;;;;;;;;
Fradin paysage & piscine;9b Rue Balloffet Dury 69220 Belleville-en-Beaujolais France;https://www.fradin-piscine.fr/;;;;;;;;;;
France Étanchéité - Isère | PVC armé & liner piscine;89 Chem. du Boutey 38560 Champ-sur-Drac France;https://france-etancheite.org/;;;;;;;;;;
FRANCE PISCINE;Rue de l'Edelweiss 33700 Mérignac France;http://www.francepiscine.fr/;;;;;;;;;;
FRANCEPOOL-BALNEO;;https://www.francepool-balneo-boutique.fr/;;;;;;;;;;
Frenchpiscine;70 Imp. des Jardins 69610 Sainte-Foy-l'Argentière France;http://www.frenchpiscine.fr/;;;;;;;;;;
FrenchPiscine;24 Trav. Adoul 13015 Marseille France;;;;;;;;;;;
FunPark;N16 Maroc;;;;;;;;;;;
G.G.E Aménagements Paysagers;28 Rue du Général Rascas 57220 Boulay-Moselle France;https://ggeamenagementspaysagers.fr/;;;;;;;;;;
Game Parc;15 Av. de Châtellerault 86440 Migné-Auxances France;https://www.gameparc86.fr/;;;;;;;;;;
GAMPISCINES;864 Rue de la Plaine d'Azenne 45370 Cléry-Saint-André France;https://gampiscines.fr/;;;;;;;;;;
garden piscine 19;172 rue camille pissaro 19600 Saint-Pantaléon-de-Larche France;https://gardenpiscine19.com/;;;;;;;;;;
gascon service;2060 Chem. de la Tapie 40120 Bourriot-Bergonce France;https://www.gascon-service.fr/;;;;;;;;;;
Gauthier Bain Turc;25 Rue Jean Jaurès Casablanca 20250 Maroc;http://www.gauthierbainturc.com/;;;;;;;;;;
Gazeau Delphine magnétiseur;26 Lot. Clément Loriot 86220 Vaux-sur-Vienne France;;;;;;;;;;;
Génération Sud Piscines;555 Chem. Prax Paris 82000 Montauban France;;;;;;;;;;;
Gerbe Lac Saint Ferréol;Abricot du Laudot 31250 Revel France;;;;;;;;;;;
GH PISCINE PASSION;4 T Rue de Labergement 21110 Beire-le-Fort France;https://www.ghpiscinepassion.fr/;;;;;;;;;;
Gilbert Piscines;866 Chem. des Brugues 82370 Nohic France;https://www.gilbert-piscines.fr/;;;;;;;;;;
Giovanni RIBOLI - Spas et spas de nage;Rue des patureaux Z.I ECOPARC 49400 Saumur France;https://www.gr-spa.com/revendeurs/49-maine-et-loire;;;;;;;;;;
Givet piscine;11 Rte de Beauraing 08600 Givet France;;;;;;;;;;;
Gliss'Adour;Port de Lahonce 64990 Lahonce France;https://www.gliss-adour.fr/;;;;;;;;;;
Glisséo - Cholet;1 Av. Anatole Manceau 49300 Cholet France;http://www.glisseo.com/;;;;;;;;;;
Global Fitness;44 Rue de l'Isle-Adam 95260 Mours France;http://www.global-fitness.fr/;;;;;;;;;;
Goelands;Pl. Raphaël Elize 72300 Sablé-sur-Sarthe France;https://goelands-sable-sur-sarthe.tideweb.fr/;;;;;;;;;;
GOGER PISCINE;;https://goger-piscine.fr/;;;;;;;;;;
Gold fitness gym;8JMQ+74R Bd Hassan II Béni Mellal Maroc;https://www.facebook.com/GGASBM/?locale=fr_FR;;;;;;;;;;
Golden Gym And Spa;8JCC+PMR N72 Béni Mellal Maroc;https://goldengym.ma/;;;;;;;;;;
Golf Club de la Vallée de Germigny;Domaine de Villefranche 18320 Saint-Hilaire-de-Gondilly France;https://www.asgolfgermigny.com/;;;;;;;;;;
Gorges d'Ubrieux;D546 26170 Buis-les-Baronnies France;;;;;;;;;;;
GP30 services;5 Imp. de la Rouvenede 30720 Ribaute-les-Tavernes France;;;;;;;;;;;
GR COMPOSITE;171 Chem. de Pelut 82000 Montauban France;https://www.gr-composite.fr/;;;;;;;;;;
Grand Bleu Piscine;28 Rue du Professeur Paul Langevin 33260 La Teste-de-Buch France;https://grand-bleu.webflow.io/;;;;;;;;;;
Grand étang;33610 Cestas France;https://www.mairie-cestas.fr/les-parcs/;;;;;;;;;;
Grand Longwy Water Polo;Osmose Centre aquatique Rue de Boismont 54400 Longwy France;http://www.glwp.fr/;;;;;;;;;;
Grand Parc des Docks de Saint-Ouen;12 Rue Albert Dhalenne 93400 Saint-Ouen-sur-Seine France;https://www.saint-ouen.fr/services-infos-pratiques/environnement-et-espaces-verts/118-le-grand-parc.html;;;;;;;;;;
Grand Parc Miribel Jonage;Chem. de la Bletta 69120 Vaulx-en-Velin France;https://www.grand-parc.fr/;;;;;;;;;;
Grande cascade de Tendon;Route des Cascades 88460 Tendon France;https://visitgrandest.com/grande-cascade-de-tendon;;;;;;;;;;
GRAVITY POOL AND LOUNGE ??;Club les chênes de tir et de loisirs Village El Aarjate 11000 Maroc;https://www.temaracity.com/fr/listing/gravity-pool-lounge/;;;;;;;;;;
grestech façonnage;10 Av. de l'Allier 63800 Pérignat-sur-Allier France;http://www.grestech63.net/;;;;;;;;;;
Grill & Garden;1 Le Garel 34560 Poussan France;http://www.grillgarden.fr/;;;;;;;;;;
GSA Piscine;Av. Fernand Balducci 13830 Roquefort-la-Bédoule France;https://www.gsa-piscine.fr/;;;;;;;;;;
GUIDONI PISCINES & SERVICES;Lozari 20226 Belgodère France;;;;;;;;;;;
Guillaume Maître nageur et Coach sportif;1 Rte de Briançon 05240 La Salle-les-Alpes France;https://serrechevalier-coaching.com/;;;;;;;;;;
Gulf Stream Saumur-Chacé;30 All. des Tilleuls 49400 Bellevigne-les-Châteaux France;https://www.gulfstream-remiseenforme.fr/;;;;;;;;;;
Gymnase Auguste Delaune;76550 Saint-Aubin-sur-Scie France;;;;;;;;;;;
Gymnase de Chablis;Gymnase Municipal 6 Rue des Petits Dieux 89800 Chablis France;;;;;;;;;;;
Gymnase de Garnison;Rue du Maréchal Leclerc Quartier Leclerc 51400 Mourmelon-le-Grand France;;;;;;;;;;;
Gymnase de Marolles-en-Brie;23 Rue du Faubourg Saint-Marceau 94440 Marolles-en-Brie France;;;;;;;;;;;
Gymnase du Terme Hilaire;7 Rue du Terme Hilaire 51400 Mourmelon-le-Grand France;;;;;;;;;;;
Gymnase intercommunal de la brie champenoise;14 Rue du Petit Saint-Lazare 51210 Montmirail France;;;;;;;;;;;
Gymnase Jean Bouin;75-209 Av. Jean Bouin 60400 Noyon France;;;;;;;;;;;
Gymnase Municipal;5 Rue de Berga 09400 Tarascon-sur-Ariège France;http://www.mairie-tarascon.com/;;;;;;;;;;
Gymnase municipal;5 Rue du Champ de Foire 21140 Semur-en-Auxois France;http://www.ville-semur-en-auxois.fr/;;;;;;;;;;
Gymnase Municipal;28 Rue de Beaugency 41290 Oucques La Nouvelle France;;;;;;;;;;;
Gymnasia Tournefeuille;Centre Commercial CAP2000 1 Bd Jean Gay 31170 Tournefeuille France;https://www.gymnasia.fr/tournefeuille.html?utm_source=TNF&utm_medium=Profil&utm_campaign=GMB;;;;;;;;;;
H2Alpes Piscines et Services;448 Chem. des Ecoles 05400 La Roche-des-Arnauds France;;;;;;;;;;;
H2O piscines;6 Rte de Pezarches 77515 Hautefeuille France;https://www.facebook.com/pages/H2o-Piscines/1250993621645186;;;;;;;;;;
H3R Piscine;14 Dom. de la Forêt d'Ivry 27220 Saint-André-de-l'Eure France;https://www.facebook.com/H3R-piscine-102328724694492/?ref=page_internal;;;;;;;;;;
Halle des Sports Marcel Pillet;5 Rue de Franche Comté 21250 Seurre France;;;;;;;;;;;
Hammam;85G7+CWM Zagora Maroc;;;;;;;;;;;
Hammam & Douche Friouato;1 lot boudraa hay moulay youssef 35000 Maroc;;;;;;;;;;;
hammam & sauna;Oulad Teima 83004 Maroc;;;;;;;;;;;
Hammam Al Alba d'Asilah;Rue Liverweve 14 Asilah 90050 Maroc;https://hammamalalba.com/hamamm-asilah/;;;;;;;;;;
Hammam Al Alba Tetouan Medina;43 Av. Msalla Lakdima Tétouan 93000 Maroc;https://hammamalalba.com/hammam-tetouan/;;;;;;;;;;
HAMMAM AL IZDIHAR;Hammam izdihar Lot 1 N°11 BO5 BOUSKOURA CASABLANCA Bouskoura 25100 Maroc;;;;;;;;;;;
Hammam Al Manar;Avenue 16 novembre rue mokhtar soussi Asilah Maroc;;;;;;;;;;;
Hammam Al Nakhil;1 Skhirat Maroc;;;;;;;;;;;
Hammam Alandalus;F48G+H87 Taroudant Maroc;;;;;;;;;;;
Hammam Aljazeera;HG37+FJF Tit Mellil Maroc;;;;;;;;;;;
Hammam Amina;799M+8F5 Kénitra Maroc;;;;;;;;;;;
Hammam Atlas - ???? ????;8MX3+82P Béni Mellal Maroc;;;;;;;;;;;
Hammam Benkachour;M38Q+R4V Ben Kachour rue benkachour Oujda 60000 Maroc;;;;;;;;;;;
Hammam Berkad;X3VX+QW6 Ksar El-Kébir Maroc;;;;;;;;;;;
Hammam Bismillah;N 03 Rue al khatib Midelt Maroc;;;;;;;;;;;
Hammam Bouknadel;Secteur 4 lot. Zerdal Sidi Bouknadel Maroc;;;;;;;;;;;
Hammam Bousfiha;6XGR+QGP Taza Maroc;;;;;;;;;;;
Hammam daba abboud;63J7+8P9 Ben Guerir Maroc;;;;;;;;;;;
Hammam De La Rose - Marrakech;Dar El Bacha 130 Marrakech 40000 Maroc;https://www.hammamdelarose.com/;;;;;;;;;;
Hammam El Amal;7F5G+RFX Youssoufia Maroc;;;;;;;;;;;
Hammam El GHAZALA;F89P+QXH Bouskoura Maroc;;;;;;;;;;;
Hammam El Houda;7CF6+6PX Berrechid Maroc;;;;;;;;;;;
Hammam essaidi;G67J+WQW Rue Jbala Essaouira Maroc;;;;;;;;;;;
Hammam Ghita;G64V+4PJ Essaouira Maroc;;;;;;;;;;;
Hammam HM;7QH9+325 Safi Maroc;;;;;;;;;;;
Hammam Ismailia;79FQ+F5M Kénitra Maroc;;;;;;;;;;;
Hammam Jadid Midelt ???? ???? ?????;M7P6+C3W Midelt Maroc;;;;;;;;;;;
Hammam Kenza;F6VV+GCV Essaouira Maroc;https://hammamkenza.com/;;;;;;;;;;
HAMMAM LA PERLE DE BOUSKOURA;Lotissement izdihar extention Bouskoura 27182 Maroc;;;;;;;;;;;
Hammam Laafou;287 Av. Al Aqaba Essaouira Maroc;;;;;;;;;;;
Hammam Le Relax;RWJM+CWM Khémisset Maroc;;;;;;;;;;;
Hammam Les Cent Ciels Strasbourg;12 Rue Finkmatt 67000 Strasbourg France;http://strasbourg.hammam-lescentciels.com/;;;;;;;;;;
Hammam lmsl;GF87+68C Tinghir Maroc;;;;;;;;;;;
HAMMAM MEDINA CENTER PARIS;43-45 Rue Petit 75019 Paris France;https://www.hammam-medina.com/;;;;;;;;;;
Hammam Mernissi & Spa;N°46 Serrajin Bab Boujloud 30120 Old Fes Maroc;https://www.facebook.com/hammam.mernissi/;;;;;;;;;;
Hammam Mojamaa El Kheir;X9RX+HG5 Settat Maroc;;;;;;;;;;;
Hammam Mouassine;Rue Sidi el Yamani Marrakesh 40000 Maroc;http://hammammouassine.ma/;;;;;;;;;;
HAMMAM MOUNIA;hammam.mounia.essaouira@gmail.com Rue Oum Rabii Essaouira 44000 Maroc;https://www.hammammounia.com/;;;;;;;;;;
Hammam Noura;HADDADA Kénitra 14000 Maroc;;;;;;;;;;;
Hammam Othmane;784X+P55 Kénitra Maroc;https://www.facebook.com/hamam.turque.othman/;;;;;;;;;;
Hammam Rahmouni;N° 42 El MaSsi Av. Omar Ben Abdelaziz Larache 92000 Maroc;;;;;;;;;;;
Hammam Tounsi;F498+J9V Taroudant Maroc;;;;;;;;;;;
hammam tradicional ???? ????? ??????;JP85+7WM Martil Maroc;;;;;;;;;;;
Hammam Turc Al ANDALOUS ???? ???? ???????;F962+7PG Bouskoura Maroc;;;;;;;;;;;
Hammam Turque Sara;Sud Lot 2067 Bir Rami Kénitra Maroc;;;;;;;;;;;
Hammam Yakout;MJ9C+VF6 El-Hajeb Maroc;;;;;;;;;;;
Hammam Zaryouh;Al Haytam 1 Rue la Sena Tangier 90060 Maroc;https://instagram.com/hzbeautycenter;;;;;;;;;;
Hammam Ziani;Rue Abou Rakrak Casablanca 20250 Maroc;https://hammamziani.com/;;;;;;;;;;
Hammam Zin Essalam;Lot zine essalam lot complexe commercial tit melil casablanca Tit Mellil Maroc;;;;;;;;;;;
Hammam Ziraoui ???? ?????;Lotissement RIAD N° A/1002? Ben Guerir Maroc Maroc;;;;;;;;;;;
Hammamate Settat;X9VM+FJ6 Settat 26000 Maroc;;;;;;;;;;;
HAPIK - Salle d'escalade fun Mondeville - Espace climatisé;Decathlon Mondeville 2 Les Carandes 14120 Mondeville France;https://hapik.fr/centres-tarifs/caen-mondeville?utm_campaign=gmb&utm_content=caen-mondeville&utm_medium=organic&utm_source=google;;;;;;;;;;
Harmony sense piscine;4 Av. du 11 Novembre 1918 81170 Cordes-sur-Ciel France;https://www.facebook.com/profile.php?id=61581499078558&utm_source=gmb;;;;;;;;;;
Hb'eau;15 rue de Neptune 34570 Saussan France;;;;;;;;;;;
HDEO;Av. Daniel Mercier 07100 Annonay France;;;;;;;;;;;
Hélicea;105-13 Chem. de Saint-Martin 62280 Saint-Martin-Boulogne France;;;;;;;;;;;
hello Piscine 66;Rue Coll de Carrera 66180 Villeneuve-de-la-Raho France;;;;;;;;;;;
Herboristerie France Herboristerie - Verveine-Menthe;5001F Rue de la Corne Jacquot Bournot 70000 Noidans-lès-Vesoul France;https://www.france-herboristerie.com/;;;;;;;;;;
High Tech Piscine;5 Rue du Martin Pêcheur 33500 Libourne France;https://www.high-tech-piscine.net/;;;;;;;;;;
Hill 314;50140 Mortain-Bocage France;;;;;;;;;;;
Home Spirit Concept;3 Rue des Ribes 63170 Aubière France;https://www.homespiritconcept.fr/?utm_medium=referral&utm_source=gmb&utm_campaign=lnk-gmb;;;;;;;;;;
HORAIRES-PISCINE.INFO;10 CR de Fontainieu 13014 Marseille France;http://horaires-piscine.info/piscine-saint-joseph-les-micocouliers-marseille/;;;;;;;;;;
Hot Tubs in France;Puy Cerut 87510 Peyrilhac France;http://www.hottubsinfrance.com/;;;;;;;;;;
HUSSON MULTISERVICES;2 Rue des Hirondelles 17290 Le Thou France;;;;;;;;;;;
HYDR'EAU Piscines et Spas;12 All. des Champs 81190 Mirandol-Bourgnounac France;https://www.hydreaupiscines.fr/;;;;;;;;;;
HYDROELEC;24 Av. de la Gare 87380 Saint-Germain-les-Belles France;;;;;;;;;;;
Hydroflowpiscine37;40 Rue des Garennes 37140 La Chapelle-sur-Loire France;https://www.hydroflow37.fr/;;;;;;;;;;
Hydroform;29 Rue des Hortensias 33500 Libourne France;;;;;;;;;;;
Hype Fitness Club;5 Rue de la Croix Martre 91120 Palaiseau France;https://www.myhypefitness.club/;;;;;;;;;;
IDÉE Piscines;16 Rue René Rose 45380 Chaingy France;http://idee-piscines.fr/;;;;;;;;;;
IDEO Piscine - Pour une mise en beauté sur mesure;37 Rue de Chaumont 57530 Sanry-sur-Nied France;https://www.ideo-piscine.fr/;;;;;;;;;;
IDEO'Piscines;1333 Rte du Bas Privas 69390 Charly France;https://www.ideopiscines.fr/;;;;;;;;;;
Île aux Enfants;Pêcheries du Mayne Île aux Enfants 33990 Hourtin France;https://www.my-hourtin.com/activites-et-commerces/ile-aux-enfants/;;;;;;;;;;
Île Chambod-Merpuis;2947 Route du Port 01250 Hautecourt-Romanèche France;https://www.cerdonvalleedelain.fr/ile-chambod-merpuis;;;;;;;;;;
Ile de Chaillac/Vienne;2 Domaine de l'Ile 87200 Chaillac-sur-Vienne France;;;;;;;;;;;
Île Enchantée;Rue de Saint-André 14123 Fleury-sur-Orne France;https://madein.fleurysurorne.fr/lile-enchantee/;;;;;;;;;;
Ile MoulinSart;Rue du Canal 72210 Fillé France;http://www.ile-moulinsart.fr/;;;;;;;;;;
ILÔ;23 Bis Rte de Vauzelles 37600 Loches France;https://www.iloaqua37.com/;;;;;;;;;;
Indigo Piscines;Za Prés De Vesvre 1 impasse Prés de Vèvre 71150 Demigny France;https://indigo-piscines.jimdosite.com/;;;;;;;;;;
Indigo Spa;12 Av. de Verdun 38240 Meylan France;http://www.indigo-spa.fr/;;;;;;;;;;
INOBAT;68 Rue du Bouchet 43200 Saint-Maurice-de-Lignon France;https://www.inobat-renovation-piscine.com/;;;;;;;;;;
Inox Pool by BC;12 Mnt de Silhol 30100 Alès France;http://www.inox-pool.fr/;;;;;;;;;;
Inter-Wellness;100 Imp. des Fabricants 34820 Teyran France;;;;;;;;;;;
inventaevert;74 La Guigneraie 85440 Talmont-Saint-Hilaire France;http://inventaevert.fr/;;;;;;;;;;
IS piscinelec;1247 Chem. de l'Escrimayre 31620 Castelnau-d'Estrétefonds France;http://www.is-piscine-elec.fr/;;;;;;;;;;
Isa-nage.com;1440 Route de Viella 32400 Riscle France;https://isa-nage.com/;;;;;;;;;;
Istanbul Hammam & Spa;155 Rue Ezzanbak Casablanca 20250 Maroc;https://hammamistanbul.com/;;;;;;;;;;
IT piscines;4 Pass. des Molineaux 42480 La Fouillouse France;https://itpiscines.com/;;;;;;;;;;
Jacuzzi France Cusset;13 Rue de Romainville 03300 Cusset France;https://jacuzzi.fr/;;;;;;;;;;
Jacuzzi France Nanterre;61 bis Av. du Maréchal Joffre 92000 Nanterre France;https://jacuzzi.fr/;;;;;;;;;;
Jadu Hammam et Spa;VJ3R+JM3 Fnideq Maroc;;;;;;;;;;;
J'aime la coque;820 Rte du N 82000 Montauban France;https://www.jaimelacoque.fr/?utm_medium=referral&utm_source=gmb&utm_campaign=lnk-gmb;;;;;;;;;;
J'apprends - Je nage;2 Hent Hir 22660 Trélévern France;https://www.japprendsjenage.fr/;;;;;;;;;;
Jardiloisirs;au fond à droite ZA du Verdon 509 All. du Verdon Bâtiment B3 13770 Venelles France;https://www.jardiloisirs-piscine.com/;;;;;;;;;;
Jardin Alexandre 1er;Pl. Gabriel Péri 83000 Toulon France;;;;;;;;;;;
Jardin Botanique Universitaire de Poitiers;86550 Mignaloux-Beauvoir France;https://www.univ-poitiers.fr/vivre-les-campus/qualite-de-vie/biodiversite/la-biodiversite-sur-les-campus/jardin-botanique-universitaire-domaine-du-deffend/;;;;;;;;;;
Jardin d’enfants de Junas;Pl. de l'Avenir 30250 Junas France;http://junas.fr/;;;;;;;;;;
Jardin de l'An Mil à nos jours;D59 87800 Rilhac-Lastours France;http://www.tourisme-hautevienne.com/patrimoine-et-visites/patrimoine-naturel/parcs-et-jardins/jardin-de-l-an-mil-a-nos-jours-12797;;;;;;;;;;
Jardin De L'etoile;15 Rue Jules Ferry 06110 Le Cannet France;;;;;;;;;;;
Jardin des Petits Prés;4 Rue des Petits Prés 89410 Cézy France;;;;;;;;;;;
Jardin du Pré en Bulle;1 Rte du Camp de Cesar 87370 Jabreilles-les-Bordes France;https://preenbulle-artnat87.org/;;;;;;;;;;
Jardin public de Loches;5 Chem. de la Prairie de la Foire 37600 Loches France;https://www.ville-loches.fr/nature-article-3-20-80.html;;;;;;;;;;
Jardin Romain;84510 Imp. de la Chapelle 84510 Caumont-sur-Durance France;https://www.caumont-sur-durance.fr/;;;;;;;;;;
Jardins Azur;308 Boisdron 24490 La Roche-Chalais France;http://www.jardins-azur.fr/;;;;;;;;;;
Jardins de la Bâtie d'Urfé;1061 Rte de la Bâtie d'Urfé 42130 Saint-Étienne-le-Molard France;;;;;;;;;;;
Jardins de Vassevin;32360 Jegun France;;;;;;;;;;;
Jardins du Château de Brécy;8 Rue du Château 14480 Creully sur Seulles France;https://www.parcsetjardins.fr/jardins/84-jardins-du-chateau-de-brecy;;;;;;;;;;
Jardins du château de Talcy;41370 Talcy France;https://www.parcsetjardins.fr/jardins/221-jardins-du-chateau-de-talcy;;;;;;;;;;
Jaune & Bleu - HotSpring® Spa;10 Av. Maréchal Leclerc 63800 Cournon-d'Auvergne France;https://www.hotspring.fr/store/jaune-bleu/;;;;;;;;;;
JB SERVICES;42 Bd Stalingrad - SIX FOURS LES PLAGES FR 2742 Av. Président John Kennedy 83140 La Seyne-sur-Mer France;https://jbpiscines.com/;;;;;;;;;;
JCM PISCINE;12 Bis Rue de la Liberté 52000 Chaumont France;https://www.jcm-piscine.fr/;;;;;;;;;;
Je nage à Penvénan;Rue de Roch Gwen 22710 Penvénan France;https://nageapenvenan.sportsregions.fr/;;;;;;;;;;
JET ATLAS Marrakech;Lac Lalla Takarkoust? Par Marrakech? Route d Amizmiz 40000 Maroc;http://www.jet-atlas.com/;;;;;;;;;;
Jet Club de Champagne;10500 Port Dienville 10500 Dienville France;;;;;;;;;;;
Jet's Piscine;Z.A les Bastides Blanches Avenue du Languedoc 04220 Sainte-Tulle France;https://www.jetspiscine.fr/;;;;;;;;;;
Jeux pour enfants;44140 Le Bignon France;;;;;;;;;;;
jfk;3325 D107 47450 Colayrac-Saint-Cirq France;;;;;;;;;;;
Jimmy's Fitness center;Résidence « Royale » 38 Av. Hassan II Kénitra 14000 Maroc;https://jimmys.ma/;;;;;;;;;;
JL Piscines;6 Le Bois Lombard 42410 Chavanay France;https://www.jlpiscines.com/;;;;;;;;;;
JM pisciniste;56 Bd des Espigau 13500 Martigues France;https://jm-pisciniste.web.app/;;;;;;;;;;
JM Pisciniste;16 Trav. des Cyprès 13013 Marseille France;;;;;;;;;;;
JM-Distribution;33 Rue de la Gare 67330 Dossenheim-sur-Zinsel France;https://jm-distribution.fr/;;;;;;;;;;
Jo piscines;17 Rue de la Fontaine 11510 Caves France;;;;;;;;;;;
Jordan Piscines;6 Imp. des Muids 21400 Montliot-et-Courcelles France;http://www.jordanpiscines.com/;;;;;;;;;;
JP Piscine Services;55 Rte des Alpes 26570 Montbrun-les-Bains France;;;;;;;;;;;
JPS & Spapiscines HotSpring Nantes;2 All. Constance Gallot 44300 Nantes France;https://www.spapiscines-nantes.com/?utm_medium=referral&utm_source=gmb&utm_campaign=lnk-gmb;;;;;;;;;;
JULIEN PISCINE;Rte de Leygalie 24330 Bassillac et Auberoche France;;;;;;;;;;;
JULIEN SAS;Puech del Pal 12740 Sébazac-Concourès France;;;;;;;;;;;
JURA PISCINES;ZC des Grandes Epenottes 2 Rue Léon Bel 39100 Dole France;;;;;;;;;;;
JUSTIN PISCINES;4 Imp. Adrien Vezinhet 12630 Agen-d'Aveyron France;;;;;;;;;;;
KD Pool 67 Piscines;17 Rue des Héros 67610 La Wantzenau France;;;;;;;;;;;
Kico piscines;5 Rue Jean Hay 17480 Le Château-d'Oléron France;;;;;;;;;;;
Kidz Park;18 Rue Gustave Eiffel 22360 Langueux France;https://www.kidz-park.fr/;;;;;;;;;;
Kiné El Jadida La Vie Saine;7F5W+57X Rue Abou Abbas Araaj El Jadida Maroc;;;;;;;;;;;
Kine Sport Semnoz Piscine Balneo Annecy;11 Rue Blaise Pascal 74600 Seynod France;http://www.kinesportsemnoz.fr/;;;;;;;;;;
kinésithérapie;409 Av. du Maréchal de Lattre de Tassigny 59700 Marcq-en-Barœul France;http://osantea.com/;;;;;;;;;;
Kinesithérapie et Balnéothérapie Rosny;118 BIS Rue Philibert Hoffmann 93110 Rosny-sous-Bois France;https://www.doctolib.fr/cabinet-de-kinesitherapie/rosny-sous-bois/cabinet-de-kinesitherapie-hoffmann;;;;;;;;;;
Kinésithérapie???? ??? ??????? ?????;Hay El Andalouss  résidence Basma Groupe A rue 4? 80 Ksar el-Kebir Maroc;;;;;;;;;;;
Koncept Sauna;10 bis Av. de Lodeve 34070 Montpellier France;http://www.konceptsauna.com/;;;;;;;;;;
KS Piscines;10 Chem. de Pierrot 40320 Arboucave France;https://ks-piscines.fr/;;;;;;;;;;
L & H Piscines;6 Rue Des Tilleuls 66600 Peyrestortes France;https://www.facebook.com/LHPiscines/?ref=page_internal&utm_source=gmb;;;;;;;;;;
L' Océanide;10 Rue du Ctre Nautique 67700 Saverne France;http://www.caloceanide.fr/;;;;;;;;;;
L’Académie du Mouvement : Salle de sport Saint-Maur-des-Fossés;28 Cr Pierre-Antoine Cluzeau 94210 Saint-Maur-des-Fossés France;https://academiedumouvement.fr/;;;;;;;;;;
L’EAU-THENTIQUE PISCINE;Résidence Samaria 2 Chem. des Bauds 04860 Pierrevert France;https://www.leauthentiquepiscine.fr/;;;;;;;;;;
L’Oasis de La Ramée;Base de Loisirs 51 Chem. de Larramet 31170 Tournefeuille France;http://www.loasisdelaramee.fr/;;;;;;;;;;
La Base - Le Temple Sur Lot;2536 Av. de Bordeaux 47110 Le Temple-sur-Lot France;https://www.la-base.com/;;;;;;;;;;
La Base - Piscine;9GJ9+5W 47110 Le Temple-sur-Lot France;https://www.la-base.com/espace-aquatique;;;;;;;;;;
LA BOITE A PISCINES ET SPAS (SHOWROOM SPAS SUR RDV);9 Rue Théodore Chennevière 76500 Elbeuf France;https://www.laboiteapiscinesetspas.com/;;;;;;;;;;
La ceinture verte;87210 Le Dorat France;;;;;;;;;;;
La Cité de l'Eau;225 Rue des Tilleuls 74500 Publier France;https://centre-nautique.ville-publier.fr/;;;;;;;;;;
La Ferm'entente;708 Rue Sainte-Anne 76116 Saint-Aignan-sur-Ry France;http://lafermentente.fr/;;;;;;;;;;
La Fleur du Paysage;rte de St Etienne La Thillaye 1145 Chem. de la Croix Gentil 14800 Tourgéville France;http://fleur-paysage.fr/;;;;;;;;;;
La forêt enchantée de Ditu Mignuleddu;D757 20168 Corrano France;https://www.taravu.corsica/;;;;;;;;;;
LA FUSTE;46360 Nadillac France;;;;;;;;;;;
La grange a bulles pignicourt;7bis Rue de l'Écluse 02190 Pignicourt France;https://hostelfr.click/grange-bulles-pignicourt-gjdxjl;;;;;;;;;;
La Grange Gaumon;Gaumon 42111 La Valla-sur-Rochefort France;https://www.grandsgites.com/gite-42-grange-gaumon-2696.htm;;;;;;;;;;
La Guinguette Du Lac;300 Le Barrage 81360 Montredon-Labessonnié France;;;;;;;;;;;
La Légère Mélinoise;6 Pl. d'Armes 70000 Échenoz-la-Méline France;https://legere-melinoise.asso-web.com/;;;;;;;;;;
La Maison de la Pose Distributeur de la marque JACUZZI®;240 Rue Victor Puiseux 39000 Lons-le-Saunier France;https://www.lamaisondelapose.fr/;;;;;;;;;;
La maison de mickey;9PM7+3P 34220 Vélieux France;;;;;;;;;;;
La Maison du SPA;Zone de la Guerche Sud 37 Av. des Frères Lumière 44250 Saint-Brevin-les-Pins France;https://www.maisonduspa.com/;;;;;;;;;;
La Maison du Spa;50 Rue des Couvreurs Centre commercial bégaud pole 85800 Saint-Gilles-Croix-de-Vie France;http://www.maisonduspa.com/;;;;;;;;;;
La maison mèdicale by talhaoui amina;appartement numéro 3 Avenue des F.A.R rue Victor Hugo résidence douaae 4 Meknès 50000 Maroc;;;;;;;;;;;
La moule Gazeuse;26 Av. de la Concorde 91270 Vigneux-sur-Seine France;https://www.lamoulegazeuse.fr/;;;;;;;;;;
La Muie - Salernes;83690 Salernes France;;;;;;;;;;;
La Palmeraie - Piscine Olympique - Boulangerie - Paillote;135 All. Antoine Pinay 84000 Avignon France;http://www.piscine-avignon.net/;;;;;;;;;;
La Parc de l'Ancienne Piscine.;10 D163 16310 Roussines France;;;;;;;;;;;
La pérouille;MFJP+95 36350 La Pérouille France;;;;;;;;;;;
La Petite Ferme de Janvry;3 Pl. de l'Église 91640 Janvry France;http://www.janvry.fr/;;;;;;;;;;
La Petite Piscine;3 Chem. de la Prairie 54300 Lunéville France;https://lapetitepiscine.com/;;;;;;;;;;
La Piscine;Pl. du Marché 50140 Mortain-Bocage France;;;;;;;;;;;
La Piscine;Parc de la Fecht 68140 Munster France;https://lapiscine-munster.fr/;;;;;;;;;;
La Piscine;10 Av. Marc Baudru 46300 Gourdon France;https://sites.google.com/view/piscineintercommunalegourdon/accueil?authuser=0;;;;;;;;;;
La Piscine;Rue des Olympiades 22400 Lamballe-Armor France;https://www.lamballe-terre-mer.bzh/accueil/sortir/sports/les-piscines/la-piscine-a-lamballe;;;;;;;;;;
La piscine;33 Rte de Tremaidic 29280 Plouzané France;http://www.piscine-plouzane.fr/;;;;;;;;;;
LA PISCINE !;Rue de Noirmoutier 85740 L'Épine France;https://www.cdc-iledenoirmoutier.com/vivre-sur-l-ile/la-piscine;;;;;;;;;;
LA PISCINE 1800;Les Arcs Rte d'Arc 1800 73700 Bourg-Saint-Maurice France;https://www.lesarcs.com/la-piscine;;;;;;;;;;
La piscine Art déco de Caudry;59540 Caudry France;;;;;;;;;;;
La Piscine Charentaise;Les Rodares 16220 Montboyer France;http://lapiscinecharentaise.fr/;;;;;;;;;;
La Piscine de Concoules;Besou 30450 Concoules France;http://www.concoules.fr/;;;;;;;;;;
La Piscine des Lutins;Parc Pillier 14750 Saint-Aubin-sur-Mer France;https://piscinesdeslutins.com/saint-aubin/;;;;;;;;;;
La Piscine des Lutins;Au pied du Casino Plage de 14530 Luc-sur-Mer France;https://www.piscinesdeslutins.com/;;;;;;;;;;
La piscine Municipale;54 Av. de Perpignan 11130 Sigean France;http://www.sigean.fr/index.php/culture-loisirs/sports/piscine.html;;;;;;;;;;
La Piscine Siouville;Rue Albert Touraine Desvaux 50340 Siouville-Hague France;https://lapiscinesiouville.com/;;;;;;;;;;
La Piscine Taous - ???? ????;201 Maroc;;;;;;;;;;;
La Plaine des Sports;La Palunette 161 Avenue du Bolmon RD 570 13220 Châteauneuf-les-Martigues France;https://www.chateauneuflesmartigues.fr/information-transversale/annuaire-des-equipements/la-plaine-des-sports-112;;;;;;;;;;
La Presqu'Île de Saint-Dizier;36 Av. de Verdun 52100 Saint-Dizier France;https://www.lapresquile-saintdizier.fr/;;;;;;;;;;
La Riviera Limousine Piscine (by Popinns);La Riviera Limousine 19120 Beaulieu-sur-Dordogne France;;;;;;;;;;;
L-A Solution Piscine;2 Rue de Kirrberg 67320 Baerendorf France;;;;;;;;;;;
La Vague;Rue Bleury 95230 Soisy-sous-Montmorency France;http://www.lavague-plainevallee.fr/;;;;;;;;;;
La Vague;1 Chem. Montois 53100 Mayenne France;http://www.lavague.net/;;;;;;;;;;
Lab&Eau piscines et entretien;25 Av. de la Vertonne 44120 Vertou France;https://www.lab-et-eau.fr/;;;;;;;;;;
Label Bleu Experience;1 Rue de Rollat 03110 Vendat France;https://www.facebook.com/profile.php?id=61560696894210&utm_source=gmb;;;;;;;;;;
L'absolu;2 Rue du Maire Georges Baruch 67560 Rosheim France;http://www.labsolu.net/;;;;;;;;;;
Labyrinthe Vert;All. de la Promenade 11500 Nébias France;;;;;;;;;;;
lac au duc;56800 Ploërmel France;;;;;;;;;;;
Lac d’esparron;7217 Chem. des Plèches 04800 Esparron-de-Verdon France;;;;;;;;;;;
Lac de Cadarsac;20 Av. des Bergères 33750 Cadarsac France;http://www.cadarsac.fr/;;;;;;;;;;
Lac de Claret;Unnamed Road 34270 Claret France;;;;;;;;;;;
Lac de Codolet;Chem. du Lac 30200 Codolet France;;;;;;;;;;;
Lac de la Gravette;W694+2G 82170 Finhan France;;;;;;;;;;;
Lac De La Grenouillere;84 Rue des Biolles 38410 Chamrousse France;https://www.chamrousse.com/lac-de-la-grenouillere.html;;;;;;;;;;
Lac de Lacapelle-Marival;Canton de 46120 Lacapelle-Marival France;;;;;;;;;;;
Lac De Lahonce;21 Lot. Zazarta 64990 Lahonce France;;;;;;;;;;;
Lac de Montville;76710 Montville France;;;;;;;;;;;
Lac de Oued Zem;Lac Oued Zem Maroc;;;;;;;;;;;
lac de Padula;Mergano 20232 Oletta France;;;;;;;;;;;
Lac de Saint-Crépin;05600 Saint-Crépin France;;;;;;;;;;;
Lac de Sillé;6V5C+G2 72140 Sillé-le-Guillaume France;;;;;;;;;;;
Lac de Téteghem;Rue de la 32ème Division d'Infanterie 59229 Téteghem-Coudekerque-Village France;;;;;;;;;;;
Lac de Touille;31260 Touille France;;;;;;;;;;;
Lac des Homps;81130 Cagnac-les-Mines France;;;;;;;;;;;
Lac des prairies;135 Rue des Prairies 38140 Renage France;;;;;;;;;;;
Lac du Bouloc;7 Chem. du Peyral 34260 Ceilhes-et-Rocozels France;;;;;;;;;;;
Lac noir;Lac Noir 73220 Montsapey France;;;;;;;;;;;
LAC SENSATION FRISSON;Chez Baribas 16480 Saint-Vallier France;;;;;;;;;;;
LAC'EAU Abris Piscine;17 Rue de l'Étang 34470 Pérols France;http://laceauabripiscine.fr/;;;;;;;;;;
Lacs de la Monnerie;All. de la Monnerie 72200 La Flèche France;;;;;;;;;;;
Laetitia Piscines;28 Rue du Grand Chemin 33240 Saint-Gervais France;http://www.piscine-coque.fr/;;;;;;;;;;
Lagon du Bois de Saint-Pierre;Bois de Saint-Pierre 86240 Smarves France;https://www.poitiers.fr/piscine-lagon;;;;;;;;;;
L'Agora Piscine Lannilis;Zone de Kerlouis 13 Rue de l'Alsace-Lorraine 29870 Lannilis France;https://lagorapiscine.com/;;;;;;;;;;
Lagrave rénovation piscine;18 Pl. de l'Église 81150 Lagrave France;;;;;;;;;;;
Lagune étanchéité (pose de liner armé 150/100ème);1 Rue des Pibaleurs 40480 Vieux-Boucau-les-Bains France;;;;;;;;;;;
La-Konnet;17 L'Etrade 23700 Rougnat France;;;;;;;;;;;
L'AMBIANCE EXTERIEURE - Piscine - Aménagement extérieur - Spa;1 Imp. du Fief de l'Etang 17540 Saint-Sauveur-d'Aunis France;https://www.lambianceexterieure.fr/;;;;;;;;;;
L'Ancienne Bergerie;3 A Rue des Pierres 67700 Otterswiller France;http://anciennebergerie.fr/;;;;;;;;;;
Landes Piscine;654 Bd Saint-Vincent-de-Paul 40990 Saint-Paul-lès-Dax France;https://www.landes-piscine.com/;;;;;;;;;;
Langres Piscines;42 Rte de Dijon 52200 Saints-Geosmes France;https://langres-piscines.fr/;;;;;;;;;;
Lariviere piscine;10 Rue Lamartine 66270 Le Soler France;;;;;;;;;;;
L'AROBASE Piscine;Rue Jacques Doyen 80700 Roye France;https://www.roye.eu/mes-loisirs/centre-aquatique-l-arobase/renseignements-pratiques/;;;;;;;;;;
L'artisan du Bassin;999 Av. du 7ème Régiment du Tirailleur Algériens 13190 Allauch France;https://lartisandubassin.fr/;;;;;;;;;;
LaSalle. | Salle de sport | Coaching | Cours Collectifs;Centre commercial Hyper Intermarché 262 Av. René Coty 76190 Sainte-Marie-des-Champs France;https://lasalle-fit.fr/;;;;;;;;;;
Laser game / Mini Bowling / BAR / Curling / Karaoké/ Jeux d’arcade / WARRIOR'S 3600;Rte du Petit Plan 38860 Les Deux Alpes France;https://www.warriors3600.fr/;;;;;;;;;;
L'Atelier Piscine;La Noé Colombier 35740 Pacé France;https://latelierpiscine.fr/?utm_source=ig&utm_medium=social&utm_content=link_in_bio&fbclid=PAdGRleASC1xtleHRuA2FlbQIxMQBzcnRjBmFwcF9pZA8xMjQwMjQ1NzQyODc0MTQAAadlhdMYL_j4onU3su5G8plK0zwaDhpPAh1g-5PHIFT0NDLXbS7jXug1Q0NMdA_aem_BofzeIUiT6tUWDi6JeFRlA;;;;;;;;;;
Laurence Martin Natation;6 Pl. de Cerdagne 66800 Saillagouse France;http://laurencemartin-natation.com/;;;;;;;;;;
Laurent piscine;7 Rue de la Moutade 63350 Joze France;http://www.laurentpiscine.com/;;;;;;;;;;
LB Piscine Concept;417 Rue du Camp des Monges 46000 Cahors France;;;;;;;;;;;
LBPiscines Services;Chem. de las Argilos 31840 Aussonne France;https://www.facebook.com/profile.php?id=61581535292286&sk=about&locale=fr_FR;;;;;;;;;;
LCA;1119 Quai des Moulins 34200 Sète France;;;;;;;;;;;
LD Beauty Nails;50 A Rue André Mercier 62156 Vis-en-Artois France;https://www.facebook.com/profile.php?id=100082516491618;;;;;;;;;;
LD piscine;Le Suquet 81260 Fontrieu France;;;;;;;;;;;
LE BASSIN FRANCAIS;Zi de la Grande Lande 49600 Andrezé France;https://lebassinfrancais.fr/;;;;;;;;;;
Le Bois de Païolive;07460 Berrias-et-Casteljau France;http://www.explo.fr/;;;;;;;;;;
Le Bois des Girondins;85280 La Ferrière France;;;;;;;;;;;
Le Canyon;8 Rue Henri Wallon 93800 Épinay-sur-Seine France;https://www.vert-marine.com/canyon/;;;;;;;;;;
Le Castelo spa;Wifak erak 1370 Bd Al Khansae Témara 12010 Maroc;;;;;;;;;;;
Le Cirque de Gens;07120 Ruoms France;;;;;;;;;;;
Le Clos de l'Amandier;15b Chem. des Amandiers 21200 Beaune France;https://leclosdelamandier.com/;;;;;;;;;;
Le Clou d’Or Piscines;2 Rue de la Vaugine 70000 Vesoul France;;;;;;;;;;;
LE COMPTOIR DE L EAU;731 Previnquières 12540 Cornus France;;;;;;;;;;;
Le Cristal Centre Sportif De La Vanoise;159 Rte du Plateau 73710 Pralognan-la-Vanoise France;https://lecristalpralognan.fr/;;;;;;;;;;
Le Gall Santé Services;Rue de la Piscine 49125 Tiercé France;;;;;;;;;;;
Le Grand Bain - École de natation;33 Rue du Colonel Driant 29100 Douarnenez France;https://ecolenatation-legrandbain.fr/;;;;;;;;;;
Le Haras de Diane - Centre équestre;8b Rue Principale 57830 Diane-Capelle France;https://www.facebook.com/search/top?q=haras%20de%20diane;;;;;;;;;;
LE JARDIN DE RENÉE;Vircoulon 33220 Saint-Avit-de-Soulège France;https://le-jardin-de-renee.fr/;;;;;;;;;;
Le Jardin des Nénuphars Latour Marliac et sa pépinière Historique;228 Rte de Péchavis 47110 Le Temple France;http://latour-marliac.com/fr/;;;;;;;;;;
Le jardin d'Ô35 aux Nouvelles cliniques nantaise;3 Rue Éric Tabarly 44000 Nantes France;http://www.o35.fr/;;;;;;;;;;
Le Kubdo;26 Av. du 11 Novembre 69110 Sainte-Foy-lès-Lyon France;https://kubdo.saintefoyleslyon.fr/;;;;;;;;;;
Le lac de Saujon;Unnamed Road 17600 Saujon France;;;;;;;;;;;
Le Lagon - Domaine de la Dragonnière;RD 612 34450 Vias France;https://www.sandaya.fr/nos-campings/domaine-de-la-dragonniere;;;;;;;;;;
Le Lagon Bleu;1985 Chem. de Bienabe 40330 Amou France;http://lagon-bleu.fr/contact/;;;;;;;;;;
Le Moulin de Laprade;Route de Villefranche D60 24550 Prats-du-Périgord France;;;;;;;;;;;
Le moulin du Rédounel;12230 La Couvertoirade France;;;;;;;;;;;
Le Nautil;RD 21- La Mare au Coq 77340 Pontault-Combault France;http://le-nautil.fr/;;;;;;;;;;
Le Nautilus;35 Rue Léo Lagrange 80080 Amiens France;https://www.amiens.fr/Vivre-a-Amiens/Sport/Les-grands-equipements-sportifs/Le-Nautilus;;;;;;;;;;
Le Nuage - Montpellier;769 Av. de la Mer-Raymond Dugrand 34000 Montpellier France;https://le-nuage.fr/;;;;;;;;;;
Le paradis terrestre;Les Monts 50450 Gavray-sur-Sienne France;;;;;;;;;;;
Le Parc de la Belle Aude;Rue du Saut Roland 35210 Luitré-Dompierre France;;;;;;;;;;;
Le Pas de Roland;Sent. du Pass. de Roland 64250 Itxassou France;https://itxassou.fr/loisirs-plein-air-activites;;;;;;;;;;
Le Pigeonnier;Rte du Maréchal-Ferrant 24200 Marcillac-Saint-Quentin France;https://twpmodesto.com/pigeonnier-hotel-8ixhu1;;;;;;;;;;
le piscinier du lignon;66 Rue des Maraîchers 17140 Lagord France;http://www.lepiscinierdulignon.fr/;;;;;;;;;;
Le Piscinier Roannais;Rue Georges Clemenceau 446 42153 Riorges France;https://www.le-piscinier.com/;;;;;;;;;;
Le R'Epi Normand;4 Rue des Anciens Combattants 76450 Ourville-en-Caux France;;;;;;;;;;;
Le Roc Nantais;12230 Nant France;https://www.nantaveyron.fr/randonnees-aveyron.html;;;;;;;;;;
Le Sauna Romorantin;2 A Rue Pasteur 41200 Romorantin-Lanthenay France;https://urbanform.pro/;;;;;;;;;;
Le Sentier des Ocres;sentier des ocres 84220 Roussillon France;https://roussillon-en-provence.fr/decouvrir-2/sentier-des-ocres/;;;;;;;;;;
Le Spot Nautique Saint-Suliac;Quai de Rance 35430 Saint-Suliac France;http://le-spot-nautique.bzh/fr/pages/Les_spots/SAINT+SULIAC/;;;;;;;;;;
Le Stade Joseph Guillemot;87210 Le Dorat France;http://www.ledorat.reseaudescommunes.fr/fr/information/3325/equipements-sportifs;;;;;;;;;;
Le Time Parc - Parc de Structures Gonflables et Jeux Tubulairess;Zone industrielle Bois Renaud 86400 Val-de-Comporté France;http://letimeparc.wix.com/letimeparc;;;;;;;;;;
Le Val des Cimes Parc Aventure;Le Val de L'Air 14130 Saint-Gatien-des-Bois France;https://www.val-des-cimes-parcaventures.fr/;;;;;;;;;;
L'Edune;50610 Jullouville France;;;;;;;;;;;
LÉMIX piscine;69 grande rue 69840 Jullié France;;;;;;;;;;;
Leonidas Piscine;34 Av. du 18 Juin 1940 33127 Martignas-sur-Jalle France;;;;;;;;;;;
LEPERE PISCINES;2412 Chem. Long 83260 La Crau France;http://www.leperepiscines.fr/;;;;;;;;;;
Leroux Paysage & SPA;3 ter Rue nationale 49740 La Romagne France;https://www.lerouxpaysage-spa.fr/;;;;;;;;;;
Leroy Piscines Installation;68 Rue René Cassin 02200 Villeneuve-Saint-Germain France;;;;;;;;;;;
Les 2 Chaumières;109 Saint-Valéry 76660 Osmoy-Saint-Valery France;;;;;;;;;;;
Les amis de la roseraie de Saint Galmier;Étang des Rivières 42330 Saint-Galmier France;;;;;;;;;;;
Les Antilles de Jonzac;Parc du Val de Seugne ZAC du Val de Seugne 17500 Jonzac France;http://www.lesantillesdejonzac.com/;;;;;;;;;;
les bains de almaz;G89F+QPG mansour abassi Bd de la Résistance Casablanca Maroc;;;;;;;;;;;
Les Bains de l'Austreberthe;Av. Georges Gratigny 76360 Barentin France;https://lesbains.caux-austreberthe.fr/;;;;;;;;;;
Les Bains de l'Isle;6 Rue Paul Valéry 33660 Saint-Seurin-sur-l'Isle France;https://www.lesbainsdelisle.fr/;;;;;;;;;;
Les Bains des Docks;Quai de la Réunion 76600 Le Havre France;https://www.les-bains-des-docks.com/;;;;;;;;;;
Les Bains Kenaria;Bain Maure N 132 Marrakech 40040 Maroc;https://lesbainskenaria.com/;;;;;;;;;;
Les Bassins D'Alphea;Le Moulin des Landes 44119 Grandchamp-des-Fontaines France;https://alphea-lesbassins.fr/;;;;;;;;;;
Les Bassins D'Ardéa;Rte D Héric 44390 Nort-sur-Erdre France;https://ardea-lesbassins.fr/;;;;;;;;;;
Les Bassins de Ré;57 bis Rue des Chênes Verts 17940 Rivedoux-Plage France;https://bassinsdere.com/;;;;;;;;;;
Les Bassins d'Oréa;150 Bd du Futur 65300 Lannemezan France;https://www.lesbassinsdorea.fr/;;;;;;;;;;
Les cascades et piscines de la Carena;D445 20243 San-Gavino-di-Fiumorbo France;;;;;;;;;;;
Les Chalets de Mirabel;Les Blaches 26110 Mirabel-aux-Baronnies France;http://chaletsdemirabel.fr/;;;;;;;;;;
Les Chalets du Lac;La Courtade Haute 81600 Rivières France;http://www.leschaletsdulac.com/;;;;;;;;;;
Les étangs Potier;2 Rue de l'Étang 85150 Saint-Georges-de-Pointindoux France;;;;;;;;;;;
Les fontaines rouges;37240 Esves-le-Moutier France;;;;;;;;;;;
Les Grands Gâts;Rte de Chaon 41600 Souvigny-en-Sologne France;;;;;;;;;;;
Les Halles de l'Habitat Vals-les-Bains;41 Fbg d'Antraigues 07600 Vals-les-Bains France;https://www.halles-habitat.fr/vals-les-bains;;;;;;;;;;
Les Hammams de la Mosquée Hassan II;Bd Moulay Youssef Casablanca 20000 Maroc;https://leshammams.ma/%20,jdkddm;;;;;;;;;;
Les jardins de la Poterie Hillen;Les jardins de la Poterie Hillen 1675 route de Lalanne 65230 Thermes-Magnoac France;http://les-jardins-de-la-poterie-hillen.blogspot.com/;;;;;;;;;;
Les Jardins Québécois Piscines;13 Rue de Beaufort ZA Croix Fort 17220 Saint-Médard-d'Aunis France;http://www.lesjardinsquebecois-piscines.fr/;;;;;;;;;;
Les jets d'eau de la Pépinière;All. Bernard Feder 54000 Nancy France;;;;;;;;;;;
Les Maisons Maquets;13 Rte d'Essises 02540 Rozoy-Bellevalle France;https://www.maisonsmaquets.fr/;;;;;;;;;;
Les Océades;1 Av. Pierre-Gilles de Gennes 37540 Saint-Cyr-sur-Loire France;http://www.lesoceades.fr/;;;;;;;;;;
Les Océades - Sargé-lès-Le Mans;ZAC de la Pointe 72190 Sargé-lès-le-Mans France;http://lesoceades.fr/;;;;;;;;;;
Les Ôcybelles;Lerle 65150 Nestier France;http://www.ocybelles.fr/;;;;;;;;;;
Les Petits Baigneurs;3 Rue de la Découverte 77600 Chanteloup-en-Brie France;https://www.lespetitsbaigneurs.com/nos-piscines/chanteloup-en-brie;;;;;;;;;;
Les Petits Baigneurs Provins;6 Rte de Bray 77160 Provins France;https://lespetitsbaigneurs.com/piscine/provins/;;;;;;;;;;
Les pierres d'eau;ZA LA GARE 69620 Légny France;http://www.lespierresdeau.fr/;;;;;;;;;;
Les piscines de Charente;5 Rte de Condé 16120 Bassac France;https://www.lespiscinesdecharente.fr/;;;;;;;;;;
Les Piscines de Valentin;7 Rue Auguste Rodin 28630 Le Coudray France;http://www.lespiscinesdevalentin.fr/;;;;;;;;;;
Les Piscines Defoort;281 Rte de Cahors 47370 Tournon-d'Agenais France;;;;;;;;;;;
LES PISCINES D'INAYA;23 Rue Raymond Berniolle 10300 Sainte-Savine France;;;;;;;;;;;
Les Piscines du Garlaban | Coque Polyester et Céramique;40 Trav. de la Vallée 13400 Aubagne France;https://www.lespiscinesdugarlaban.fr/;;;;;;;;;;
Les piscines tourangelles;7 Rochette 37310 Reignac-sur-Indre France;;;;;;;;;;;
Les Rénovateurs Piscines - Mondial Piscine;298 Av. lou Gabian 83600 Fréjus France;https://lesrenovateurspiscines.fr/;;;;;;;;;;
Les Roses de Coulon;47310 Sainte-Colombe-en-Bruilhois France;https://www.abritel.fr/location-vacances/p2003645?uni_id=2179524&adultsCount=1&childrenCount=0&noDates=true;;;;;;;;;;
les sentiers de la cote de Deuil;4 Rue Georges Dessailly 95170 Deuil-la-Barre France;https://sentiers.site/;;;;;;;;;;
Les Tuilières Piscine Municipale;469 Chem. des Tuilières 06220 Vallauris France;https://www.vallauris-golfe-juan.fr/20700-les-equipements-sportifs.htm;;;;;;;;;;
Les Vagues de la Concorde;26 Av. de la Concorde 91270 Vigneux-sur-Seine France;https://www.vyvs.fr/equipements/piscine/les-vagues-de-la-concorde.html;;;;;;;;;;
Les Vallons de Joséphine;Le brouillet 24250 Veyrines-de-Domme France;;;;;;;;;;;
LESEA;Rés Alba Rossa 20140 Serra-di-Ferro France;https://www.lesea-corse.fr/;;;;;;;;;;
Lespetitsnageursdedouvrin;2 Rue du Capitaine Dulieux 62138 Douvrin France;;;;;;;;;;;
Leswim;ZA de la Planque 2 Bis Rue Nicéphore Niépce 59710 Ennevelin France;http://www.le-swim.fr/;;;;;;;;;;
Let Piscine Service;110 Rte de St Romain 01140 Saint-Didier-sur-Chalaronne France;;;;;;;;;;;
L'évidence;2733 route de Selles 41200 Pruniers-en-Sologne France;https://www.levidence41.com/;;;;;;;;;;
LG2P;Imp. des Lilas 26140 Anneyron France;;;;;;;;;;;
Lhuis Piscines;440 Rte D'ANSOLIN 01680 Lhuis France;https://www.lhuis-piscines.fr/;;;;;;;;;;
Liberty Country Club;2 Rte de Thiverval 78850 Thiverval-Grignon France;https://www.libertycountryclub.fr/;;;;;;;;;;
Lieu de baignade de l'Étang de la Bonde;Étang de la Bonde 84240 France;;;;;;;;;;;
L'île aux géants;Chem. de Beau Chapeau 86130 Dissay France;;;;;;;;;;;
L'Île Fantastique;All. de la Monnerie 72200 La Flèche France;https://www.lilefantastique.fr/;;;;;;;;;;
L'Île Verte;34 Rue Eugène Sinet 92290 Châtenay-Malabry France;https://vallee-aux-loups.hauts-de-seine.fr/les-autres-lieux-de-promenade/l-ile-verte;;;;;;;;;;
Liner Pool - Etanchéité Piscine;ZAE Les Justices 4 Rue des Acacias 2 17530 Arvert France;http://www.linerpool.fr/;;;;;;;;;;
L'Isle Jourdain - Piscine Intercommunale;1 avenue du Bataillon de l’Armagnac 32600 L'Isle-Jourdain France;https://www.ccgascognetoulousaine.com/sortir-decouvrir/sport-et-loisirs/la-piscine-intercommunale/;;;;;;;;;;
L'isle O bulles;35 Rue Edouard Branly 44150 Ancenis-Saint-Géréon France;http://www.lisleobulles.com/;;;;;;;;;;
Lixus Golf Resort Larache;6VH8+299? Unnamed Rd Larache Maroc;;;;;;;;;;;
LKE entretien piscine;147 Av. de la Liberté 06220 Vallauris France;;;;;;;;;;;
LM L'eau;Rue de la Forêt 27100 Val-de-Reuil France;http://lmleau.fr/?utm_source=gmb;;;;;;;;;;
LM Piscines;28 Rue des Bernardines 21110 Tart France;https://lm-piscines.com/;;;;;;;;;;
L'O Piscines;138 Av. Pierre Dumond 69290 Craponne France;https://www.instagram.com/lo_piscines/;;;;;;;;;;
L'Oasis;61 Rue de la Syrah 34370 Maraussan France;https://sites.google.com/view/loasismaraussan/accueil;;;;;;;;;;
L'oasis Piscine & Jardin;3272 D559 83380 Roquebrune-sur-Argens France;;;;;;;;;;;
Location Baie de Somme / Maison avec piscine intéreure / Saint Valéry;7 Imp. du Verger 80140 Martainneville France;;;;;;;;;;;
Location de Piscine sur région Cluny;46 Impasse de la source 71250 La Vineuse sur Fregande France;;;;;;;;;;;
location piscine privée vallée de l'eyrieux à proximité de privas et valence;Les Balanges 07360 Saint-Vincent-de-Durfort France;;;;;;;;;;;
Locu Pianu;20246 Sorio France;;;;;;;;;;;
L'Olympide Recherche de fuite piscine;12 Rue du Cerisier 67270 Alteckendorf France;https://lolympide.com/;;;;;;;;;;
L'Orée du Perche;7 La Haudière 61190 Charencey France;http://loreeduperche.com/contact.html;;;;;;;;;;
Lot-piscine;Mas de tourel Ouest 46320 Livernon France;http://lot-piscine.eu/;;;;;;;;;;
Louise émoi Savonnerie Artisanale;Za Borio Novo 81570 Vielmur-sur-Agout France;https://www.louiseemoi.com/;;;;;;;;;;
Lp Piscines;1 Ven. du Lavoir Miauray 79260 Romans France;https://lppiscines.com/;;;;;;;;;;
LR Piscines;88 Av. Charles de Gaulle 81600 Gaillac France;http://coque-piscine-direct-usine.fr/;;;;;;;;;;
LUD'EAU PISCINES;14 Rte de Boyer 71240 Gigny-sur-Saône France;;;;;;;;;;;
LUDIBULLE Horaires piscine;25 Rue de l'Ancienne Foire 76370 Petit-Caux France;https://ludibulle.fr/;;;;;;;;;;
Lyatera;41 Rue des Drapiers 57070 Metz France;http://lyatera.fr/;;;;;;;;;;
M&C PISCINES;2 Le Carney 33240 Lugon-et-l'Île-du-Carnay France;https://mcpiscines33.fr/;;;;;;;;;;
M2P Piscine;Rte de Bras 83470 Saint-Maximin-la-Sainte-Baume France;https://m2ppiscine.wordpress.com/;;;;;;;;;;
M3 Piscine;Trav. de la Douce 83510 Lorgues France;http://www.m3piscine.fr/;;;;;;;;;;
Ma Nouvelle Piscine;ZA de Kerganet 29120 Pont-l'Abbé France;https://www.ma-nouvelle-piscine.fr/;;;;;;;;;;
MA PISCINE COQUE distributeur de Génération piscine;79 Av. Valéry Giscard d'Estaing 95290 L'Isle-Adam France;http://mapiscinecoque.eu/;;;;;;;;;;
MA PISCINE MOBILE;699 Rte de la Bougie 38780 Estrablin France;http://www.mapiscinemobile.fr/;;;;;;;;;;
Maca SARL;Zone Artisanale Les Coutumes 27930 Guichainville France;https://maca-piscines27.fr/;;;;;;;;;;
Maenno Piscine;890 la Terre Rouge 72250 Parigné-l'Évêque France;https://www.facebook.com/108053348809924;;;;;;;;;;
Magasin de CBD Moyeuvre Grande cbd'eau;13A Rue du Moulin 57250 Moyeuvre-Grande France;https://www.cbdeau.fr/;;;;;;;;;;
Magasin Joannes Paysages Piscine & Spa;2 Rue des Bruyères 88400 Gérardmer France;http://www.joannes-paysages.fr/?utm_source=gmb;;;;;;;;;;
Magic Pool - Piscine de la Plagne Bellecôte;front de neige de la 73210 La Plagne Tarentaise France;https://www.aquaplagne.fr/center/magicpool/;;;;;;;;;;
Magic Village;P3336 Mediouna Maroc;https://www.facebook.com/share/12LYMiivgAp/?mibextid=wwXIfr;;;;;;;;;;
MAGILINE;Rue du 23 Novembre 67118 Geispolsheim France;http://www.magiline.com/;;;;;;;;;;
Maglian'eau Piscine;15 All. de Julia 31190 Grazac France;https://maglianeau-piscine.fr/;;;;;;;;;;
Mairie - piscine;Rue de l'Hermitage 23300 La Souterraine France;;;;;;;;;;;
Mairie - piscine municipale complexe du vabre-été uniquement;Place Gross Gérau 83170 Brignoles France;;;;;;;;;;;
MAIRIE (Service Enseignement Jeunesse et;0 Rue Louis Coroller du Moustoir 56100 Lorient France;;;;;;;;;;;
Maison;All. des Loisirs 31110 Saint-Mamet France;;;;;;;;;;;
Maison des lacs - Capitainerie de Mesnil-Saint-Père;14 Rue du Lac 10140 Mesnil-Saint-Père France;https://www.aube.fr/100-lacs-et-sports-nautiques.htm?utm_source=gmb;;;;;;;;;;
Maison des Sports - Complexe sportif Jean-Moulin;51 Rue Francis de Pressensé 95870 Bezons France;https://www.ville-bezons.fr/temps-libre/sports/equipements-sportifs/;;;;;;;;;;
Maison Piscines;150 Av. de l'Espace 59118 Wambrechies France;http://www.maisonpiscines.fr/;;;;;;;;;;
Maitrise Piscine;8 Impasse du Haut Le Placeno 56190 Muzillac France;;;;;;;;;;;
Mangin Piscines et Rénovations;66 quater Rue de Nancy 54280 Brin-sur-Seille France;;;;;;;;;;;
Manoir de Montaphilant;4 Rue de Montaphilant 10290 Trancault France;;;;;;;;;;;
Mantione Calogéro;106 Voie de la Crémaillère 73100 Mouxy France;https://www.mantione-constructeur-piscine.fr/;;;;;;;;;;
Manu Piscines;547 Rte de Saint-Ouen 14340 Le Pré-d'Auge France;http://www.manu-piscines.fr/;;;;;;;;;;
Mapico;Immeuble Gemellus 20137 Porto-Vecchio France;https://mapico.fr/;;;;;;;;;;
MaPiscinePrivée;5 Rue de Conflans 94220 Charenton-le-Pont France;https://mapiscineprivee.com/;;;;;;;;;;
Marais de Colleville (entrée);17 All. des Fleurs 14880 Colleville-Montgomery France;;;;;;;;;;;
Marc LECHEVIN - Piscine et Spa;8 Les Bretons 45320 Courtenay France;https://www.facebook.com/MarcLechevinPiscineSpa;;;;;;;;;;
Marchica Beach;539P+GF6 Corniche Nador 62000 Maroc;;;;;;;;;;;
Marine et Blanc Piscines Médoc;24 Rte de Lesparre 33340 Gaillan-en-Médoc France;;;;;;;;;;;
Market Spas Nord-Pas-de-Calais - Magasin spas & jacuzzi & Sauna;4 ZAC du Moulin 80210 Feuquières-en-Vimeu France;https://marketspas.com/;;;;;;;;;;
Maroc fitness;Oulad Teima 83350 Maroc;https://www.instagram.com/marocfitnessx;;;;;;;;;;
Mas de Saribou;109 Saribou 07200 Vesseaux France;http://www.masdesaribou.fr/;;;;;;;;;;
Masahé Massage bien-etre;258 Chem. du Cru 01440 Viriat France;;;;;;;;;;;
Massage Essaouira;N4 Rue Abdelazziz Al Fachtali Essaouira 44000 Maroc;https://www.massage-essaouira.com/;;;;;;;;;;
Massif de Saou;26400 Saou France;;;;;;;;;;;
MB Design & Piscine;1 Imp. du Serin Cini 31600 Lherm France;;;;;;;;;;;
MB5 Piscine;79 Rue des Sables À Bouilly 89600 Vergigny France;http://www.mb5-piscine.fr/;;;;;;;;;;
MCEP Piscines;12 Rue du Père 17290 Aigrefeuille-d'Aunis France;https://www.facebook.com/profile.php?id=61556763185036;;;;;;;;;;
MCR PISCINES & SPAS;6 Avenue de garrigues Le Devois 30600 Vestric-et-Candiac France;https://www.mcrspas.fr/contact;;;;;;;;;;
MD Création;30 STRITTA DI U BELOMBRA 20131 Pianottoli-Caldarello France;;;;;;;;;;;
Mecaspa;1 Rue de l'Europe 57370 Phalsbourg France;http://www.mecaspa.fr/;;;;;;;;;;
MEDOC PISCINE;8 Rue de L Hôpital 33590 Grayan-et-l'Hôpital France;;;;;;;;;;;
MegaSpa / Ove Promotion;Zone d’activité du plan occidental Chemin de Fondurane 83440 Montauroux France;;;;;;;;;;;
meilleurs spas de nage;19 Rue Gutenberg 91620 Nozay France;http://meilleur-spa-de-nage.com/;;;;;;;;;;
Mental'eau;21 Av. du Maréchal Leclerc 33140 Villenave-d'Ornon France;http://www.mentaleau.fr/;;;;;;;;;;
Meryl Natur'Aesthetica;Route de Bozel Villard-du-dessous 73350 Champagny-en-Vanoise France;https://www.sumupbookings.com/naturaesthetica;;;;;;;;;;
MEYSSAC COLLONGES;Piscine Camping 19500 Collonges-la-Rouge France;https://tenup.fft.fr/club/59190039?utm_source=gmb;;;;;;;;;;
MG piscine;433 Chem. du Menou 38480 Saint-Jean-d'Avelanne France;;;;;;;;;;;
MG Pool Concept;33 Le Rouillou 85280 La Ferrière France;https://www.mgpoolconcept-paysagiste.fr/;;;;;;;;;;
Midot Piscine;32 Bis Rue des Chenevières 70230 Montbozon France;https://www.midot-piscine.fr/;;;;;;;;;;
Mini piscine;56 Rue Paul Bert 35000 Rennes France;https://www.minipiscine.fr/;;;;;;;;;;
mini-golf;Centre Sportif Les Longes 73130 St François Longchamp France;https://www.saintfrancoislongchamp.com/equipement/centre-sportif-des-longes-saint-francois-longchamp/;;;;;;;;;;
Mirepoix Natation;10 Av. Maréchal Foch 09500 Mirepoix France;;;;;;;;;;;
MJM Piscine;600 A Rte des Vignes 26600 Beaumont-Monteux France;https://mjmpiscine.fr/;;;;;;;;;;
Mld services piscine;Résidence Les Côteaux 91160 Longjumeau France;;;;;;;;;;;
Mnar Park;KM 8 Rue Ksar Sghir Tanger Maroc;http://www.mnarpark.com/;;;;;;;;;;
MO Piscines;57 Bis Grand-rue 32100 Caussens France;;;;;;;;;;;
Modernisation Piscine;2 Bouey 33540 Sauveterre-de-Guyenne France;http://www.modernisationpiscine.com/;;;;;;;;;;
Modern'O Piscine;336 Chem. des Areniers Mas Gounfla 13690 Graveson France;;;;;;;;;;;
Mon Espace Piscine;185 Imp. des Vignes Rouges 74500 Publier France;http://monespacepiscine.fr/;;;;;;;;;;
Mondial Piscine - Espace Bleu;«Green Park» 14123 Ifs France;https://www.mondial-piscine.eu/concession/normandie/espace-bleu-caen/;;;;;;;;;;
Mondial Piscine Colmar;84 Grand Rue 68240 Fréland France;https://colmar.mondial-piscine.eu/;;;;;;;;;;
Mont Blanc piscine;Grand Rue 74160 Saint-Julien-en-Genevois France;;;;;;;;;;;
Montans piscine;10 Chem. des Vignes 81600 Montans France;;;;;;;;;;;
montbrun aventure;l'autun 26570 Montbrun-les-Bains France;http://montbrun-aventure.fr/;;;;;;;;;;
Moovea;Z.I du 44116 Vieillevigne France;https://www.moovea.fr/;;;;;;;;;;
Mortain cascade;50140 Mortain-Bocage France;;;;;;;;;;;
Mosny Herve;10 Av. Libert 91210 Draveil France;;;;;;;;;;;
Motocross RVA chavanges;10330 Montmorency-Beaufort France;https://www.facebook.com/rvachavanges/;;;;;;;;;;
Mouvéo Centre de remise en forme en piscine;35 Impasse Félix Nadar 16000 Angoulême France;http://www.mouveo-angouleme.fr/;;;;;;;;;;
MP 66;Av. Pau Casals 66300 Ponteilla France;;;;;;;;;;;
MPBS Piscines;3 Rue Clément Ader 34430 Saint-Jean-de-Védas France;https://www.mpbspiscines.com/;;;;;;;;;;
MR Services;Rue de Dijon 21310 Belleneuve France;;;;;;;;;;;
Mrpiscine;83520 Roquebrune-sur-Argens France;;;;;;;;;;;
MSG Piscine;15 La Houssais 35360 Montauban-de-Bretagne France;https://www.facebook.com/people/MSG-Piscine/100074882916551/;;;;;;;;;;
MSPS Rénovation piscine Entretien piscine Réparation piscine maçonnerie;272a Chem. des Plaines 13760 Saint-Cannat France;http://www.msps-accanteau.fr/;;;;;;;;;;
MT Aménagements;Chemin des Essarts 68570 Soultzmatt France;https://www.mt-amenagements.fr/?utm_source=Google&utm_medium=My%20Business;;;;;;;;;;
MT Piscine;2 Les Chaumes 86470 Boivre-la-Vallée France;;;;;;;;;;;
MTS piscine;132 B Les Deveys 38160 Izeron France;;;;;;;;;;;
MULAC SPA;Rue de la briqueterie 14360 Trouville-sur-Mer France;http://www.mulacspa.com/;;;;;;;;;;
Mulhouse Olympic Natation;51 Bd Charles Stoessel 68200 Mulhouse France;http://www.mulhouse-olympic-natation.fr/;;;;;;;;;;
Multiservices;2 Route De Vente Cual 07110 Largentière France;;;;;;;;;;;
My Pool;1 Rle du Pont de l'Orne 72210 Roëzé-sur-Sarthe France;;;;;;;;;;;
My Private Pool;Les Charmilles 28 Chem. des Fades Entrée C 06110 Le Cannet France;http://www.myprivatepool.com/;;;;;;;;;;
Nageo;13bis Rue de Brienne 10700 Arcis-sur-Aube France;https://nageo.fr/;;;;;;;;;;
Nager Bouger - Cours de natation - La P'tite Piscine (Les Sorinières);12 Rue de la Haute Lande 44840 Les Sorinières France;http://www.nagerbouger.fr/;;;;;;;;;;
Naginox;27 Rue Gustave Eiffel 74600 Seynod France;https://naginox.com/;;;;;;;;;;
Nantucket Pool;Av. Robert Schuman 77700 Chessy France;https://www.disneylandparis.com/fr-fr/loisirs/piscine-disneys-newport-bay-club/;;;;;;;;;;
Nat' à Plouf;All. Avel Dro 56230 Berric France;http://www.nataplouf.com/;;;;;;;;;;
Natation Sizun - Clément Tireau;Rue de Cornouaille 29450 Sizun France;http://www.natationsizun.com/;;;;;;;;;;
Natation Sport Béarn;33140 Villenave-d'Ornon France;;;;;;;;;;;
Natnins – Bébé nageur & école de natation à Salses-le-Château;5 Rue des Abricots 66600 Salses-le-Château France;http://www.natnins.com/;;;;;;;;;;
Natural pool;11220 Lagrasse France;;;;;;;;;;;
Naturaswim Saône et Loire;328 Les Tailles 71130 Curdin France;;;;;;;;;;;
Nature Pro Piscine;906 Les Blaches 26760 Montéléger France;https://m.facebook.com/105025928724070;;;;;;;;;;
Nauti Dombes - Piscine Gisèle Baconnier;192 Av. des Nations 01330 Villars-les-Dombes France;https://www.nautidombes.fr/;;;;;;;;;;
NAUTI PARC PLAGE;9 Rue des Goelettes 11560 Fleury France;https://nautiparc.fr/;;;;;;;;;;
Nautic club cepoy;Lac de 45210 Cepoy France;;;;;;;;;;;
Nautic Club Rieulay;19 Rue Suzanne Lanoy 59870 Rieulay France;;;;;;;;;;;
Nautipolis;150 Rue du Vallon 06560 Valbonne France;https://nautipolis.fr/;;;;;;;;;;
Nautique Entente Chalonnaise;Bd Justin Grandthille 51000 Châlons-en-Champagne France;;;;;;;;;;;
NEA PISCINES & SPAS;5 Rue Chapelet 64200 Biarritz France;https://nea-piscine-et-spa.e-monsite.com/;;;;;;;;;;
Neptune Piscines;ZA Descaillaux 31430 Saint-Élix-le-Château France;https://www.neptunepiscines31.fr/;;;;;;;;;;
Neptune Piscines Gard;89 Chem. des Grèzes 30720 Ribaute-les-Tavernes France;https://neptune-piscines-gard.com/;;;;;;;;;;
Néréides Piscines;1 Bd des Bretonnières 49124 Saint-Barthélemy-d'Anjou France;http://www.nereides-piscines.fr/;;;;;;;;;;
Nevbatcentrepiscine;Rue Marcel Paul 18100 Vierzon France;;;;;;;;;;;
NG Piscine;18 Qur le Bezinat 09700 Saint-Quirc France;;;;;;;;;;;
Nico Piscines;All. les Louisianes allée des 33380 Biganos France;https://www.nicopiscines-bassindarcachon.fr/;;;;;;;;;;
Nicolas DEVAUX - Balnéo Sport et Rééducation Piscine Kinésithérapeute;865 Av. de la République 59700 Marcq-en-Barœul France;https://www.doctolib.fr/masseur-kinesitherapeute/marcq-en-baroeul/nicolas-devaux;;;;;;;;;;
NO PROBLEMO;Villa ALEGRIA avenue Girard domaine de 83120 Sainte-Maxime France;https://noproblemo-piscines.com/;;;;;;;;;;
Nymfé’Ô Dinan;38 Bd de Préval 22100 Quévert France;https://www.nymfeo.fr/;;;;;;;;;;
Ô CAP;73Q Rue de l'Égalité 62290 Nœux-les-Mines France;http://www.ocap62.fr/;;;;;;;;;;
O et Forme;41 rue Pierre Gilles de Gennes Kervidanou 3 29300 Mellac France;https://oetforme.fr/;;;;;;;;;;
Ô Pézenas;84 Av. de Plaisance 34120 Pézenas France;https://centresaquatiquesagglo.com/aqua-opezenas/;;;;;;;;;;
O PH ÎLE DE L'EAU;7 Rue des Hérons 17230 Saint-Ouen-d'Aunis France;;;;;;;;;;;
O’Rizon Piscine;Le Chambon O 07260 Joyeuse France;;;;;;;;;;;
Oasis Chaouia berrechid;OASIS CHAOUIA R318 Berrechid Maroc;https://www.facebook.com/share/15zfjhgfAp/;;;;;;;;;;
OC Piscine;48 Imp. des Guerrets 71870 Hurigny France;http://www.ocpiscine.fr/;;;;;;;;;;
Occitania Piscine;Rue de la Pierresse 31810 Vernet France;;;;;;;;;;;
Océ'âne;Kérael 29160 Lanvéoc France;http://www.oceane-crozon.net/;;;;;;;;;;
OCEAZUR THOMAS PISCINES;20 Rue Jacques Charles Guichet 85120 Terval France;https://www.oceazur-piscines.com/;;;;;;;;;;
Océlia;3 Rte d'Iffendic 35160 Montfort-sur-Meu France;http://www.piscine-ocelia.com/;;;;;;;;;;
O'clair;Rue de la Moinauderie 79120 Lezay France;;;;;;;;;;;
Office Municipal des Sports;109 Av. Jean Moulin 77176 Savigny-le-Temple France;;;;;;;;;;;
OH PISCINE;Quartier Les Arnaves 30190 Saint-Geniès-de-Malgoirès France;https://oh-piscine-30.com/;;;;;;;;;;
Ola sud;42 Av. de Rome 13127 Vitrolles France;https://www.olasud.com/?utm_source=google&utm_medium=wix_google_business_profile&utm_campaign=9237833280609005468;;;;;;;;;;
Oloron Natation 64;6 Bis Bd François Mitterrand 64400 Oloron-Sainte-Marie France;http://www.oloronnatation64.fr/;;;;;;;;;;
Olympik Center;ZA 3 Rue Paul-Emile Victor 17640 Vaux-sur-Mer France;https://www.olympik-center.com/;;;;;;;;;;
ONDE BLEUE;68 Chem. des Tulipes 73100 Grésy-sur-Aix France;https://www.ondebleue.fr/;;;;;;;;;;
Open Spa;22 Rte de Saint-Dié 88230 Plainfaing France;;;;;;;;;;;
O'PISCINE;461 Av. Victor Hugo 13340 Rognac France;;;;;;;;;;;
O'POOL;11 Av. du Port Aérien 33600 Pessac France;https://www.opool.fr/;;;;;;;;;;
OSANTEA;407 Av. du Maréchal de Lattre de Tassigny 59350 Saint-André-lez-Lille France;https://www.osantea.com/;;;;;;;;;;
outdoors concept;20 Rue Edouard Branly 37550 Saint-Avertin France;https://www.outdoorsconcept.fr/;;;;;;;;;;
O'xizen;;https://www.facebook.com/oxizen.dk;;;;;;;;;;
PAALM Piscine & Habitat;9 Le Pontreau 49280 Saint-Léger-sous-Cholet France;https://www.paalmpiscinehabitat.fr/;;;;;;;;;;
Pacifique Piscine;135 Chem. des Cabestros 40160 Parentis-en-Born France;http://www.pacifique-piscine-biscarrosse.fr/;;;;;;;;;;
Palais des Sports de Puteaux;Île de Puteaux 2 All. Georges Hassoux 92800 Puteaux France;https://www.puteaux.fr/Loisirs/Vie-sportive/Piscine-du-Palais-des-sports;;;;;;;;;;
Palais des sports de Saint-Claude;Pass. de la Cheneau 39200 Saint-Claude France;http://palais-de-saint-claude.lany.io/;;;;;;;;;;
Palais des Sports Maurice Thorez;136 Av. Frederic et Irene Joliot Curie 92000 Nanterre France;https://www.nanterre92.com/partenaires/pratique/acces-palais-des-sports/;;;;;;;;;;
Palais Jawhara Tiflet;WJ2G+7Q2? Route N6 Tiflet Maroc;;;;;;;;;;;
Palmeraie Mediouna;FG7F+7PM Mejjatia Ouled Taleb Casablanca 29490 Maroc;;;;;;;;;;;
Palooza Land;31°40'06. 8°00 51 Bd Allal Al Fassi Marrakesh 40100 Maroc;http://www.paloozaland.com/;;;;;;;;;;
PAPA POOL;430 Rte de Toulouse 31620 Fronton France;https://papa-pool.pro/;;;;;;;;;;
Parc;HPC8+69 67200 Strasbourg France;;;;;;;;;;;
Parc Acroland;106 Rue de Lougres 25260 Montenois France;https://acroland25.com/;;;;;;;;;;
Parc aire de jeux;2 Chem. du Viaduc 54210 Saint-Nicolas-de-Port France;;;;;;;;;;;
Parc Alba;Rue Alba 54210 Saint-Nicolas-de-Port France;;;;;;;;;;;
Parc André Bouniol;Rue du Dr Solon 91780 Chalo-Saint-Mars France;;;;;;;;;;;
PARC ARBRE AVENTURE;Lac de Kruth Rue du Hof 68820 Kruth France;http://www.parcarbreaventure.com/;;;;;;;;;;
Parc archéologique Ifs;Bd Molière 14123 Ifs France;https://ville-ifs.fr/cadre-de-vie-et-environnement/le-parc-archeo;;;;;;;;;;
Parc Aux Bambous SARL;hameau Broques 09500 Lapenne France;https://parcauxbambous.com/;;;;;;;;;;
Parc Aventure Les Perchés Proche de vichy;Ile de la ronde 03500 Saint-Pourçain-sur-Sioule France;https://ile-de-la-ronde.fr/;;;;;;;;;;
Parc Barbieux;Parc Barbieux Av. le Notre 59100 Roubaix France;https://www.roubaixtourisme.com/avoir/leparcbarbieux/;;;;;;;;;;
Parc Barral;Chem. du Parc 30190 Saint-Geniès-de-Malgoirès France;;;;;;;;;;;
Parc Beuvry;224 Bd Raymond Poincaré 62400 Béthune France;;;;;;;;;;;
Parc Bourchanin;69390 Millery France;;;;;;;;;;;
Parc Canopée;D943 02290 Ambleny France;https://parc-canopee.fr/;;;;;;;;;;
Parc Chandonzet;26210 Épinouze France;http://www.parcchandonzet.fr/;;;;;;;;;;
"Parc d’Orbigny : jardin époque ""Sublime"" classé Monument Historique";1 Chem. de la Vigne Blanche 89200 Pontaubert France;;;;;;;;;;;
Parc D'Amnéville;89 Rue des Romains 57360 Amnéville France;;;;;;;;;;;
Parc d'Anniviers;34980 Montferrier-sur-Lez France;;;;;;;;;;;
Parc de Bel Air;WR9P+9W 45140 Ingré France;;;;;;;;;;;
Parc de Bicêtre;78 Rue du Général Leclerc 94270 Le Kremlin-Bicêtre France;;;;;;;;;;;
Parc de Chamagnieu;Unnamed Road 38460 Panossas France;;;;;;;;;;;
Parc de Chassagne;69360 Ternay France;;;;;;;;;;;
Parc de Dardennes;Place Marius Rouquier 83200 Le Revest-les-Eaux France;;;;;;;;;;;
Parc de Fenouillet;M9CP+FR 31150 Fenouillet France;;;;;;;;;;;
Parc de jeux;3 Rue d'Ennery 57365 Flévy France;;;;;;;;;;;
Parc de jeux pour enfants;42 Rte de la Saline 70200 Lure France;;;;;;;;;;;
Parc de la biodiversité;83210 La Farlède France;https://www.lafarlede.fr/points-interets/parc-de-labeille-et-de-la-biodiversite/;;;;;;;;;;
Parc de la Bourdette;31600 Seysses France;;;;;;;;;;;
Parc de la Bourroche;Parc de la Bourroche 85110 Saint-Prouant France;;;;;;;;;;;
Parc de la Croix de Garry;42660 Saint-Genest-Malifaux France;;;;;;;;;;;
Parc de la grande ile;25250 L'Isle-sur-le-Doubs France;;;;;;;;;;;
Parc de la Liberté;Av. Jean Jaurès 89800 Chablis France;;;;;;;;;;;
Parc de la Nied;4A Rue du 27 Novembre 57320 Bouzonville France;;;;;;;;;;;
Parc De La Riviere;66240 Saint-Estève France;;;;;;;;;;;
Parc de la Rode;Av. du Président Salvadore Allende 13500 Martigues France;;;;;;;;;;;
Parc de la Rôme;rue de la Boire 49123 Champtocé-sur-Loire France;;;;;;;;;;;
Parc De La Saline;42 Rte de la Saline 70200 Lure France;;;;;;;;;;;
Parc de la Sennetière;Av. des Magores 44760 La Bernerie-en-Retz France;;;;;;;;;;;
Parc de la Souche;Rue Blanche de Castille 91310 Montlhéry France;;;;;;;;;;;
Parc de la Tour des Dames;1286 Boulevard de la République 1074 59500 Douai France;http://www.ville-douai.fr/index.php/Parcs%20et%20randonn%C3%A9es?idpage=207&idmetacontenu=4602;;;;;;;;;;
Parc de Laleu;Pt Rue des Antilles 17000 La Rochelle France;https://www.larochelle.fr/annuaires/lieux/annuaire/parc-de-laleu;;;;;;;;;;
Parc de l'arbandries;34 Rue des Mimosas 59167 Lallaing France;;;;;;;;;;;
Parc de l'Aubette;Chem. du Moulin Brûlé 78250 Tessancourt-sur-Aubette France;;;;;;;;;;;
Parc de l'Hippodrome;69890 La Tour-de-Salvagny France;https://www.salvagny.org/mon-cadre-de-vie/sports-et-loisirs/le-parc-de-lhippodrome/;;;;;;;;;;
Parc de l'Hirondelle;Rue de l'Église 62860 Quéant France;;;;;;;;;;;
Parc de loisir;1 Rue Jean Monnet 14800 Touques France;;;;;;;;;;;
Parc de Loisir Jean Louis Morel;6 Rue Henri Barbusse 59990 Préseau France;http://www.preseau.fr/;;;;;;;;;;
Parc de Loisirs;1 Route de Monts sur Guesnes 86420 Guesnes France;http://www.tourisme-vienne.com/fr/activite/113/aire-de-loisirs;;;;;;;;;;
Parc de loisirs de Chabottes;Rte de Chabottes 05260 Chabottes France;;;;;;;;;;;
Parc de loisirs des Amiets;Rue de Tévenn Kerbrat 29233 Cléder France;;;;;;;;;;;
Parc de loisirs Docteur André Fauvel;Av. de l'Europe 14510 Houlgate France;;;;;;;;;;;
Parc de Loisirs du Vourlat;29 Rte de la Saigne 69510 Messimy France;;;;;;;;;;;
Parc de Loisirs et de Nature de Loos;24 Chem. de Flesquières 59120 Loos France;https://www.loos.fr/fr/cadre-de-vie-et-urbanisme/parcs-et-jardins;;;;;;;;;;
Parc de loisirs intergénérationnel;29640 Lannéanou France;;;;;;;;;;;
Parc de Loisirs LQLIAA;R105 Maroc;;;;;;;;;;;
PARC DE LOISIRS PIERRE ET RAYMOND GABERT;Chem. de la Justice n°1 84240 La Motte-d'Aigues France;;;;;;;;;;;
Parc de Longboël;76520 La Neuville-Chant-d'Oisel France;;;;;;;;;;;
Parc de Morlange;41 Rue du Moulin 57290 Fameck France;;;;;;;;;;;
Parc de nature et de loisirs;13109 Simiane-Collongue France;;;;;;;;;;;
Parc de Nature et de Loisirs Marcel Cabiddu;Rue du Clair 62410 Wingles France;;;;;;;;;;;
Parc de Sculptures Monumentales Teillé-Mouzeil;La Petite Fournerie 44850 Mouzeil France;;;;;;;;;;;
Parc de Silly;14430 Dozulé France;;;;;;;;;;;
Parc de Street Workout de Bagnoles-de-l’Orne;24 Av. du Dr Paul Lemuet 61140 Bagnoles de l'Orne Normandie France;https://bagnolesdelorne.co.uk/i-want/let-off-steam/sports-facilities/the-swimming-pool/;;;;;;;;;;
parc de swann;28120 Illiers-Combray France;;;;;;;;;;;
Parc de Tagnon;16 Rue des Avergeres 08300 Tagnon France;;;;;;;;;;;
Parc d'Éclusier;80340 Éclusier-Vaux France;;;;;;;;;;;
Parc d'Elinghen;Rue de l'Usine 62250 Ferques France;;;;;;;;;;;
Parc Déliot;Rue d'Armentières 59193 Erquinghem-Lys France;;;;;;;;;;;
Parc départemental de la Fosse-Maussoin;83 All. de la Chapelle 93390 Clichy-sous-Bois France;https://parcsinfo.seinesaintdenis.fr/;;;;;;;;;;
Parc Départemental des Sports de la Grenouillère;148 Av. du Général de Gaulle 92160 Antony France;;;;;;;;;;;
Parc départemental du Plateau;Rue de Bernaü 94500 Champigny-sur-Marne France;https://www.valdemarne.fr/vivre-en-val-de-marne/le-parc-du-plateau?utm_source=gmb;;;;;;;;;;
Parc départemental Georges Valbon;55 Av. Waldeck Rochet 93120 La Courneuve France;https://jopparis2024.seinesaintdenis.fr/programmation-parc-des-jeux/;;;;;;;;;;
Parc des Chanteraines;46 Av. Georges Pompidou 92390 Villeneuve-la-Garenne France;https://www.hauts-de-seine.fr/le-parc-des-chanteraines;;;;;;;;;;
Parc des Chanteraines Villeneuve-la-Garenne;Bd Charles de Gaulle 92390 Villeneuve-la-Garenne France;;;;;;;;;;;
Parc des Chantereines - Les Mariniers;92390 Villeneuve-la-Garenne France;;;;;;;;;;;
Parc des Charmettes;10 Rue de Verdun 59130 Lambersart France;https://lambersart.fr/parcs-jardins-et-aires-de-jeux;;;;;;;;;;
Parc des Coquelicots;35 Rue Maxime Ménard 95330 Domont France;http://www.domont.fr/;;;;;;;;;;
Parc des Dérêches;502 Rte du Palais des Sports 74110 Morzine France;https://www.mairie-morzine-avoriaz.com/je-vis-a-morzine/sport-et-loisirs/;;;;;;;;;;
Parc des eaux noires;Rue Centrale 01230 Tenay France;;;;;;;;;;;
Parc des Enclos Calouste Gulbenkian;Chem. des Enclos 14910 Benerville-sur-Mer France;https://www.indeauville.fr/sejour/parc-calouste-gulbenkian/;;;;;;;;;;
Parc des Forges de Varenne;61700 Champsecret France;http://www.facebook.com/parcdesforgesdevarenne;;;;;;;;;;
Parc des Grandes Brosses;41 Rue de Bonne Nouvelle 37100 Tours France;https://tours-metropole.fr/espaces-verts-et-amenagements-des-espaces;;;;;;;;;;
Parc des Gravières;1 Rue Pierre de Coubertin 68260 Kingersheim France;;;;;;;;;;;
Parc des Hures;Av. des Canadiens 62224 Équihen-Plage France;;;;;;;;;;;
Parc des Jardins de Haute-Savoie;Domaine du Tornet 165 Rte de Paris 74330 La Balme-de-Sillingy France;https://tourisme.fier-et-usses.com/le-parc-des-jardins-de-haute-savoie-1-1-1-1.html;;;;;;;;;;
Parc des Loisirs;Unnamed Road 14800 Touques France;https://www.indeauville.fr/le-parc-de-loisirs-intercommunal;;;;;;;;;;
Parc des Noues;7 Bd de la République 77130 Montereau-Fault-Yonne France;;;;;;;;;;;
Parc des ouches (parc pour enfants);78570 Chanteloup-les-Vignes France;;;;;;;;;;;
Parc des pachottes;130 All. du Château 69360 Simandres France;;;;;;;;;;;
Parc des Percieres;326 Chem. des Percières 03290 Dompierre-sur-Besbre France;http://dompierre-sur-besbre.fr/;;;;;;;;;;
Parc des Peupliers;All. des Peupliers 89470 Monéteau France;;;;;;;;;;;
Parc des Pins;62520 Le Touquet-Paris-Plage France;;;;;;;;;;;
parc des Prés de Lyon;10600 La Chapelle-Saint-Luc France;;;;;;;;;;;
Parc des Rochettes;19 Av. Villebois Mareuil 85600 Montaigu-Vendée France;;;;;;;;;;;
Parc des Sablières;8 Rte de la Grimorelle 49000 Écouflant France;;;;;;;;;;;
Parc des Sophoras;Parc des Sophoras 1 Rue Pierre Louis Guyard 78360 Montesson France;https://www.montesson.fr/;;;;;;;;;;
Parc des Sources;180 Rue des Gonthières 17000 La Rochelle France;;;;;;;;;;;
Parc des Sports de Montesson;65 Av. Gabriel Péri 78360 Montesson France;http://www.montesson.fr/;;;;;;;;;;
Parc des sports et loisirs de Rognonas;2 Chem. de la Roubine 13870 Rognonas France;;;;;;;;;;;
Parc des sports et loisirs de Touques;83XR+4F 14800 Touques France;;;;;;;;;;;
Parc Des Tanneurs;14 Rue des Tanneurs 60400 Noyon France;;;;;;;;;;;
Parc détente;3 Notre Dame de Limon 69360 Simandres France;;;;;;;;;;;
Parc domaine de la ferme;Dom. de la Ferme 59124 Escaudain France;;;;;;;;;;;
Parc du Bramont;68260 Kingersheim France;https://www.ville-kingersheim.fr/;;;;;;;;;;
Parc du Canal des Moëres;Rue Neuve 59229 Téteghem-Coudekerque-Village France;;;;;;;;;;;
Parc du Castel Saint-Gerard;37bis Av. le Notre 59130 Lambersart France;https://lambersart.fr/parcs-jardins-et-aires-de-jeux;;;;;;;;;;
Parc du Château;54250 Champigneulles France;https://parc.autour-de-moi.com/champigneulles-parc-du-chateau-2989177.html;;;;;;;;;;
Parc du Château;Parc du Château 57860 Montois-la-Montagne France;;;;;;;;;;;
Parc du Château;18 Rue du Parc 78440 Issou France;http://www.issou.fr/;;;;;;;;;;
Parc du Château de l'Échelle;10 Pl. Saint-François 74800 La Roche-sur-Foron France;http://www.larochesurforon.fr/les-espaces-verts-1164;;;;;;;;;;
Parc du Château de Valence;01640 Jujurieux France;;;;;;;;;;;
Parc du Château d'Épône;9 Rue du Pavé 78680 Épône France;;;;;;;;;;;
Parc du Château des Dames;2 Rue du Général de Gaulle 77820 Le Châtelet-en-Brie France;;;;;;;;;;;
Parc du château du champ de la pierre;1 Le Château 61320 Le Champ-de-la-Pierre France;http://lechampdelapierre.com/;;;;;;;;;;
Parc du Clos Marguerite;18 Rue du Champ Fleuri 35310 Chavagne France;;;;;;;;;;;
Parc du Clos Saint-Martin;6 Rue Louis Bouilhet 76450 Cany-Barville France;;;;;;;;;;;
Parc du Colombier;30100 Alès France;;;;;;;;;;;
Parc Du Domaine De Sainte Neige;Unnamed Road 57700 Neufchef France;;;;;;;;;;;
Parc du Domaine Haas;8 Rue du Moulin 68510 Sierentz France;;;;;;;;;;;
Parc du Gour;28 Chem. de Figuerolles 13500 Martigues France;;;;;;;;;;;
Parc du Granier;229 Chem. des Écoliers 38530 Chapareillan France;;;;;;;;;;;
Parc du Jau;19 Rte de Cholet 49610 Mûrs-Erigné France;;;;;;;;;;;
Parc du lavoir;35240 Le Theil-de-Bretagne France;;;;;;;;;;;
Parc du Manoir du Vivier;2 Rue de Caen 14320 Feuguerolles-Bully France;;;;;;;;;;;
Parc du Moulin du Preblin;Av. Édouard Branly 89400 Migennes France;;;;;;;;;;;
Parc du Pâtis;Av. de la Marne 77100 Meaux France;;;;;;;;;;;
Parc du Peuple de l'herbe;718 Av. du Dr. Marcel touboul 78955 Carrières-sous-Poissy France;https://www.parc-peuple-herbe.fr/;;;;;;;;;;
Parc du Poirier;35113 Domagné France;;;;;;;;;;;
Parc du Port Breton;Boul. de la Libération 35800 Dinard France;http://www.ville-dinard.fr/le-parc-de-port-breton-2/;;;;;;;;;;
Parc du Pot-Levé;All. des Violettes 89400 Migennes France;;;;;;;;;;;
Parc du Presbytère;1 Rue René Cassin 33320 Le Taillan-Médoc France;http://taillan-medoc.fr/;;;;;;;;;;
Parc du Vent;Digue du Vent 59240 Dunkerque France;;;;;;;;;;;
Parc du Vivier;28 Chem. du Trouillat 69130 Écully France;;;;;;;;;;;
Parc du Vivier;13 Imp. Pen Duick 33320 Le Taillan-Médoc France;http://www.taillan-medoc.fr/;;;;;;;;;;
Parc Écologique d'Oujda;P3Q6+2MF Oujda Maroc;;;;;;;;;;;
Parc enfant;35760 Montgermont France;;;;;;;;;;;
Parc enfants ombragé;52 Rue du Fournas 66240 Saint-Estève France;;;;;;;;;;;
Parc Eugénie;Rue du 11 Novembre 1918 51400 Mourmelon-le-Grand France;;;;;;;;;;;
Parc Fontval;Imp. Fontval 42300 Roanne France;;;;;;;;;;;
Parc forestier de la Mare Adam;92370 Chaville France;https://www.ville-chaville.fr/annuaire-de-la-ville-701/parc-forestier-de-la-mare-adam-70.html;;;;;;;;;;
Parc George Sand;48 Rue Jean Corroyer 60250 Mouy France;https://www.mouy.fr/;;;;;;;;;;
Parc Hanus;54210 Saint-Nicolas-de-Port France;;;;;;;;;;;
Parc hermin’eau;43 Rte du Lac 63610 Besse-et-Saint-Anastaise France;;;;;;;;;;;
Parc Interdépartemental des sports;112 Av. Victor Hugo 94600 Choisy-le-Roi France;;;;;;;;;;;
Parc Jean-Claude Paturel;191 Rue François Mitterrand 38920 Crolles France;;;;;;;;;;;
Parc Jean-Jacques Rousseau;1 Rue René de Girardin 60950 Ermenonville France;;;;;;;;;;;
Parc Jean-Louis Borloo;Parv. Thérèse Tryoen 59130 Lambersart France;https://lambersart.fr/parcs-jardins-et-aires-de-jeux;;;;;;;;;;
Parc La Prairie;GVMW+8RM P24 Ifrane Maroc;;;;;;;;;;;
Parc Lac Girrou ????? ????? ??????;53WG+8W3 Ouardouz Maroc;;;;;;;;;;;
Parc Lapresté;5 Pl. de l'Église 95280 Jouy-le-Moutier France;;;;;;;;;;;
Parc Lemaire;21 Rue du Four Gaudon 95440 Écouen France;;;;;;;;;;;
Parc Maingoval;41 Rue Victor Hugo 59282 Douchy-les-Mines France;http://douchy-les-mines.com/environnement-travaux/parc-zingoval/;;;;;;;;;;
Parc Mauran;269 Bd Léon Sauvan 06690 Tourrette-Levens France;;;;;;;;;;;
Parc Maurice Thorez;Av. Georges Gosnat 94200 Ivry-sur-Seine France;;;;;;;;;;;
Parc Meynot;11 Av. de la Mairie 26290 Donzère France;;;;;;;;;;;
Parc Miniatures;10 Bis Av. du Parc 88370 Plombières-les-Bains France;http://www.parcminiatures.com/;;;;;;;;;;
Parc Mohammed V;46 Av. Mohamed VI El Jadida 24000 Maroc;;;;;;;;;;;
Parc Molière;Rue Molière 78130 Les Mureaux France;;;;;;;;;;;
Parc Montreau;33 Bd Théophile Sueur 93100 Montreuil France;https://www.montreuil.fr/sortir-et-bouger/nature-patrimoine/nature-en-ville/promenade-dans-les-3-grands-parcs;;;;;;;;;;
Parc Montredon;D89 81360 Montredon-Labessonnié France;;;;;;;;;;;
Parc municipal;Rue de l'Église 57855 Saint-Privat-la-Montagne France;;;;;;;;;;;
Parc municipal de La Talaudière;42 Rue Victor Hugo 42350 La Talaudière France;http://www.mairie-la-talaudiere.fr/;;;;;;;;;;
Parc municipal des Prés du Bourg;15 Les Jardins de La Touche 44140 Le Bignon France;https://www.mairielebignon.fr/;;;;;;;;;;
Parc naturel de la Valmasque;590 A Chem. de l'Étang 06250 Mougins France;https://randoxygene.departement06.fr/parc-de-la-valmasque;;;;;;;;;;
Parc Naturéo;1 All. des Lys 37600 Loches France;http://parc-natureo.fr/?utm_source=gmb;;;;;;;;;;
Parc nautique départemental de l'Île de Monsieur;4 Rue de Saint-Cloud 92310 Sèvres France;https://ile-de-monsieur.hauts-de-seine.fr/;;;;;;;;;;
Parc Omnisports Youri-Gagarine;4 Chem. du Bic Aubert 76800 Saint-Étienne-du-Rouvray France;;;;;;;;;;;
Parc Philippe Pinel;Rue Rossel 94270 Le Kremlin-Bicêtre France;;;;;;;;;;;
Parc Pierre;41 Rue Léo Lagrange 91700 Sainte-Geneviève-des-Bois France;https://www.facebook.com/wilfried.wilfried.5;;;;;;;;;;
Parc Pierre Montgroux;2 Rue du Grillon 63118 Cébazat France;http://www.cebazat.fr/Le-parc-Pierre-Montgroux.html;;;;;;;;;;
Parc plan d'eau;ZAC E.d.f Av. Jean Moulin 57180 Terville France;;;;;;;;;;;
Parc Public Espace Forme;5 Rue Hrastnik 62640 Montigny-en-Gohelle France;;;;;;;;;;;
Parc Raclet;21B Grande Rue 95280 Jouy-le-Moutier France;;;;;;;;;;;
Parc Résidentiel Le Clos des Sablons;Les Sablons 28260 Guainville France;;;;;;;;;;;
Parc Retour aux Sources;bord du canal 47400 Lagruère France;;;;;;;;;;;
Parc Robinson;2 Rue Alphonse Merrheim 42100 Saint-Étienne France;http://www.les-acrobois.fr/;;;;;;;;;;
Parc Sainte-Marie de Nancy;1 Av. Boffrand 54000 Nancy France;https://www.nancy-tourisme.fr/offres/parc-sainte-marie-nancy-fr-2036658/;;;;;;;;;;
Parc sportif et de loisirs intergénérationnel;Rue du dessus des Vallées 37330 Château-la-Vallière France;;;;;;;;;;;
Parc Tamda;J3RQ+34R N8 Zaouiat Cheikh Maroc;;;;;;;;;;;
Parc terville;81a Rue Dupont des Loges 57100 Thionville France;;;;;;;;;;;
Parc urbain des Bourguignons;Chem. de la Tournasse 91520 Égly France;https://www.mairie-egly.fr/;;;;;;;;;;
Parc urbain Jean-Champeau;Villa d'Andrésy 78570 Chanteloup-les-Vignes France;;;;;;;;;;;
Parc Wallaby;Plage du Mourillon 83000 Toulon France;https://www.instagram.com/wallaby_mourillon?igsh=Y3owMjQzaXh3eWUz;;;;;;;;;;
Parc Wiesenbach;45450 Donnery France;;;;;;;;;;;
Parc-Etang de Rieulay;Rue Espa. Terril 59870 Rieulay France;;;;;;;;;;;
Parcours aventure 60700 FLEURINES;12 Rue de la Vallée 60700 Fleurines France;https://www.parcoursaventure60.fr/;;;;;;;;;;
Parcours santé;71530 Champforgeuil France;;;;;;;;;;;
Park de la Province de Taourirt;C482+C2M N19 Taourirt Maroc;;;;;;;;;;;
Pascal Piscines Créations;16 Rue de la Croix Rouge 68130 Aspach France;https://www.pascal-piscines-creations68.com/?utm_medium=referral&utm_source=gmb&utm_campaign=lnk-gmb;;;;;;;;;;
Passerelle de Valadour à Chaliers;15320 Chaliers France;;;;;;;;;;;
Passion Bien Être;18 Av. Emile Didier 05000 Gap France;https://passion-piscines.fr/passion-bien-etre/;;;;;;;;;;
Passion Piscine Maintenance Construc;66 Bis Rue Fbg Sermorens 38500 Voiron France;;;;;;;;;;;
Pataugeoire municipale;3 Bis Rte du Lac 81530 Viane France;;;;;;;;;;;
PATIO Home Solutions;Rue du Château d'Eau 80100 Abbeville France;http://www.patio-home-solutions.com/;;;;;;;;;;
PATRICE PISCINES Saint Cyr sur Mer;108 Rte de la Calanque 83270 Saint-Cyr-sur-Mer France;http://www.patrice-piscines.com/;;;;;;;;;;
PCFR SAS;130 Bd du N 84160 Cucuron France;http://poolcop.com/;;;;;;;;;;
Pêche à la mouche au Moulin - SAS Jean Pucci;Le Moulin 27580 Chaise-Dieu-du-Theil France;https://peche-a-la-mouche.fr/;;;;;;;;;;
Pêche lac;Chez NH prime 32170 Miélan France;;;;;;;;;;;
Pedr'O Bois Pisciniste;64 Rue du Petit Montmarin 70000 Vesoul France;;;;;;;;;;;
Pep;1458 Chem. des Molières 83136 La Roquebrussanne France;https://www.facebook.com/pep83136/;;;;;;;;;;
PEP de la Manche;22 Av. de la Brequette 50590 Montmartin-sur-Mer France;;;;;;;;;;;
PEP’S;9 Rue de la Ferronnerie 81200 Mazamet France;https://www.peps-piscine.fr/;;;;;;;;;;
PERFECT PISCINES - PERFECT ABRIS;14 Rue de Verdun 56500 Locminé France;https://www.piscine56.net/abris-piscine-terrasse-pergolas;;;;;;;;;;
Perney Dominique;3 Rue Chp du Moulin 52500 Rougeux France;;;;;;;;;;;
PH Piscine;6 rue champs vaut 21120 Courtivron France;https://www.ph-piscine21.com/;;;;;;;;;;
PH PISCINE;D5 Chez Allard Pereuil 11 16250 Val des Vignes France;https://www.ph-piscine-bordeaux.fr/;;;;;;;;;;
Pharéo;Les Equisseaux 49250 Beaufort-en-Anjou France;https://phareobeaufortenanjou.fr/;;;;;;;;;;
Pharmacie De La Piscine;Pharmacie 24 Rue Pottier 78150 Le France;https://pharmacie-de-la-piscine.pharmaciereference.fr/;;;;;;;;;;
Pharmacie Lafayette de l'institut;121 Rue Edouard Vaillant 94800 Villejuif France;http://www.doctolib.fr/pharmacie/villejuif/pharmacie-de-la-piscine;;;;;;;;;;
Phil d'eau piscine;6 Rue Serge Gainsbourg 34410 Sauvian France;;;;;;;;;;;
Philippe Collombet;Quartier La Motte 26120 Montmeyran France;;;;;;;;;;;
PICHON Technologie Piscine;1 avenue des Vignes Zone Artisanale des Les Quatre Moulins 17320 Saint-Just-Luzac France;http://www.pichon-technologie.fr/;;;;;;;;;;
PIERRE PISCINES 45;335 Rue du Passage 45370 Mareau-aux-Prés France;;;;;;;;;;;
Pierre Pool Care;51 Imp. du Grès 30400 Villeneuve-lès-Avignon France;https://www.pierre-pool-care.com/;;;;;;;;;;
Pinzetta Piscine;98 Rue des Tuilières 38500 Voiron France;https://www.piscines-voiron.fr/;;;;;;;;;;
Pis;24 Rue Jean Jaurès 80100 Abbeville France;;;;;;;;;;;
Pisc;8 Av. André Delaunay 37150 Bléré France;;;;;;;;;;;
Piscin Wood;Zone Artisanale La Rue de la Verdinière 37160 La Celle-Saint-Avant France;https://www.piscinwoodspas.com/;;;;;;;;;;
Piscina - Piscine de Montferrer;66150 Montferrer France;http://horaires-piscine.info/piscine-de-montferrer/;;;;;;;;;;
Piscina - Piscine de Targasona;3Bis Rte de l'Andorre 66120 Targasonne France;https://www.cnfrmc.com/;;;;;;;;;;
Piscina Municipal;9 Rte d'Arles sur Tech 66740 66740 Saint-Laurent-de-Cerdans France;;;;;;;;;;;
PisciNaturelle - Création de piscine naturelle et de bassin d'ornement;;https://piscinaturelle.fr/;;;;;;;;;;
Piscine;17 Av. Jean Moulin 12150 Sévérac d'Aveyron France;http://www.guide-piscine.fr/;;;;;;;;;;
Piscine;All. du 19 mars 1962 48230 Chanac France;;;;;;;;;;;
Piscine;4 Av. de l'Europe 94230 Cachan France;https://www.grandorlyseinebievre.fr/piscine-cachan;;;;;;;;;;
Piscine;Rue du Champ Rosey 71100 Saint-Rémy France;https://lespiscines.legrandchalon.fr/les-piscines/piscine-camille-muffat-saint-remy/;;;;;;;;;;
Piscine;Rue Sainte-Reine 43500 Saint-Pal-de-Chalencon France;http://horaires-piscine.info/horaires-piscine-a-st-pal-de-chalencon/;;;;;;;;;;
Piscine;Chem. du Camping 43130 Retournac France;https://www.ville-retournac.fr/piscine-exerieure-mairie-retournac-43_fr.html;;;;;;;;;;
Piscine;Rue de la Maladrerie 86300 Chauvigny France;https://www.grandpoitiers.fr/sports/les-piscines/piscine-de-chauvigny;;;;;;;;;;
Piscine;Le Clocher de Dormans 02850 Trélou-sur-Marne France;http://www.dormans.fr/camping-municipal/piscine-municipale/;;;;;;;;;;
Piscine;7 Rue des Pêcheurs 88400 Gérardmer France;https://www.mairie-gerardmer.fr/sport/centre-aquatique/espace-aquatique;;;;;;;;;;
Piscine;Rte de Loches 36600 Valençay France;https://www.valencay.fr/loisir.php#15;;;;;;;;;;
Piscine;Castagnès 09290 Le Mas-d'Azil France;https://www.le-mas-dazil.fr/Culture-Sports-et-Loisirs.html;;;;;;;;;;
Piscine;7 Rue du Château d'Eau 51340 Vanault-les-Dames France;http://horaires-piscine.info/horaires-piscine-a-vanault-les-dames/;;;;;;;;;;
Piscine;13 Rue du Baillage 15140 Saint-Martin-Valmeroux France;https://www.saint-martin-valmeroux.fr/;;;;;;;;;;
Piscine;82 Av. de la République 17150 Mirambeau France;http://www.en-charente-maritime.com/organiser-sejour/sorties/faire/activites/piscine-dete-mirambeau#contactDecouvre;;;;;;;;;;
Piscine;40 Moulin de Villemoisan 49370 Val d'Erdre-Auxence France;http://www.val-erdre-auxence.fr/;;;;;;;;;;
Piscine;1 Av. du Maréchal Foch 76470 Le Tréport France;https://o2falaises.fr/?utm_source=Google&utm_medium=SEO&utm_campaign=GMB;;;;;;;;;;
Piscine;4 B Rue de Boult 70190 Chaux-la-Lotière France;https://www.cc-pays-riolais.fr/;;;;;;;;;;
Piscine;380 RD 502 380 D502 69560 Saint-Romain-en-Gal France;https://www.vienne-condrieu-agglomeration.fr/nos-services-au-quotidien/equipements-sportifs/les-piscines/;;;;;;;;;;
Piscine;Rue du Pont 37290 Yzeures-sur-Creuse France;https://www.valdeloire-france.com/loisirs/piscine-municipale-4/;;;;;;;;;;
Piscine;Complexe sportif 391 Av. René Char 84210 Pernes-les-Fontaines France;http://www.perneslesfontaines.fr/vie-locale/sports/la-piscine-municipale-de-plein-air;;;;;;;;;;
"Piscine ""Au Cours d'Eau""";1595 Rte de Combelongue 24200 Vitrac France;http://aucoursdeau.com/;;;;;;;;;;
"Piscine ""L'ammonite"" - La Mulatière";25 Rue de Verdun 69350 La Mulatière France;https://www.lamulatiere.fr/Liste%20des%20%C3%A9quipements/903/3299;;;;;;;;;;
"Piscine ""Les Dauphins""";4 All. des Sports 49220 Erdre-en-Anjou France;https://www.erdre-en-anjou.fr/piscine;;;;;;;;;;
PISCINE / CLIMATISATION CHANIN SYLVAIN;801 Rue de Charlieu 42720 Pouilly-sous-Charlieu France;https://sites.google.com/view/piscinechaninsylvain/accueil?authuser=0;;;;;;;;;;
Piscine 2.0;15 ZA Les Chavrières 01500 Ambutrix France;https://piscine2-0.com/contact/;;;;;;;;;;
Piscine 3D;37 Rue Maurice Deslandres 21000 Dijon France;https://piscine3d.fr/contact-spa-jacuzzi-piscine-3d.php;;;;;;;;;;
Piscine à Aignan;Imp. de la Piscine 32290 Aignan France;http://www.aignan.org/;;;;;;;;;;
Piscine à Aiguilles;05470 Aiguilles France;http://horaires-piscine.info/piscine-aiguilles/;;;;;;;;;;
Piscine a Amou;40330 Amou France;http://horaires-piscine.info/horaires-piscine-a-amou/;;;;;;;;;;
Piscine à Aspet;663 Av. Général Gallieni 31160 Aspet France;http://horaires-piscine.info/piscine-aspet/;;;;;;;;;;
Piscine à Bassignac le Haut;1 route d'Imbrus 19220 Bassignac-le-Haut France;http://horaires-piscine.info/piscine-a-bassignac-le-haut/;;;;;;;;;;
Piscine à Castelnau d’Auzan;32440 Castelnau d'Auzan Labarrère France;http://horaires-piscine.info/base-de-loisirs-piscine-castelnau-dauzan/;;;;;;;;;;
PISCINE A CAZALS : Lot Entretien Piscine;Route de 46250 Cazals France;;;;;;;;;;;
Piscine à Chateauneuf de Randon;L'Habitarelle 48170 Châteauneuf-de-Randon France;;;;;;;;;;;
Piscine à Chaux des Crotenay;Rte de la Piscine 39150 Chaux-des-Crotenay France;http://horaires-piscine.info/piscine-a-chaux-des-crotenay/;;;;;;;;;;
Piscine à Coltines;15170 Coltines France;http://horaires-piscine.info/horaires-piscine-a-coltines/;;;;;;;;;;
Piscine à Condé en Brie;1 Rue de Chaury 02330 Condé-en-Brie France;http://horaires-piscine.info/piscine-conde-en-brie/;;;;;;;;;;
Piscine à Couleuvre;03320 Couleuvre France;http://horaires-piscine.info/horaires-piscine-a-couleuvre/;;;;;;;;;;
Piscine à Coutras;6 Prom. Charles de Gaulle 33230 Coutras France;;;;;;;;;;;
Piscine à Craponne sur Arzon;Rue du Stade 43500 Craponne-sur-Arzon France;;;;;;;;;;;
Piscine à Cuxac Cabardes;11390 Cuxac-Cabardès France;https://www.montagne-noire.info/piscine-de-cuxac-cabardes-dans-la-montagne-noire/;;;;;;;;;;
Piscine à Entrains sur Nohain;2 Rue Charles Cassiat 58410 Entrains-sur-Nohain France;https://www.entrainssurnohain.fr/la-piscine;;;;;;;;;;
Piscine à Fontgombault;Rue de la Croix Bergère 36220 Fontgombault France;http://horaires-piscine.info/horaires-piscine-a-fontgombault/;;;;;;;;;;
Piscine à Fresnay sur Sarthe;Rue du Haut Ary 72130 Fresnay-sur-Sarthe France;;;;;;;;;;;
Piscine à Gabarret;40310 Av. de la Cheneraie 40310 Gabarret France;http://horaires-piscine.info/horaires-piscine-a-gabarret/;;;;;;;;;;
Piscine à Hermanville sur mer;Prom. Madame Henri Spriet 14880 Hermanville-sur-Mer France;http://m.piscine-hermanville.fr/Info-Pratique_r12.html;;;;;;;;;;
Piscine à Jets D'eau;76600 Le Havre France;;;;;;;;;;;
Piscine à La Bréole;04340 Ubaye-Serre-Ponçon France;http://horaires-piscine.info/piscine-la-breole/;;;;;;;;;;
Piscine à La Chartre sur le Loir;Rue Jacques Peletier 72340 La Chartre-sur-le-Loir France;https://www.lachartresurleloir.fr/culture-et-loisirs/;;;;;;;;;;
Piscine à La Motte du Caire;04250 La Motte-du-Caire France;http://horaires-piscine.info/piscine-la-motte-du-caire/;;;;;;;;;;
Piscine à Lagraulière;Le Pilard 19700 Lagraulière France;http://www.lagrauliere.correze.net/associations/la-piscine-municipale/;;;;;;;;;;
Piscine à Lambesc;8 Rue Alphonse Daudet 13410 Lambesc France;https://www.agglo-paysdaix.fr/sports/piscines/etablissements/detail/p/piscine/detail/piscine_de_lambesc.html#&panel1-1;;;;;;;;;;
Piscine à Lanau;PISCINE A Lanau 15260 France;http://horaires-piscine.info/horaires-piscine-a-lanau/;;;;;;;;;;
Piscine à Langatte;Etang du Stock 57400 Langatte France;https://www.langatte-tourisme.com/;;;;;;;;;;
Piscine à Le Malzieu Ville;route du stade 48140 Le Malzieu-Ville France;;;;;;;;;;;
Piscine à Le Nouvion en Thierache;Base de loisirs 02170 Le Nouvion-en-Thiérache France;http://www.lenouvion.com/;;;;;;;;;;
Piscine à Legé;Pl. Saint-Antoine 44650 Legé France;https://www.sud-retz-atlantique.fr/machecoul-oceane-piscine-chateau-d-o-piscine-lege/;;;;;;;;;;
Piscine à Les Agudes;31110 Gouaux-de-Larboust France;http://horaires-piscine.info/piscine-a-les-agudes/;;;;;;;;;;
Piscine à Leuhan;5 Rue du Stade 29390 Leuhan France;http://horaires-piscine.info/horaires-piscine-a-leuhan/;;;;;;;;;;
Piscine à Levroux;Sq. du Dr Roger 36110 Levroux France;http://horaires-piscine.info/horaires-piscine-a-levroux/;;;;;;;;;;
Piscine à Limogne en Quercy;Rue de Bel air 46260 Limogne-en-Quercy France;http://www.mairie-limogne.fr/Piscine.html;;;;;;;;;;
Piscine à Malicorne sur Sarthe;72270 Port Sainte-Marie 72430 Malicorne-sur-Sarthe France;http://horaires-piscine.info/piscine-a-malicorne-sur-sarthe/;;;;;;;;;;
Piscine à Mamers;Rue de la Piscine 72600 Mamers France;http://www.mairie-mamers.fr/vie-associative/les-infrastructures-sportives/piscine/;;;;;;;;;;
Piscine à Marans ouverte de mi -juin à fin août;Bois Dinot Rte de Nantes 17230 Marans France;;;;;;;;;;;
Piscine à Mazères;Rue du Stade 09270 Mazères France;;;;;;;;;;;
Piscine à Mennetou Sur Cher;Allée Doulce France 41320 Mennetou-sur-Cher France;https://ccrm41.fr/;;;;;;;;;;
Piscine à Mens;Av. Jean Rippert 38710 Mens France;https://www.mairie-de-mens.fr/m4-infos-pratiques/m4-piscine/;;;;;;;;;;
Piscine à Mirepoix;Av. Maréchal Foch 09500 Mirepoix France;https://www.cc-paysdemirepoix.fr/;;;;;;;;;;
Piscine à Monclar de Quercy;82230 Monclar-de-Quercy France;http://horaires-piscine.info/piscine-monclar-de-quercy/;;;;;;;;;;
Piscine à Montaigut le Blanc;Rte des Moulins 63320 Montaigut-le-Blanc France;http://horaires-piscine.info/horaires-piscine-a-montaigut-le-blanc/;;;;;;;;;;
Piscine à Montaigut sur Save;2562 Chem. du Ratelier 31530 Montaigut-sur-Save France;http://horaires-piscine.info/piscine-montaigut-sur-save/;;;;;;;;;;
Piscine à Montmaurin;31350 Montmaurin France;http://horaires-piscine.info/piscine-montmaurin/;;;;;;;;;;
Piscine à Montoire sur le Loir;13 Av. des Reclusages 41800 Montoire-sur-le-Loir France;https://www.mairie-montoire.fr/la-ville/la-piscine-communautaire/;;;;;;;;;;
Piscine à Montolieu;449 route de Carcassonne 11170 Montolieu France;https://www.montolieu.fr/;;;;;;;;;;
Piscine à Montpezat de Quercy;45 route de Faillal Parc de Loisirs du Faillal 82270 Montpezat-de-Quercy France;http://www.parcdufaillal.com/;;;;;;;;;;
Piscine à Morlaas;Rte de Bernadets 64160 Morlaàs France;https://www.mairie-morlaas.fr/vivre-a-morlaas/culture-loisirs/piscine-municipale/;;;;;;;;;;
Piscine à Murat;3 Rue d'Olonne sur Mer 15300 Murat France;https://www.murat.fr/horaires-d-ouverture_fr.html;;;;;;;;;;
Piscine à Neris les Bains;2 Av. Marx Dormoy 03310 Néris-les-Bains France;;;;;;;;;;;
Piscine à Neuilly Saint Front;Chem. de la Censurière 02470 Neuilly-Saint-Front France;http://horaires-piscine.info/piscine-neuilly-saint-front/;;;;;;;;;;
Piscine à Nuzéjouls;46150 Nuzéjouls France;http://horaires-piscine.info/piscine-nuzejouls/;;;;;;;;;;
Piscine à Panjas;32110 Panjas France;http://horaires-piscine.info/piscine-panjas/;;;;;;;;;;
Piscine à Parentis-en-Born;416 All. Malichecq 40160 Parentis-en-Born France;http://horaires-piscine.info/horaires-piscine-a-parentis-en-born/;;;;;;;;;;
Piscine à Pouillon;614 Bd des Sports 40350 Pouillon France;http://pouillon40.fr/;;;;;;;;;;
Piscine à Prats de Sournia;Chem. des Milles 66730 Prats-de-Sournia France;http://horaires-piscine.info/piscine-prats-de-sournia/;;;;;;;;;;
Piscine à Reaux;5 Rte du Stade 17500 Réaux sur Trèfle France;http://horaires-piscine.info/piscine-reaux/;;;;;;;;;;
Piscine à Renage;Av. de la Piscine 38140 Renage France;https://www.ville-renage.fr/;;;;;;;;;;
Piscine à Sabres;Rte de Luglon 40630 Sabres France;http://horaires-piscine.info/horaires-piscine-a-sabres/;;;;;;;;;;
Piscine à Saint Andre de Majencoules;30570 Saint-André-de-Majencoules France;http://horaires-piscine.info/piscine-saint-andre-de-majencoules/;;;;;;;;;;
Piscine à Saint Céré;Quai Auguste Salesse 46400 Saint-Céré France;https://www.cauvaldor.fr/mes-sorties-mes-loisirs/activites-et-equipements-sportifs/piscines/piscine-de-saint-cere/;;;;;;;;;;
Piscine à Saint Firmin;05800 Saint-Firmin France;https://www.champsaur-valgaudemar.com/offres/piscine-de-st-firmin-saint-firmin-fr-2261363/;;;;;;;;;;
Piscine à Saint Martin de Castillon;Rte de Viens 84750 Saint-Martin-de-Castillon France;http://horaires-piscine.info/piscine-a-saint-martin-de-castillon/;;;;;;;;;;
Piscine à Saint Satur;Chem. des Godibolles 18300 Saint-Satur France;http://www.saint-satur.fr/spip.php?article4;;;;;;;;;;
Piscine à Saint Siméon de Bressieux;65 Rue du Stade 38870 Saint-Siméon-de-Bressieux France;;;;;;;;;;;
Piscine à Saint Yvi;29140 Saint-Yvi France;http://horaires-piscine.info/horaires-piscine-a-saint-yvi/;;;;;;;;;;
Piscine à Saint-André-de-la-Roche;123 Quai de la Banquière 06730 Saint-André-de-la-Roche France;https://saintandredelaroche.fr/vivre-a-saint-andre-de-la-roche/sports/piscine-municipale/;;;;;;;;;;
Piscine à Saint-Médard-de-Guizières;5 Le Rue du Gât 33230 Saint-Médard-de-Guizières France;http://horaires-piscine.info/horaires-piscine-a-saint-medard-de-guizieres/;;;;;;;;;;
Piscine à Savigny-sur-Braye (1er juillet-31 août 2025);Av. de la Gare 41360 Savigny-sur-Braye France;http://www.savigny-sur-braye.fr/fr/information/73731/piscine;;;;;;;;;;
Piscine à Seillans;158 Chem. des Clos 83440 Seillans France;https://www.seillans.fr/points-d-interet/piscine-municipale/;;;;;;;;;;
Piscine à Selongey;Rue de Sainte-Anne 21260 Selongey France;http://horaires-piscine.info/horaires-piscine-a-selongey/;;;;;;;;;;
Piscine à St Martial de Gimel;19150 Saint-Martial-de-Gimel France;http://horaires-piscine.info/piscine-st-martial-de-gimel/;;;;;;;;;;
Piscine à Tence;Bd Léon Rocher 43190 Tence France;;;;;;;;;;;
Piscine à Vandré;8B Rue Charles Henri Percheron 17700 La Devise France;https://aunis-sud.fr/je-mepanouis-en-aunis-sud/jaime-le-sport/equipements-sportifs/;;;;;;;;;;
Piscine à Verdun en Lauragais;11400 Verdun-en-Lauragais France;http://horaires-piscine.info/piscine-verdun-en-lauragais/;;;;;;;;;;
Piscine à Verdun-Ciel;Le Pré 71350 Verdun-Ciel France;http://www.saonedoubsbresse.fr/sports-loisirs/piscine/;;;;;;;;;;
Piscine à Verfeil;4 Chem. de la Callève 31590 Verfeil France;http://piscine-a-verfeil.gaqo.net/;;;;;;;;;;
Piscine à Veynes;Cor des Egarets 05400 Veynes France;http://horaires-piscine.info/piscine-veynes/;;;;;;;;;;
Piscine à Vic-Fezensac;D35 32190 Vic-Fezensac France;http://horaires-piscine.info/piscine-vic-fezensac/;;;;;;;;;;
Piscine à Viella;32400 Viella France;http://horaires-piscine.info/piscine-viella/;;;;;;;;;;
Piscine à Zuani;col Foata 20272 Zuani France;http://horaires-piscine.info/piscine-a-zuani/;;;;;;;;;;
Piscine Airvault Val du Thouet;Rue Ernest Perochon 79600 Airvault France;https://www.cc-avt.fr/activit%C3%A9s-touristiques.html?alias=piscine-dairvault;;;;;;;;;;
Piscine Alain Calmat;16 Av. de Paris 41200 Romorantin-Lanthenay France;https://ccrm41.fr/vivre-et-habiter/equipement-sportifs-et-culturels/;;;;;;;;;;
Piscine alakhawain;R403 Khouribga Maroc;;;;;;;;;;;
Piscine Alex Gobin;Rue Adrien Conin 80500 Montdidier France;https://www.ville-montdidier.fr/wp-content/uploads/2025/02/Flyers-combi-version-janv-2025.pdf;;;;;;;;;;
Piscine Alex Jany;15 Chem. des Regains 78460 Chevreuse France;https://www.sivom-region-chevreuse.fr/centre-aquatique/piscine/#horaires-piscine;;;;;;;;;;
Piscine Alex Jany;8 Rte de Sospel 06500 Menton France;http://www.menton.fr/Piscine-Alex-Jany;;;;;;;;;;
Piscine Alex Jany à Vitrolles;1-9 Rue Théodore Aubanel 13127 Vitrolles France;http://www.agglo-paysdaix.fr/sports/piscines/etablissements/detail/p/piscine/detail/piscine_alex_jany_de_vitrolles_ete.html#&panel1-1;;;;;;;;;;
Piscine Alfred Fréville à Châtillon-sur-Indre;Rue Basse 36700 Châtillon-sur-Indre France;https://www.chatillon-sur-indre.fr/pages/piscine;;;;;;;;;;
Piscine Alfred Sevestre (Forme et bien-être);70 Bd Gallieni 92130 Issy-les-Moulineaux France;https://alfredsevestre.fr/;;;;;;;;;;
Piscine Alice Milliat de Val-de-Reuil;Pl. aux Jeunes 27100 Val-de-Reuil France;https://www.valdereuil.fr/services-municipaux/sports/la-piscine-alice-milliat;;;;;;;;;;
Piscine Alice-Milliat;29 Av. Georges Pompidou 92390 Villeneuve-la-Garenne France;https://villeneuve92.com/services/sport-culture-loisirs/piscine-municipale-alice-milliat/;;;;;;;;;;
Piscine Ambert Livradois Forez;Rte du Puy 63600 Ambert France;https://www.ambertlivradoisforez.fr/un-territoire-a-votre-service/tourisme-et-loisirs/piscine/;;;;;;;;;;
Piscine Amphitrite;VW9V+88V P4030 Skhirat Maroc;;;;;;;;;;;
Piscine André Martin;Pl. de l'Abbé Kerebel 76710 Montville France;https://www.intercauxvexin.fr/fr/piscine;;;;;;;;;;
Piscine André Wogenscky;1 Rue des Carrières 42700 Firminy France;https://www.ville-firminy.fr/mon-temps-libre/piscine-andre-wogenscky/espaces-natation-et-remise-en-forme/;;;;;;;;;;
Piscine Andrée-Pierre Vienot;Rue des Graviers 78280 Guyancourt France;https://www.ville-guyancourt.fr/vivre-a-guyancourt/sports-loisirs-culture/piscine-andree-pierre-vienot/;;;;;;;;;;
Piscine Androsace;2 Rue de l'Astragale 63800 Cournon-d'Auvergne France;https://www.clermontmetropole.eu/bouger-se-divertir/lexcellence-sportive/piscines/piscine-androsace/;;;;;;;;;;
Piscine Ar Poull Neuial;Rue François Luzel 22200 Guingamp France;https://www.guingamp-paimpol-agglo.bzh/se-divertir/sports-et-loisirs/piscine-ar-poull-neuial/;;;;;;;;;;
Piscine Archipel | Pont-de-Vaux;Imp. Chp d'Été 01190 Reyssouze France;http://www.ccbresseetsaone.fr/sport-et-culture/sport/piscine/;;;;;;;;;;
Piscine Atlantic Swim;7 B Rue du Dr Laennec 56400 Pluneret France;http://www.atlantic-swim.fr/;;;;;;;;;;
Piscine Atlantis;Rue Pierre Francastel 60220 Formerie France;https://www.picardieverte.com/piscine-atlantis/;;;;;;;;;;
Piscine Au Cœur d’Eau;Rue du 8 Mai 1945 59171 Hornaing France;https://aucoeurdeau.fr/;;;;;;;;;;
Piscine Au Feel de L'Eau;Résidence Domitys 6 Av. Charles de Gaulle 85340 Les Sables-d'Olonne France;;;;;;;;;;;
Piscine au fil de l’eau 17;10 Rue Andrée Chedid 17700 Surgères France;https://www.facebook.com/profile.php?id=61552361366488;;;;;;;;;;
Piscine Au fil de l’eau à Livinhac-le-Haut;12300 Livinhac-le-Haut France;http://horaires-piscine.info/piscine-au-fil-de-leau-livinhac-le-haut/;;;;;;;;;;
Piscine Auguste Delaune;72 Av. Gilbert Berger 93290 Tremblay-en-France France;;;;;;;;;;;
Piscine Auguste-Delaune;119 Rue de Verdun 94500 Champigny-sur-Marne France;https://www.champignysurmarne.fr/sortir-et-decouvrir-champigny/sports/equipements-sportifs/piscine-auguste-delaune;;;;;;;;;;
Piscine Bab Atlas ???? ??? ????;N 08 Route Kasbah Tadla Maroc;;;;;;;;;;;
piscine Bab fes;2V85+RG4 Route Principale Fès Meknès Maroc;;;;;;;;;;;
Piscine Balard;11 Av. de la Prte de Sèvres 75015 Paris France;http://www.piscinebalard.fr/;;;;;;;;;;
Piscine Bandol Entretien;456 Trav. des Mattes 83150 Bandol France;;;;;;;;;;;
Piscine Barétous Haut-Béarn;D918 - Centre Bourg 64570 Lanne-en-Barétous France;https://www.hautbearn.fr/decouvrir-sortir/sports-et-loisirs/piscine-baretous.html;;;;;;;;;;
"PISCINE bassin d'apprentissage ""Le petit nageur""";7 Rue Isaac Newton 31830 Plaisance-du-Touch France;http://centre-isaac-newton.fr/;;;;;;;;;;
Piscine batejat;439 Chem. du Caminet 84360 Lauris France;;;;;;;;;;;
Piscine Béatrice Hess;Grande Rue 90170 Étueffont France;http://www.piscine-etueffont.fr/;;;;;;;;;;
Piscine Beau Soleil;14 Rue du Calvaire 56230 Questembert France;https://reservation.piscinequestembert.bzh/;;;;;;;;;;
Piscine Beaumont de Lomagne;Av. du Lac 82500 Beaumont-de-Lomagne France;https://www.tourisme-tarnetgaronne.fr/equipement/piscine-et-toboggans-aquatiques-en-juillet-aout/;;;;;;;;;;
Piscine Beausoleil;138 Rue du Stade 42310 La Pacaudière France;http://www.la-pacaudiere.fr/;;;;;;;;;;
Piscine Benjamin Delessert;40 Rue de Gerland 69007 Lyon France;;;;;;;;;;;
Piscine Benoit Bry;18 Av. de Saint-Jean d'Angély 17770 Saint-Hilaire-de-Villefranche France;;;;;;;;;;;
Piscine Bernard Lafay;79 Rue de La Jonquière 75017 Paris France;https://www.paris.fr/equipements/piscine-bernard-lafay-2940;;;;;;;;;;
Piscine Bertran de Born;3 Bd Lakanal 24000 Périgueux France;https://www.grandperigueux.fr/information-transversale/annuaire-general/piscine-bertran-de-born-2-685;;;;;;;;;;
Piscine Bigouden Plouf;Rue Ti Lapin 29120 Plomeur France;;;;;;;;;;;
Piscine biologique de Marsac;1 Imp. de la Piscine 23210 Marsac France;http://www.marsac-creuse.fr/?page_id=3323;;;;;;;;;;
Piscine Blomet;17 Rue Blomet 75015 Paris France;https://www.paris.fr/equipements/piscine-blomet-2934;;;;;;;;;;
PISCINE BLUE SERVICE;20 Rue du Priolat 24220 Saint-Cyprien France;https://piscine-blue-service24.fr/;;;;;;;;;;
Piscine Blue shark à Sarzeau;11 Rue de Govean 56370 Sarzeau France;https://piscine-blueshark-sarzeau.com/;;;;;;;;;;
Piscine Borj Atourki;8CWR+VXX Unnamed Road Inezgane 80000 Maroc;;;;;;;;;;;
Piscine Boulloche;96 Rue Francis de Pressensé 69100 Villeurbanne France;https://www.villeurbanne.fr/annuaire/sports/piscines/piscine-andre-boulloche;;;;;;;;;;
Piscine Bulle d'O;12 Rue Henri le Châtelier 38000 Grenoble France;https://www.grenoble.fr/lieu/573/137-piscine-bulle-d-o.htm;;;;;;;;;;
Piscine Bulléo;Parc des loisirs Roger-Menu 51200 Épernay France;http://bulleo.epernay-agglo.fr/;;;;;;;;;;
Piscine By Nuno;10 Rue des Galets 02460 La Ferté-Milon France;https://piscine-by-nuno.fr/;;;;;;;;;;
piscine cabries;Rue Raymond Martin 13480 Cabriès France;http://piscinecabries.fr/;;;;;;;;;;
Piscine cachée de Pirou;598X+7C Pirou France;;;;;;;;;;;
Piscine California;7C77+6RQ Berrechid Maroc;;;;;;;;;;;
Piscine Camille Muffat;49 Av. Charles Gide 94270 Le Kremlin-Bicêtre France;https://www.grandorlyseinebievre.fr/piscine-kremlin-bicetre;;;;;;;;;;
Piscine Camille Muffat;Chem. de Saint-Honoré 30400 Villeneuve-lès-Avignon France;https://www.villeneuvelezavignon.com/vivre-a-villeneuve-lez-avignon/sport/piscine-camille-muffat/;;;;;;;;;;
PISCINE CAMILLE MUFFAT;586 Bd de Strasbourg 59000 Lille France;https://lille.fr/;;;;;;;;;;
Piscine Camille Muffat;124 Rue Auguste Delaune 26800 Portes-lès-Valence France;https://www.valenceromansagglo.fr/loisirs/sports/piscines/piscine-camille-muffat-portes-les-valence/;;;;;;;;;;
Piscine Camille Muffat à Montreuil Juigné;Av. du Président Kennedy 49460 Montreuil-Juigné France;;;;;;;;;;;
Piscine Campagne de Caux;D10 76110 Goderville France;https://www.campagne-de-caux.fr/bouger-se-divertir/piscine-plein-ciel/;;;;;;;;;;
Piscine Campelières de Mougins;2307 Av. du Maréchal Juin 06250 Mougins France;http://www.lescampelieres.fr/;;;;;;;;;;
Piscine Caneton;83 Av. Jean Jaurès 94100 Saint-Maur-des-Fossés France;https://www.saint-maur.com/annuaires/annuaire-des-equipements/equipement-44/piscine-caneton-763;;;;;;;;;;
Piscine Caneton;8 Rue du 8 Mai 1945 80300 Albert France;http://piscine-caneton-albert.lany.io/;;;;;;;;;;
Piscine Caneton;Av. de la Font du Vé 51120 Sézanne France;;;;;;;;;;;
Piscine cantonale;Rue des Voituriers 17520 Archiac France;http://www.en-charente-maritime.com/organiser-sejour/sorties/faire/activites/piscine-cantonale-archiac;;;;;;;;;;
Piscine Capfun Mirabelle;Rte de Luttange 57940 Volstroff France;;;;;;;;;;;
Piscine CAPI Bellevue;18 Rue Bellevue 38070 Saint-Quentin-Fallavier France;https://capi-agglo.fr/vos-services/sports/piscine/horaires-et-tarifs/;;;;;;;;;;
Piscine CAPI Fondbonnière;Bd de Fondbonnière 38080 L'Isle-d'Abeau France;https://capi-agglo.fr/vos-services/sports/piscine/horaires-et-tarifs/;;;;;;;;;;
Piscine CAPI Saint-Bonnet;1 Rue de Kahl Am Main 38090 Villefontaine France;https://capi-agglo.fr/vos-services/sports/piscine/horaires-et-tarifs/;;;;;;;;;;
Piscine Castex;Allées Gabriel Biénès 31400 Toulouse France;https://metropole.toulouse.fr/annuaire/piscine-castex;;;;;;;;;;
Piscine CCALN;Rue Maurice Garin 80110 Moreuil France;https://www.almeo.fr/;;;;;;;;;;
Piscine Centre Ornain;Rue des Sirènes 55500 Ligny-en-Barrois France;https://piscines-meusegrandsud.horanet.com/;;;;;;;;;;
Piscine Charly Kirakossian;11 Rue Beyle Stendhal 38150 Roussillon France;https://www.entre-bievreetrhone.fr/services-et-demarches/culture-sports-et-loisirs/sport/piscines/charly-kirakossian-roussillon;;;;;;;;;;
Piscine Château d'Eau;12 All. des Landais 51100 Reims France;https://reims-sports-boutique.reims.fr/piscines.html;;;;;;;;;;
Piscine Château Landon;31 R. du Château Landon 75010 Paris France;https://www.paris.fr/equipements/piscine-chateau-landon-2923;;;;;;;;;;
Piscine CHM;Ctre Helio Marin 33930 Vendays-Montalivet France;;;;;;;;;;;
Piscine Claude Chedal-Anglay;ter 5 Rue Lucien Jeannin 3 92250 La Garenne-Colombes France;https://www.lagarennecolombes.fr/PISCINE-MUNICIPALE/10294/;;;;;;;;;;
Piscine club mickey;Prom. Marcel Proust 14390 Cabourg France;;;;;;;;;;;
PISCINE CNL SAINT BRIAC;64 Rue du Port Hue 35800 Saint-Briac-sur-Mer France;;;;;;;;;;;
Piscine Communal Saint Jodard;212 Rte de Neulise 42590 Saint-Jodard France;;;;;;;;;;;
Piscine communautaire;4 Rue de la Piscine 58220 Donzy France;https://www.coeurdeloire.fr/piscines/;;;;;;;;;;
Piscine Communautaire;24 Rue des Voves 72170 Beaumont-sur-Sarthe France;https://www.cchautesarthealpesmancelles.fr/sport/piscines/piscines-3/;;;;;;;;;;
Piscine Communautaire;28 Rue du Moulin 03130 Bert France;http://horaires-piscine.info/horaires-piscine-a-bert/;;;;;;;;;;
Piscine communautaire / Auchel;Rue Léon Blum 62260 Auchel France;https://www.bethunebruay.fr/fr/piscines-communautaires;;;;;;;;;;
Piscine communautaire / Barlin;56 Rue de Versailles 62620 Barlin France;https://www.bethunebruay.fr/;;;;;;;;;;
Piscine communautaire / Bruay-La-Buissière;716 Rue Augustin Caron 62700 Bruay-la-Buissière France;https://www.bethunebruay.fr/fr/piscines-communautaires;;;;;;;;;;
Piscine communautaire / Divion;Rue Pasteur 62460 Divion France;https://www.bethunebruay.fr/;;;;;;;;;;
Piscine communautaire / Nœux-les-Mines;1 Av. Pierre Guillon 62290 Nœux-les-Mines France;https://www.bethunebruay.fr/fr/piscines-communautaires;;;;;;;;;;
Piscine communautaire /Hersin-Coupigny;28 Rue Lavoisier 62530 Hersin-Coupigny France;https://www.bethunebruay.fr/fr/piscines-communautaires;;;;;;;;;;
Piscine Communautaire à Marcillac-Vallon (CC. Conques-Marcillac);2 Imp. des Trans 12330 Marcillac-Vallon France;https://cc-conques-marcillac.fr/vivez/equipements-sportifs/;;;;;;;;;;
Piscine communautaire d'Arques;Rue Claudius Desbrosse 62510 Arques France;https://www.ca-pso.fr/services/culture-sport/equipements-sportifs/piscine-arques/;;;;;;;;;;
Piscine communautaire de Gâtine-Racan;Rue Léo Lagrange 37370 Saint-Paterne-Racan France;https://www.stpaterneracan.fr/piscine-gatine-racan/;;;;;;;;;;
Piscine Communautaire de Guer;5 Rue du Champ de Foire 56380 Guer France;http://www.oust-broceliande.bzh/accueil_obc/culture_sports_et_loisirs/piscine__equipements_sportifs/piscine_de_guer;;;;;;;;;;
Piscine communautaire de Nieuil l'Espoir;9 Rte de Nouaillé 86340 Nieuil-l'Espoir France;https://www.valleesduclain.fr/la-base-aquatique-communautaire-de-nieuil-lespoir/;;;;;;;;;;
Piscine Communautaire de Noidans-lès-Vesoul;1 Rue du Stade 70000 Noidans-lès-Vesoul France;https://www.vesoul.fr/sortir-bouger-se-divertir/les-piscines-communautaires.html;;;;;;;;;;
Piscine communautaire de Puy-l'Évêque;13 Promenade de Héron 46700 Puy-l'Évêque France;https://ccvlv.fr/bouger-se-divertir/piscine/;;;;;;;;;;
Piscine communautaire de Saint Cyprien sur Dourdou;12320 Conques-en-Rouergue France;https://cc-conques-marcillac.fr/vivez/equipements-sportifs/;;;;;;;;;;
Piscine communautaire de Saint Hilaire-du-Harcouët;63 La Reterie 50600 Saint-Hilaire-du-Harcouët France;https://www.msm-normandie.fr/fr/vie-quotidienne/acces-rapide-2/les-piscines/416-piscinesainthilaire;;;;;;;;;;
Piscine communautaire de Saint-Aignan;Ile Plage Rte de Blois 41110 Saint-Aignan France;https://www.val2c.fr/au-quotidien/sport/centres-aquatiques/?fbclid=IwY2xjawOk-stleHRuA2FlbQIxMABicmlkETFEeWk4WXhJSGFEamM1VGljc3J0YwZhcHBfaWQQMjIyMDM5MTc4ODIwMDg5MgABHvN9Bz1WyaoOoQUBNCl8ByXH-O1-QLrsepnCqJ7DMdclDeItUAY6qisqpuPY_aem_oyqglwpldCQMqdizKXcmnw#piscine-saint-aignan;;;;;;;;;;
Piscine Communautaire de Sarralbe;Rue Goethe 57430 Sarralbe France;https://www.facebook.com/piscinesarralbe;;;;;;;;;;
Piscine communautaire de Serémange-Erzange;3 Pl. Adrien Printz 57290 Serémange-Erzange France;https://www.feralia.fr/les-piscines-communautaires/seremange-erzange?utm_source=gmb;;;;;;;;;;
Piscine communautaire de Verneuil-sur-Seine;Complexe sportif François Pons Rte de Chapet 78480 Verneuil-sur-Seine France;https://gpseo.fr/agenda-des-sorties/billetterie/sports/piscine-verneuil-sur-seine;;;;;;;;;;
Piscine communautaire des Canetons;Rue Louis Paquet 70000 Vesoul France;https://www.vesoul.fr/sortir-bouger-se-divertir/les-piscines-communautaires.html;;;;;;;;;;
Piscine Communautaire d'été de la Tulette;Rue des Portes d'Ansac 16500 Confolens France;http://www.charente-limousine.fr/;;;;;;;;;;
Piscine communautaire Garazi-Baigorri à Saint-Jean-Pied-de-Port;Rue du Jai Alai 64220 Saint-Jean-Pied-de-Port France;https://www.communaute-paysbasque.fr/annuaires-des-piscines/piscines/la-piscine-de-saint-jean-pied-de-port;;;;;;;;;;
Piscine communautaire Guipry-Messac;Messac FR 81 Av. du Port 35480 France;https://www.vallons-de-haute-bretagne-communaute.fr/la-piscine-communautaire-de-guipry-messac/;;;;;;;;;;
Piscine communautaire Landagoien;1141 Rte Landagoyen 64480 Ustaritz France;https://www.ustaritz.fr/fr/sport-et-culture-tolosa/sports/piscine-landagoien.html;;;;;;;;;;
Piscine Communautaire Roger Mercier;5 Pl. Henri Thomas 88600 Bruyères France;https://www.ccb2v.fr/sortir-et-decouvrir/piscine-communautaire-roger-mercier/;;;;;;;;;;
Piscine communautaire Soule-Xiberoa à Mauléon;Av. du Stade 64130 Mauléon-Licharre France;https://www.communaute-paysbasque.fr/culture-et-loisirs/les-piscines-communautaires/piscine/piscine-de-mauleon;;;;;;;;;;
Piscine Communauté Commune Haute Somme;Rue Saint-Denis 80200 Péronne France;;;;;;;;;;;
Piscine Commune El Aioun sidi Mellouk;HFJW+PM8 El Aïoun Sidi Mellouk Maroc;;;;;;;;;;;
Piscine Complexe Le Tropical;N6 Oujda 48000 Maroc;http://tropicaloujda.com/;;;;;;;;;;
Piscine concept 77;Rue de la Libération 77760 Boissy-aux-Cailles France;https://www.piscines-magiline.fr/pisciniste-magasin-piscines/fr-ile-de-france-seine-et-marne-distributeur-piscines-magiline-fontainebleau/;;;;;;;;;;
Piscine Corse - Corsica Allianza 3D;Vanna 20117 Ocana France;https://www.facebook.com/piscine.corse;;;;;;;;;;
Piscine Coupeau à Saint-Berthevin;Coupeau 53940 Saint-Berthevin France;https://www.saint-berthevin.fr/commune_sports-loisirs-vie-associative_equipements-sportifs_piscine-municipale.phtml;;;;;;;;;;
Piscine couvert de Zaio;W7P3+926 Zaïo Maroc;;;;;;;;;;;
Piscine Couverte de Montbéliard;18 Rue Maurice Ravel 25200 Montbéliard France;http://www.montbeliard.fr/culture-loisirs-et-sport/sportmontbliard/piscines-municipales.html;;;;;;;;;;
Piscine Couverte de Village-Neuf;77 Rue de Michelfelden 68128 Village-Neuf France;https://www.agglo-saint-louis.fr/fr/sports-culture-tourisme/sports/etablissements-de-bains/piscine-couverte;;;;;;;;;;
Piscine Couverte d'El Jadida;6GV4+4G2 El Jadida Maroc;;;;;;;;;;;
Piscine Couverte Intercommunale;Rue du Collège 60350 Couloisy France;https://ccloise.com/services/sports/les-piscines/;;;;;;;;;;
Piscine Couverte Iromlil;M7F9+QP5 Midelt Maroc;;;;;;;;;;;
Piscine couverte Le Grand Charolais;15 Bd Henri Régnier 71600 Paray-le-Monial France;https://www.legrandcharolais.fr/piscines.html;;;;;;;;;;
Piscine Couverte Pierre Brossolette;51 Av. Pierre Brossolette 94100 Saint-Maur-des-Fossés France;https://www.saint-maur.com/annuaires/annuaire-des-equipements/equipement-44/piscine-brossolette-761;;;;;;;;;;
Piscine Couverte Semi Olympique;5V87+5RQ Unnamed Road Larache Maroc;;;;;;;;;;;
Piscine Couverte Semi Olympique_Tit Mellil;HG56+H6 Tit Mellil Maroc;;;;;;;;;;;
Piscine Création;23 Rue Pasteur 19360 Malemort France;http://www.mondial-piscine-correze.fr/;;;;;;;;;;
Piscine d' Allemond;Plan Barbier 38114 Allemond France;https://www.oisans.com/equipement/piscine-municipale-dallemond/;;;;;;;;;;
Piscine d’Arbois;Rte de la Piscine 39600 Arbois France;https://www.arbois.fr/piscine/;;;;;;;;;;
Piscine d’Emery;Rue Louise Michel 77184 Émerainville France;https://www.agglo-pvm.fr/pratique/les-piscines;;;;;;;;;;
Piscine d’été de SEC;4 Imp. du Lac 15150 Saint-Étienne-Cantalès France;https://saint-etienne-cantales.fr/equipements/piscine;;;;;;;;;;
Piscine d'Alet-les-Bains;Chem. des Eaux Chaudes 11580 Alet-les-Bains France;http://aletlesbains.com/;;;;;;;;;;
Piscine d'Allassac;Le Colombier 19240 Allassac France;https://allassac.fr/decouvrir-allassac/activites/activites-aquatiques/;;;;;;;;;;
Piscine d'Amilly;330 Rue de la Mère Dieu 45200 Amilly France;http://www.amilly.com/;;;;;;;;;;
Piscine Daniel Decerle – La Guiche;La Bruyère 71220 La Guiche France;https://enclunisois.fr/actions/culture-loisirs/piscine-daniel-decercle-la-guiche/;;;;;;;;;;
Piscine Daniel Gilard;10 Rue Pierre Mendès France 44470 Carquefou France;https://www.carquefou.fr/listes/piscine-daniel-gilard/;;;;;;;;;;
Piscine Daniel Mayer;Rue de la Mine 54970 Landres France;https://coeurdupayshaut.fr/piscine;;;;;;;;;;
Piscine Danielle et Fantine Lesaffre;42 Rue Dupuy de Lome 59100 Roubaix France;http://www.ville-roubaix.fr/;;;;;;;;;;
Piscine d'Arnac-Pompadour (Communauté de communes du Pays de Lubersac-Pompadour);5 All. de la Forêt 19230 Arnac-Pompadour France;http://www.lubersacpompadour.fr/;;;;;;;;;;
Piscine d'Artenay;Rue de la Piscine 45410 Artenay France;https://www.cc-beauceloiretaine.fr/piscine-intercommunale-dartenay/;;;;;;;;;;
Piscine d'Auteuil;1 Rte des Lacs à Passy 75016 Paris France;https://www.paris.fr/equipements/piscine-d-auteuil-3324;;;;;;;;;;
Piscine d'Auxonne;Route Athee 21130 Auxonne France;https://www.piscine-auxonne.fr/;;;;;;;;;;
Piscine De Arrieta;12 Impasse de la Soule 64310 Saint-Pée-sur-Nivelle France;https://www.piscine-de-arrieta.com/;;;;;;;;;;
Piscine de Bagneux;1 Av. de Stalingrad 92220 Bagneux France;https://www.valleesud.fr/fr/piscine-de-bagneux;;;;;;;;;;
Piscine de Bagnoles de l’Orne Normandie;Av. de La Ferté-Macé 61140 Bagnoles de l'Orne Normandie France;https://www.bagnolesdelorne.com/mes-envies/se-depenser/les-equipements-sportifs/la-piscine/;;;;;;;;;;
Piscine de Bellecin;Bellecin 39270 Orgelet France;https://www.bellecin.com/piscine/;;;;;;;;;;
Piscine de Bellême et du Pays bellêmois;Imp. de la Piscine 61130 Bellême France;http://www.cdcpaysbellemois.fr/tourisme;;;;;;;;;;
Piscine de Belvès;Bd de la Moissie 24170 Pays de Belvès France;http://www.belves-en-perigord.com/;;;;;;;;;;
Piscine de Bernadou;738 Chem. de Lisar 31340 Villemur-sur-Tarn France;https://valaigo.com/mes-services/culture-loisirs/les-piscines-communautaires/;;;;;;;;;;
Piscine de Bessilles;Unnamed Road 34530 Montagnac France;;;;;;;;;;;
Piscine de Boisset;32 Le Bourg 15600 Boisset France;https://chataigneraie-cantal.com/que-faire/piscine-de-boisset/;;;;;;;;;;
Piscine de Boulay Moselle;57220 Rte de Bouzonville 57220 Boulay-Moselle France;https://www.paysboulageois.fr/index.php/tourisme-loisirs/equipements-sportifs/infos-pratiques;;;;;;;;;;
Piscine de Boulogne-Billancourt;165 Rue du Vieux Pont de Sèvres 92100 Boulogne-Billancourt France;https://piscineboulognebillancourt.com/?utm_campaign=GMB&utm_medium=SEO&utm_source=Google;;;;;;;;;;
Piscine de Bourbon-Lancy;1 Rue de Saint-Prix 71140 Bourbon-Lancy France;http://www.cceals.fr/;;;;;;;;;;
Piscine de Bracieux;11 Rue Roger Brun 41250 Bracieux France;https://www.piscine-bracieux.com/;;;;;;;;;;
Piscine de Brain-sur-Allonnes;Stade Picard Rue de Sasse 49650 Brain-sur-Allonnes France;https://www.saumurvaldeloire.fr/infos-demarches/politiques-sportives/piscines;;;;;;;;;;
Piscine de Bray-Dunes;275 Av. du Général de Gaulle 59123 Bray-Dunes France;https://www.bray-dunes.fr/piscine-municipale/;;;;;;;;;;
Piscine de Brécey;Espace Pierre Aguiton 50370 Brécey France;http://www.msm-normandie.fr/fr/vie-quotidienne/acces-rapide-2/les-piscines/503-iscine-decouverte-de-brecey;;;;;;;;;;
Piscine de Bréquigny;12 Bd Albert 1er 35000 Rennes France;https://culture-sport.metropole.rennes.fr/organisations/piscine-brequigny/;;;;;;;;;;
Piscine de Bretoncelles;17 Rés les Grands Prés 61110 Bretoncelles France;http://horaires-piscine.info/horaires-piscine-a-bretoncelles/;;;;;;;;;;
Piscine de Cajarc;Av. Marius Couyba 46160 Cajarc France;;;;;;;;;;;
Piscine de Calvisson;10 Av. du 11 Novembre 1918 30420 Calvisson France;https://www.calvisson.com/piscine/;;;;;;;;;;
Piscine de CAUSSE-et-DIÈGE;Le Bourg 12700 Causse-et-Diège France;http://www.grand-figeac.fr/pole_piscines.html#ancre_piscine_causse_et_diege;;;;;;;;;;
Piscine de Cavu;D168A 20124 Zonza France;;;;;;;;;;;
Piscine de Cesson-Sévigné;Esplanade Hôtel de ville Rue de l'Hôtel de ville 35510 Cesson-Sévigné France;https://www.ville-cesson-sevigne.fr/contacts/piscine-municipale/;;;;;;;;;;
Piscine de Chabanon;109 Grande Montagne 04140 Selonnet France;https://selonnet.fr/decouvrir-bouger/culture-et-loisirs/piscine-municipal;;;;;;;;;;
Piscine de Chagny;Chem. des Mûriers 71150 Chagny France;http://www.chagny.fr/fr/information/37794/piscine-municipale;;;;;;;;;;
Piscine de Châlus;Rue du 8 Mai 1945 87230 Châlus France;http://horaires-piscine.info/piscine-de-chalus/;;;;;;;;;;
Piscine de Châteauneuf-du-Rhône;Lot. les Jardins de Valladas 26780 Châteauneuf-du-Rhône France;http://piscine-municipale-chateauneuf-du-rhone.lany.io/;;;;;;;;;;
Piscine de Châtillon-sur-Seine;Esp. Saint-Vorles 21400 Châtillon-sur-Seine France;https://chatillon-mairie.fr/piscine-municipale/;;;;;;;;;;
Piscine de Chinon;Quai Danton 37500 Chinon France;http://www.chinon-vienne-loire.fr/sport/piscine-chinon/;;;;;;;;;;
Piscine de Clairval;Rue Clairval 03430 Cosne-d'Allier France;https://piscine-cosnedallier.weebly.com/;;;;;;;;;;
Piscine de Clamart;37 Rue du Dr Roux 92140 Clamart France;https://www.valleesud.fr/fr/piscine-du-jardin-parisien-clamart;;;;;;;;;;
Piscine de Cœur d’Yvelines;1 Pl. de Nickenich 78490 Montfort-l'Amaury France;https://www.coeur-yvelines.fr/sports/piscine-intercommunale/;;;;;;;;;;
Piscine de Collignon;395 Rue des Algues 50110 Cherbourg-en-Cotentin France;https://www.cherbourg.fr/infos-services/sport/les-piscines-de-cherbourg-en-cotentin/piscine-de-collignon-665.html;;;;;;;;;;
Piscine de collonges-La-Rouge;562 Rte de la Piscine 19500 Collonges-la-Rouge France;;;;;;;;;;;
Piscine de Condat;Le Bourg 15190 Condat France;http://horaires-piscine.info/horaires-piscine-de-condat/;;;;;;;;;;
Piscine de Corbeilles - CC4V;Rue du Puits de Chiard 45490 Corbeilles France;https://www.cc4v.fr/piscine-de-corbeilles-en-gatinais;;;;;;;;;;
Piscine de Corrèze;Rue d'En Chastres 19800 Corrèze France;https://www.mairie-correze.fr/enfance-et-jeunesse/installations-sportives/;;;;;;;;;;
Piscine de cosne sur loire;42 Rue du Colonel Rabier 58200 Cosne-Cours-sur-Loire France;https://www.coeurdeloire.fr/piscines/;;;;;;;;;;
Piscine de Coulaines;Rue Jean-Claude Boulard 72190 Coulaines France;http://www.coulaines.fr/la-piscine/;;;;;;;;;;
Piscine de Courpière;Les Taillades 63120 Courpière France;http://horaires-piscine.info/horaires-piscine-de-courpiere/;;;;;;;;;;
Piscine de Coutances;Rue Gérard Gaunelle 50200 Coutances France;https://www.coutances.fr/se-divertir/sports/piscine/;;;;;;;;;;
Piscine de Darnétal;28 Rue du Point du Jour 76160 Darnétal France;https://www.mairie-darnetal.fr/vivre-a-darnetal/piscine/;;;;;;;;;;
Piscine de Decize;All. Marcel Merle 58300 Decize France;http://www.ville-decize.fr/index.php/Piscine?idpage=103&afficheMenuContextuel=true;;;;;;;;;;
piscine de donzy;Rue de la Piscine 58220 Donzy France;;;;;;;;;;;
Piscine de Eymet;lot Rte de Bretou 24500 Eymet France;http://horaires-piscine.info/horaires-piscine-deymet/;;;;;;;;;;
Piscine de Fay-aux-Loges;Rue André Chenal 45450 Fay-aux-Loges France;http://mairie-fayauxloges.fr/piscine-dete;;;;;;;;;;
Piscine de Fère Champenoise;287 Rue de la Libération 51230 Fère-Champenoise France;http://horaires-piscine.info/piscine-de-fere-champenoise/;;;;;;;;;;
Piscine de Ferrette;20 Rue des Habsbourg 68480 Ferrette France;https://cc-sundgau.fr/envie-de/sport/piscine-ferrette/;;;;;;;;;;
Piscine de Fleurines;Rue de la Montagne 60700 Fleurines France;https://fleurines.fr/culture,-sports-et-loisirs/loisirs-sportifs/piscine-d-%C3%A9t%C3%A9.html;;;;;;;;;;
Piscine de Fontenay-aux-Roses;22 Rue Jean Jaurès 92260 Fontenay-aux-Roses France;https://www.valleesud.fr/fr/piscine-de-fontenay-aux-roses;;;;;;;;;;
Piscine de Frontenex- Arlysère;3 All. des Sports 73460 Frontenex France;https://espaces-aquatiques-arlysere.fr/espaces-ouverts-en-ete/piscine-de-frontenex/;;;;;;;;;;
Piscine de Gagny;7 Rue Jean Bouin 93220 Gagny France;https://www.piscine-gagny.fr/;;;;;;;;;;
Piscine de Garnison;Quartier Leclerc 51400 Mourmelon-le-Grand France;http://www.csagdemourmelon.com/;;;;;;;;;;
Piscine de Geaune;4 Chem. de la Piscine 40320 Geaune France;;;;;;;;;;;
Piscine de Gerland;353 Av. Jean Jaurès 69007 Lyon France;;;;;;;;;;;
Piscine de Gilly sur Isère - Arlysère;514 Chem. des Bauges 73200 Gilly-sur-Isère France;https://espaces-aquatiques-arlysere.fr/;;;;;;;;;;
Piscine de Gourin;1235A Rue de Cornouaille 56110 Gourin France;;;;;;;;;;;
Piscine de Graignes-Mesnil-Angot;2 Rue de l'Hippodrome 50620 Graignes-Mesnil-Angot France;https://www.saint-lo-agglo.fr/fr/piscine-de-graignes-mesnil-angot;;;;;;;;;;
Piscine de Grand Quevilly - Camille Muffat;Av. Georges Braque 76120 Le Grand-Quevilly France;https://www.piscinegrandquevilly.com/;;;;;;;;;;
Piscine de Grandpuits-Bailly-Carrois;35 Rue de la Vall. aux Prieurs 77720 Grandpuits-Bailly-Carrois France;http://piscinedegrandpuitsrd619.jimdo.com/;;;;;;;;;;
Piscine de Grigny;3 Voie Athéna 91350 Grigny France;https://sortir.grandparissud.fr/equipements/piscine-de-grigny;;;;;;;;;;
Piscine de Guenrouet;Zone de loisirs Saint-Clair 44530 Guenrouet France;http://www.cc-paysdepontchateau.fr/;;;;;;;;;;
Piscine de Gueugnon;Quai de la Piscine 71130 Gueugnon France;https://www.cceals.fr/piscines-communautaires;;;;;;;;;;
Piscine de Hautepierre;Rue Baden Powell 67200 Strasbourg France;https://www.strasbourg.eu/lieu/-/entity/sig/402_SPO_3;;;;;;;;;;
Piscine de Haut-Léon Communauté;33 Rue des Carmes 29250 Saint-Pol-de-Léon France;http://www.piscine-saint-pol-de-leon.bzh/;;;;;;;;;;
Piscine de Hurongues - Communauté de communes des Monts du Lyonnais;Zone de loisirs de Hurongues 69590 Pomeys France;https://www.cc-montsdulyonnais.fr/au-quotidien/piscines/;;;;;;;;;;
Piscine de Jarrie;249 Av. Général Delestraint 38560 Jarrie France;https://www.ville-jarrie.fr/piscine/;;;;;;;;;;
Piscine de l’Arche Guédon;4 Pl. des Rencontres 77200 Torcy France;https://www.agglo-pvm.fr/pratique/les-piscines;;;;;;;;;;
Piscine de l’Estuaire;Camping de l'Estuaire La Grande La Grange Godinet 17150 Saint-Thomas-de-Conac France;http://horaires-piscine.info/piscine-de-lestuaire-st-thomas-de-conac/;;;;;;;;;;
Piscine de la Bastide de Sérou;Pl. de la Mairie 09240 La Bastide-de-Sérou France;;;;;;;;;;;
Piscine de la Boissière;Rue Eugène Pottier 29600 Morlaix France;https://www.morlaix-communaute.bzh/;;;;;;;;;;
Piscine de la Bourgonnière;34 All. de la Bourgonnière 44800 Saint-Herblain France;https://www.saint-herblain.fr/services-et-demarches/sport/piscines/;;;;;;;;;;
Piscine de la Bretonnière;1 Rue René Descartes 85600 Montaigu-Vendée France;https://www.terresdemontaigu.fr/decouvrir/sports-loisirs/piscine-de-la-bretonniere/;;;;;;;;;;
Piscine de la Butte;Rue Jack Meslin 50130 Cherbourg-en-Cotentin France;https://www.cherbourg.fr/culture-et-loisirs/sport-a-cherbourg-en-cotentin/les-piscines-de-cherbourg-en-cotentin/piscine-de-la-butte/;;;;;;;;;;
Piscine de la Butte aux Cailles;5 Pl. Paul Verlaine 75013 Paris France;https://www.paris.fr/lieux/piscine-de-la-butte-aux-cailles-2927;;;;;;;;;;
Piscine de la Carbonite - Piscina à a Carbonita;Chem. de la Carbonite 20600 Bastia France;;;;;;;;;;;
Piscine de la Cavée;7 Chem. de la Danne 95610 Éragny France;;;;;;;;;;;
Piscine De La Cerisaie;Rue de l'Abbé Becquet 76500 Elbeuf France;https://piscinedelacerisaie.fr/;;;;;;;;;;
Piscine de La Chèze;Rue Xavier -Vincent Ferrier 22210 La Chèze France;https://www.facebook.com/PiscineLaCheze/;;;;;;;;;;
Piscine de la Conterie;2 Rue Léo Lagrange 35131 Chartres-de-Bretagne France;http://www.conterie.fr/;;;;;;;;;;
Piscine de La Couronne;7 Rue Jean Moreau 16400 La Couronne France;http://www.lacouronne.fr/index.php?option=com_content&view=article&id=110&Itemid=256;;;;;;;;;;
Piscine de la Doller;2A Rue de la Doller 68110 Illzach France;;;;;;;;;;;
Piscine de la Duchère;264 Av. Andrei Sakharov 69009 Lyon France;https://www.lyon.fr/lieu/piscines-ete/piscine-de-la-duchere-ete;;;;;;;;;;
Piscine de la Faisanderie (consulter le site internet pour les horaires en direct);Rte de l'Ermitage 77300 Fontainebleau France;http://www.piscine-faisanderie.fr/;;;;;;;;;;
Piscine de la Gazonne à Sauveterre de Rouergue;La Gazonne 12800 Sauveterre-de-Rouergue France;http://horaires-piscine.info/piscine-de-la-gazonne-a-sauveterre-de-rouergue/;;;;;;;;;;
Piscine de la Grâce de Dieu;60 Av. Père Charles de Foucauld 14000 Caen France;https://caenlamer.fr/piscine-grace-dieu;;;;;;;;;;
Piscine de La Grand Combe;Quai du 11 Novembre 1918 30110 La Grand-Combe France;https://www.ales.fr/sortir-bouger/sport/piscines-decouvertes/;;;;;;;;;;
Piscine de la Guillou;Rte de la Guillou 24150 Lalinde France;https://ccbdp.fr/vivre-ici/base-de-plein-air-de-la-guillou/;;;;;;;;;;
Piscine de la Hardt;Rue du 23 Novembre 67400 Illkirch-Graffenstaden France;https://www.strasbourg.eu/lieu/-/entity/sig/403_SPO_4;;;;;;;;;;
Piscine de La Hirtais (Ste-Anne-sur-Brivet);16 La Hirtais 44160 Sainte-Anne-sur-Brivet France;http://cc-paysdepontchateau.fr/;;;;;;;;;;
Piscine de la Kibitzenau;1 Rue de la Kibitzenau 67100 Strasbourg France;https://www.strasbourg.eu/lieu/-/entity/sig/404_SPO_5;;;;;;;;;;
Piscine de la Lévrière;Allée Rue Ferdinand de Lesseps 94000 Créteil France;https://sudestavenir.fr/piscine/piscines-creteil/;;;;;;;;;;
Piscine de la Pimperade;Le Bourg 17130 Vibrac France;https://piscinevibrac.wixsite.com/monsite;;;;;;;;;;
Piscine de la Planchette;Rue de Plumaugat 22250 Broons France;https://www.dinan-agglomeration.fr/activites-et-loisirs/sports/piscines/la-planchette/;;;;;;;;;;
Piscine de la Robertsau;210 Rte de la Wantzenau 67000 Strasbourg France;https://www.strasbourg.eu/lieu/-/entity/sig/405_SPO_6;;;;;;;;;;
Piscine de La Rochefoucauld;Bd de la Piscine 16110 La Rochefoucauld-en-Angoumois France;https://www.rochefoucauld-perigord.fr/piscine-la-rochefoucauld-montbron/;;;;;;;;;;
Piscine de la Ronde-Couture;16 Rue des Mésanges 08000 Charleville-Mézières France;https://equipementsludiques.ardenne-metropole.fr/;;;;;;;;;;
Piscine de la Roseraie;3 Rue Henri Bergson 49000 Angers France;http://www.angers.fr/vivre-a-angers/sport/les-equipements-sportifs/les-piscines/piscine-roseraie/index.html;;;;;;;;;;
Piscine de la Trésorerie;14 Rue des Moines 45750 Saint-Pryvé-Saint-Mesmin France;http://www.astcountry.fr/;;;;;;;;;;
Piscine de la Vallée;Rte de Veulettes 76450 Cany-Barville France;https://www.vert-marine.com/piscine-de-la-vallee/;;;;;;;;;;
Piscine de la Vallée de l'Orge;Rue de Montlhéry 91240 Saint-Michel-sur-Orge France;https://www.coeuressonne.fr/loisirs/sports/equipements-aquatiques/;;;;;;;;;;
Piscine de la Vallée dorée;2 Rue du Général de Gaulle 60140 Liancourt France;https://www.ccl-valleedoree.fr/cadre-de-vie-loisirs/la-piscine-de-la-vallee-doree;;;;;;;;;;
"Piscine de la Vallée Verte ""La Vague""";83 Rue du Collège 74420 Boëge France;https://piscine-valleeverte.fr/;;;;;;;;;;
Piscine de l'Agora;All. de l'Agora 91000 Évry-Courcouronnes France;https://sortir.grandparissud.fr/equipements/piscine-de-l-agora;;;;;;;;;;
Piscine de Laveissiere;Insalut 15300 Laveissière France;;;;;;;;;;;
Piscine de Laxou;2 Rue Pol Chone 54520 Laxou France;http://www.grand-nancy.org/sports-culture-loisirs/piscines/piscine-de-laxou/;;;;;;;;;;
Piscine de Le Vernet 04140;Loupassavou 04140 Le Vernet France;http://mairie-le-vernet.com/;;;;;;;;;;
Piscine de l'École Polytechnique;91120 Palaiseau France;https://www.nageurs.com/piscine-ecole-polytechnique;;;;;;;;;;
Piscine de Lencloître;14 Rue Saint-Exupéry 86140 Lencloître France;http://www.grand-chatellerault.fr/;;;;;;;;;;
Piscine de l'Hautil;Av. de la Paix 95490 Vauréal France;https://www.cergypontoise.fr/piscine-de-lhautil;;;;;;;;;;
Piscine de l'Île de Loisirs d'Etampes;Ile de loisirs d'Etampes 5 Av. Charles de Gaulle 91150 Étampes France;https://etampes.iledeloisirs.fr/;;;;;;;;;;
Piscine de l'Île Madame (Jarnac) GRAND COGNAC;Rue Île Madame 16200 Jarnac France;;;;;;;;;;;
Piscine de Lingolsheim;15 Rue de Normandie 67380 Lingolsheim France;https://www.strasbourg.eu/lieu/-/entity/sig/406_SPO_7;;;;;;;;;;
Piscine de Livron-sur-Drôme;Place Martin Luther King 26250 Livron-sur-Drôme France;https://www.livron-sur-drome.fr/cadre-de-vie/sport-et-detente/piscine;;;;;;;;;;
Piscine de Loire-sur-Rhône;316 Mnt des Pérouzes 69700 Loire-sur-Rhône France;https://www.vienne-condrieu-agglomeration.fr/nos-services-au-quotidien/equipements-sportifs/les-piscines/piscine-de-loire-rhone/;;;;;;;;;;
Piscine de l'Ondaine;4e Rue Thomas 42500 Le Chambon-Feugerolles France;https://lechambon.fr/sport-et-vie-associative/#aqua;;;;;;;;;;
Piscine de Lormont;3 Bd Odilon Redon 33310 Lormont France;https://www.lormont.fr/piscine-municipale;;;;;;;;;;
Piscine de Loumas à Arlanc;63220 Arlanc France;http://horaires-piscine.info/horaires-piscine-de-loumas-a-arlanc/;;;;;;;;;;
Piscine de Lubersac (Communauté de Communes du Pays de Lubersac-Pompadour);Rte de Saint-Pardoux 19210 Lubersac France;http://www.lubersacpompadour.fr/;;;;;;;;;;
Piscine de Lusignan;Rte de Saint-Germier 86600 Lusignan France;https://www.grandpoitiers.fr/sports/les-piscines/piscine-de-lusignan;;;;;;;;;;
Piscine de Luzy;Rte d'Autun 58170 Luzy France;;;;;;;;;;;
Piscine de Maché;Rue du Stade 85190 Maché France;https://www.vie-et-boulogne.fr/vivre-ici/piscines-et-plage/piscine-de-mache/;;;;;;;;;;
Piscine de Marsac sur l'Isle;48 Imp. du Vieux Moulin 24430 Marsac-sur-l'Isle France;https://www.grandperigueux.fr/information-transversale/annuaire-general/piscine-de-marsac-sur-lisle-2-7464;;;;;;;;;;
Piscine de Mauron;Rue Théodore Botrel 56430 Mauron France;https://www.ploermelcommunaute.bzh/contacts/piscine-de-mauron-2/;;;;;;;;;;
Piscine de Mauvezin;21 Prom. du Plan 32120 Mauvezin France;https://www.mauvezin.fr/decouvrir/19396;;;;;;;;;;
Piscine de Melun;50 Quai Maréchal Joffre 77000 Melun France;https://www.ville-melun.fr/temps-libre/piscine-municipale;;;;;;;;;;
Piscine de Mer;4 Prom. des Alliés 35800 Dinard France;;;;;;;;;;;
Piscine de Mer De Donville Les Bains;(mer) France;http://www.ville-donville-les-bains.fr/web/index.php;;;;;;;;;;
Piscine de mer de Granville;Plage de Granville France;http://www.ville-granville.fr/;;;;;;;;;;
Piscine de Mercières;Piscine de Mercières 2 Rue Jacques Daguerre 60200 Compiègne France;https://piscine-patinoire.compiegne.fr/;;;;;;;;;;
Piscine de Mézin;Rue Casimir Laffite 47170 Mézin France;http://horaires-piscine.info/horaires-piscine-de-mezin/;;;;;;;;;;
Piscine de Migneaux;Av. Emile Zola 78300 Poissy France;https://gpseo.fr/actu-piscines;;;;;;;;;;
Piscine de Miramont-de-Guyenne;Av. du Huit Mai 1945 47800 Miramont-de-Guyenne France;http://horaires-piscine.info/horaires-piscine-a-miramont-de-guyenne/;;;;;;;;;;
Piscine de Monségur;monlot 33580 Monségur France;http://horaires-piscine.info/horaires-piscine-a-monsegur/;;;;;;;;;;
Piscine de Montataire - SIPM;35 Av. Anatole France 60160 Montataire France;https://piscine-montataire.fr/;;;;;;;;;;
Piscine de Montbron;piscine de 16220 Montbron France;https://www.rochefoucauld-perigord.fr/piscine-la-rochefoucauld-montbron/;;;;;;;;;;
Piscine de Montchanin;Rue d'Avoise 71210 Montchanin France;http://horaires-piscine.info/horaires-piscine-de-montchanin/;;;;;;;;;;
Piscine de Montgeron;2 Av. de la République 91230 Montgeron France;https://www.vyvs.fr/equipements/piscine/piscine-de-montgeron.html;;;;;;;;;;
Piscine de Montmélian;1997 Av. du Grésivaudan 73800 Montmélian France;;;;;;;;;;;
Piscine de Montoir-de-Bretagne;46 Av. de Lorraine 44550 Montoir-de-Bretagne France;https://piscines.saintnazaireagglo.fr/montoir.html;;;;;;;;;;
Piscine de Morsang;44 All. des Pervenches 91390 Morsang-sur-Orge France;https://www.coeuressonne.fr/loisirs/sports/equipements-aquatiques/piscine-morsang-sur-orge/;;;;;;;;;;
Piscine de Mussidan;Pl. de la République 24400 Mussidan France;https://www.mussidan.fr/;;;;;;;;;;
Piscine de Nantou Pourrain;le mousseau 89240 Pourrain France;https://m.guide-piscine.fr/yonne/pourrain-26928_V;;;;;;;;;;
Piscine de Nausicaá;Bd Sainte-Beuve 62200 Boulogne-sur-Mer France;https://www.ville-boulogne-sur-mer.fr/decouvrir-et-sortir/sport/piscine-de-nausicaa/joomlannuaire/fiche/49-piscine-de-nausicaa;;;;;;;;;;
Piscine de Niversac;41 Rte Georges Brassens 24330 Boulazac Isle Manoire France;https://www.grandperigueux.fr/information-transversale/annuaire-general/piscine-de-niversac-7462;;;;;;;;;;
Piscine de Nogent-le-Roi;Rue du Pont des Demoiselles 28210 Nogent-le-Roi France;http://horaires-piscine.info/horaires-piscine-a-nogent-le-roi/;;;;;;;;;;
Piscine De Peyrehorade;40300 Peyrehorade France;;;;;;;;;;;
Piscine de Pleaux;Rue d'Entassit 15700 Pleaux France;;;;;;;;;;;
Piscine de plein air;21 Rte de Rothbach 67340 Ingwiller France;https://piscines.hanau-lapetitepierre.alsace/point-d-interet/piscine-de-plein-air/;;;;;;;;;;
Piscine de plein air;Rte de Launat 51120 Sézanne France;https://www.ville-sezanne.fr/sortir-bouger-a-sezanne/les-piscines/;;;;;;;;;;
Piscine de plein air;Rue de la Faïencerie 70190 Rioz France;https://www.cc-pays-riolais.fr/piscines-communautaires/;;;;;;;;;;
Piscine de Plein Air;20 Rue de la Piscine 67500 Haguenau France;https://haguenau.fr/fr/page/piscine-plein-air;;;;;;;;;;
Piscine De Plein Air - Bonascre;804 Plt de Bonascre 09110 Ax-les-Thermes France;https://ete.ax.ski/fr/activites-ete;;;;;;;;;;
Piscine de plein air (d'été);All. de la Chapelle Saint-Jean 37400 Amboise France;https://www.ville-amboise.fr/58-1946/fiche/piscine-de-plein-air-de-l-ile-d-or-2025.htm?utm_source=gmb;;;;;;;;;;
Piscine de plein air à Aston;Camp del Pount 09310 Aston France;;;;;;;;;;;
Piscine de plein air à Prénovel;2 Qur les Pessettes 39150 Nanchez France;https://www.le-duchet.com/piscine-chauffee-village-vacances-jura-prenovel;;;;;;;;;;
Piscine de plein air de Kerdurand;Parc de Kerdurand 56670 Riantec France;http://www.riantec.bzh/;;;;;;;;;;
Piscine de plein air intercommunale;Rue de la Piscine 02340 Chaourse France;http://www.tourisme-thierache.fr/fiche/detail/376/Piscine-de-plein-air-intercommunale?extraParametre=;;;;;;;;;;
Piscine de plein air intercommunale Alexandre Braud;2 Av. Alexandre Braud 44540 Vallons-de-l'Erdre France;;;;;;;;;;;
Piscine de Plein Air Intercommunale de la Charbonnière;Bd Joubert 44150 Ancenis-Saint-Géréon France;https://www.pays-ancenis.com/sorties-et-loisirs/du-cote-de/piscines-et-zones-de-baignade/piscine-de-la-charbonniere-ancenis;;;;;;;;;;
Piscine de Ploërmel;Rue du Lieutenant le Vigouroux 56800 Ploërmel France;https://www.ploermelcommunaute.bzh/piscine-de-ploermel/;;;;;;;;;;
Piscine de Poligny;3 Av. Foch 39800 Poligny France;;;;;;;;;;;
Piscine de Prades;All. de la Plaine Saint-Martin 66500 Prades France;https://www.conflentcanigo.fr/piscine-prades;;;;;;;;;;
Piscine de Preuilly sur Claise;Pl. du Champ de Foire 37290 Preuilly-sur-Claise France;https://www.preuillysurclaise.fr/piscine-municipale-en-plein-air-ouverte-l-ete-article-7-46-71.html;;;;;;;;;;
Piscine de Propriano;San Giuseppu 20110 Propriano France;http://horaires-piscine.info/piscine-a-propriano/;;;;;;;;;;
Piscine de Prunay;Camping Ferme Pédagogique de Prunay 19 Prunay 41150 Valloire-sur-Cisse France;;;;;;;;;;;
Piscine de Puiseaux;Rue Nieder Roden 45390 Puiseaux France;https://www.pithiveraisgatinais.fr/piscine-de-puiseaux/;;;;;;;;;;
Piscine de Puylaurens;Rte de Revel 81700 Puylaurens France;https://puylaurens.fr/fr/rb/1949456/piscine-municipale-4;;;;;;;;;;
Piscine de Quédillac;Le Champ Long 35290 Quédillac France;http://horaires-piscine.info/horaires-piscine-de-quedillac/;;;;;;;;;;
Piscine de Renaucourt;31 route de Volon 70120 Renaucourt France;;;;;;;;;;;
Piscine de Revin;81 Rue de la Céramique 08500 Revin France;http://www.ccarm.fr/;;;;;;;;;;
Piscine de Rieux Volvestre;Rte du Plan d'Eau 31310 Rieux-Volvestre France;http://www.mairie-rieux-volvestre.fr/fr/index.html;;;;;;;;;;
Piscine de Rignac;12390 Rignac France;http://www.rignac.fr/bouger-a-rignac/animation-culture-et-loisirs;;;;;;;;;;
Piscine de Roncq;36 Rue du Billemont 59223 Roncq France;https://www.roncq.fr/sports-loisirs-culture/installations-sportives/piscine/horaires-et-jours-douverture;;;;;;;;;;
Piscine de Rouffach;4 Rue de la Piscine 68250 Rouffach France;https://www.ville-rouffach.fr/culture-sport-loisir/infrastructures/230-piscine-municipale;;;;;;;;;;
Piscine de Saignes;15240 Saignes France;https://saignes15.fr/les-services-a-saignes/plaine-des-sports/;;;;;;;;;;
Piscine de Saint-Amand-Villages;Chem. de la Guinguette 50160 Saint-Amand-Villages France;https://www.saint-lo-agglo.fr/fr/piscine-de-saint-amand-villages;;;;;;;;;;
Piscine de Saint-Ambroix;Chem. de la Piscine 30500 Saint-Ambroix France;https://www.saint-ambroix.fr/recherche-dans-lannuaire/joomlannuaire/fiche/266:piscine-et-baignade;;;;;;;;;;
Piscine de Saint-André-des-Eaux;25 Rue des Guifettes 44117 Saint-André-des-Eaux France;https://piscines.saintnazaireagglo.fr/saint-andre-des-eaux.html;;;;;;;;;;
Piscine de Saint-Astier;Rue du Stade Gimel 24110 Saint-Astier France;http://www.ccivs.fr/au-service-des-habitants/piscine;;;;;;;;;;
Piscine de Saint-Aulaye;Les Ponts 24410 St Aulaye-Puymangou France;https://www.saint-aulaye.com/culture-et-loisirs/les-operateurs-culturels/complexe-aquatique-plage;;;;;;;;;;
Piscine de Saint-Béat-Lez;31440 Saint-Béat-Lez France;http://horaires-piscine.info/piscine-st-beat/;;;;;;;;;;
Piscine de Saint-Claud;2 Rte de la Piscine 16450 Saint-Claud France;https://www.saintclaud.fr/piscine.html;;;;;;;;;;
Piscine de Saint-Didier-en-Velay;Rte du Prege 43140 Saint-Didier-en-Velay France;https://st-didier-en-velay.fr/associations/infrastructures/;;;;;;;;;;
Piscine de Sainte Féréole;Av. de la Chapelle 19270 Sainte-Féréole France;https://www.sainte-fereole.fr/loisirs;;;;;;;;;;
Piscine de Saint-Étienne-les-Orgues;Chem. du Tondu 04230 Saint-Étienne-les-Orgues France;https://www.saint-etienne-les-orgues.fr/piscine-municipale/;;;;;;;;;;
Piscine de Saint-Gervais;798 Av. de Miage 74170 Saint-Gervais-les-Bains France;https://www.saintgervais.com/equipement/piscine-de-saint-gervais-saint-gervais-les-bains;;;;;;;;;;
Piscine de Saint-Honoré-les-Bains;Av. du Dr Segard 58360 Saint-Honoré-les-Bains France;https://www.facebook.com/piscinesainthonorelesbains;;;;;;;;;;
Piscine de Saint-Jean-de-Valériscle;3 chemin de l’Auzonnet 30960 Saint-Jean-de-Valériscle France;https://www.ales.fr/sortir-bouger/sport/piscines-decouvertes/;;;;;;;;;;
Piscine de Saint-Jean-du-Gard;Av. de la Résistance 30270 Saint-Jean-du-Gard France;https://www.ales.fr/sortir-bouger/sport/piscines-decouvertes/;;;;;;;;;;
Piscine de Saint-Joseph-des-Bancs;330 Rte de la Plaine 07530 Saint-Joseph-des-Bancs France;;;;;;;;;;;
Piscine de Saint-michel-sur-orge;1 place d’Haïti 91240 Saint-Michel-sur-Orge France;https://www.coeuressonne.fr/;;;;;;;;;;
Piscine de Saint-Rémy-sur-Durolle;Plan d'eau des Prades 63550 Saint-Rémy-sur-Durolle France;http://www.cctdm.fr/;;;;;;;;;;
Piscine de Saint-Sauveur-le-Vicomte;1 Pl. de la Salle de Sport 50390 Saint-Sauveur-le-Vicomte France;;;;;;;;;;;
Piscine de Saliceto;Coppiatello 20218 Saliceto France;;;;;;;;;;;
Piscine de Salindres;Rte de Célas 30340 Salindres France;https://www.ales.fr/sortir-bouger/sport/piscines-decouvertes/;;;;;;;;;;
Piscine de Salmiech;77 Rue Henri Jaudon Le Théron 12120 Salmiech France;https://www.levezou.fr/citoyen-du-levezou/les-19-communes/salmiech/piscine-salmiech/;;;;;;;;;;
Piscine de Salviac;46340 Salviac France;http://horaires-piscine.info/piscine-salviac/;;;;;;;;;;
Piscine de Saugues;Pl. du Breuil 43170 Saugues France;;;;;;;;;;;
Piscine de Sauveterre-de-Guyenne;Zone À Bonard 33540 Sauveterre-de-Guyenne France;;;;;;;;;;;
Piscine de sauvian;34410 Sauvian France;;;;;;;;;;;
Piscine de Sauxillanges;Chem. des Prairies 63490 Sauxillanges France;https://www.google.com/url?sa=t&source=web&rct=j&opi=89978449&url=https://www.sauxillanges.fr/tourisme-loisirs/piscine-zone-de-loisirs&ved=2ahUKEwjajc2CitqVAxUca0EAHQBJKEcQFnoECCQQAQ&sqi=2&usg=AOvVaw3HsOkyQufZnHyFIeSjeWQ3;;;;;;;;;;
Piscine de Secondigny;Camping Le Moulin des Effres 79130 Secondigny France;https://www.camping-lemoulindeseffres.com/le-camping/#piscine;;;;;;;;;;
Piscine de Sedan;Espl. du Lac 08200 Sedan France;;;;;;;;;;;
Piscine de Seignelay;5 Av. Colbert 89250 Seignelay France;https://seignelay.fr/piscine-municipale/;;;;;;;;;;
Piscine de Sermaize les bains;1 Rue du Châtelet 51250 Sermaize-les-Bains France;;;;;;;;;;;
Piscine de Sèvremoine - Espace Nage&Ô;2 Rue du Dr Schweitzer 49450 Sèvremoine France;http://www.sevremoine.fr/;;;;;;;;;;
Piscine de Sèvres;19 Rue Diderot 92310 Sèvres France;https://www.sevres.fr/services/piscine-municipale/;;;;;;;;;;
Piscine de Somain;104 Rue Fernand 59490 Somain France;https://ville-somain.fr/piscine-municipale/;;;;;;;;;;
Piscine de Sospel;Rte d'Erc 06380 Sospel France;https://www.facebook.com/profile.php?id=100093340991323;;;;;;;;;;
Piscine de Sotteville-les-Rouen;31 Av. du 14 Juillet 76300 Sotteville-lès-Rouen France;https://sotteville-les-rouen.fr/sortir/sport/la-piscine-municipale/;;;;;;;;;;
Piscine de Soumans;Rue de l'École 23230 Soumans France;https://www.creuseconfluence.com/loisirs/piscines/piscine-soumans;;;;;;;;;;
Piscine de Spontour;19550 Soursac France;;;;;;;;;;;
Piscine de St Martin la Meanne;19320 Saint-Martin-la-Méanne France;https://stmartinlameanne.fr/tourisme-loisirs-sur-la-commune/;;;;;;;;;;
Piscine de St Maurice sur Aveyron;2 Chem. des Fontaines 45230 Saint-Maurice-sur-Aveyron France;http://horaires-piscine.info/piscine-de-st-maurice-sur-aveyron/;;;;;;;;;;
Piscine de St-Benin-d’Azy;33 Rue Victor Hugo 58270 Saint-Benin-d'Azy France;http://horaires-piscine.info/horaires-piscine-de-st-benin-dazy/;;;;;;;;;;
Piscine de Sucy-en-Brie;29 Av. du Fort 94370 Sucy-en-Brie France;https://sudestavenir.fr/piscine/piscine-de-sucy-en-brie/;;;;;;;;;;
PISCINE DE SUIPPES;2b Av. de la Gare 51600 Suippes France;http://www.piscinedesuippes.fr/;;;;;;;;;;
Piscine de Tartas;68 Rue de la Piscine 40400 Tartas France;http://horaires-piscine.info/horaires-piscine-a-tartas/;;;;;;;;;;
Piscine de Taverny;Square Georges Vallerey 141 Rue d'Herblay 95150 Taverny France;;;;;;;;;;;
Piscine de Thoissey;Le Port 01140 Thoissey France;https://www.campingdethoissey.fr/le-camping/la-piscine/;;;;;;;;;;
Piscine de Tonneins;avenue du Pl. du Dr Vautrain 47400 Tonneins France;https://valdegaronne.fr/170-piscines-d-ete.htm;;;;;;;;;;
Piscine de Tournay;4 Rue du Gabastou 65190 Tournay France;;;;;;;;;;;
Piscine de Vaires-sur-Marne;36 Rue des Loriots 77360 Vaires-sur-Marne France;https://www.agglo-pvm.fr/pratique/les-piscines;;;;;;;;;;
Piscine de Vaise;50 Av. Sidoine Apollinaire 69009 Lyon France;;;;;;;;;;;
Piscine de Valberg;28 Av. de Valberg 06470 Péone France;https://www.valberg.com/les-activites/piscine/;;;;;;;;;;
Piscine de Valdallière;Rte de Lassy 14410 Valdallière France;https://www.valdalliere.fr/culture-loisirs/piscine/;;;;;;;;;;
Piscine de Val-de-Saâne;Impasse des Peupliers 76890 Val-de-Saâne France;https://www.terroirdecaux.fr/sport-jeunesse/la-piscine-de-val-de-saane;;;;;;;;;;
Piscine de Vaujany;Pôle sports et loisirs 108 Rte des Combes 38114 Vaujany France;https://www.vaujany.com/fr/pole-sports-loisirs/la-piscine/;;;;;;;;;;
Piscine De Vaux Morvan;13 Château de Vaux 71190 Étang-sur-Arroux France;;;;;;;;;;;
Piscine de Veigné;La Plage 37250 Veigné France;http://horaires-piscine.info/horaires-piscine-a-veigne/;;;;;;;;;;
Piscine de Vélizy-Villacoublay;Centre Sportif Robert Wagner 17 Av. Robert Wagner 78140 Vélizy-Villacoublay France;https://velizy-villacoublay.horanet.com/;;;;;;;;;;
Piscine de Vendome;23 Rue Geoffroy Martel 41100 Vendôme France;;;;;;;;;;;
Piscine de Verneuil d'Avre-et-d'Iton;Chemin des Rue des Poissonniers 27130 Verneuil d'Avre et d'Iton France;https://www.inse27.fr/piscine-de-verneuil-davre-et-diton/;;;;;;;;;;
Piscine de Verteillac;Le Pontis Sud Est 24320 Verteillac France;https://ccpr24.fr/vivre-et-habiter/sport/les-piscines/;;;;;;;;;;
Piscine de Vic sur Cère;Av. André Mercier 15800 Vic-sur-Cère France;http://www.vicsurcere.fr/;;;;;;;;;;
Piscine de Vidauban;74-264 Chem. de l'Escarayol 83550 Vidauban France;https://www.dracenie.com/piscines/vidauban;;;;;;;;;;
Piscine de Villaine;Rue Georges Mandel 91300 Massy France;https://www.ville-massy.fr/sortir/envie-de-sport/;;;;;;;;;;
Piscine De Villamblard;270- 340 Rte de Périgueux 24140 Villamblard France;;;;;;;;;;;
Piscine de Ville-d'Avray;22 Rue du Cottage 92410 Ville-d'Avray France;http://www.villedavray.fr/;;;;;;;;;;
Piscine de Villejean;1 parvis François André 35000 Rennes France;;;;;;;;;;;
Piscine de Villemomble;22 Rte de Noisy 93250 Villemomble France;http://www.villemomble.fr/la-piscine-municipale/;;;;;;;;;;
Piscine de Villeneuve-de-Marsan;190 Av. du Stade 40190 Villeneuve-de-Marsan France;https://www.tourismelandes.com/loisir/%20piscine-loiaqu04001odhcq/;;;;;;;;;;
Piscine de Villette-de-Vienne;328 Rte de Chuzelles 38200 Villette-de-Vienne France;https://www.vienne-condrieu.com/equipement/piscine-de-villette-de-vienne-villette-de-vienne/;;;;;;;;;;
Piscine de Vireux - Wallerand;Rue du Ridoux 08320 Vireux-Wallerand France;https://ccarm.fr/piscines-communautaires/;;;;;;;;;;
Piscine de Vitry;Paradis exo cosmétique 49 Rue Ampère 94400 Vitry-sur-Seine France;;;;;;;;;;;
Piscine de Vittel;361 Av. du Haut de Fol 88800 Vittel France;https://www.ville-vittel.fr/fr/le-complexe-aquatique.html;;;;;;;;;;
Piscine de Voves;1 Rue Jules Langlois 28150 Les Villages Vovéens France;http://coeurdebeauce.fr/;;;;;;;;;;
Piscine d'eau de mer;50380 Saint-Pair-sur-Mer France;https://filimages.com/2014/01/06/photos-du-6-janv-2014-normandie/;;;;;;;;;;
Piscine d'eau de mer;35800 France;;;;;;;;;;;
Piscine d'eau de mer de la plage Bon-secours;1 Pl. du Guet 35400 Saint-Malo France;;;;;;;;;;;
Piscine d'eau de mer de la plage de l'éventail;France;;;;;;;;;;;
Piscine découverte à l'Alpe d'Huez;245 Av. des Jeux 38750 Huez France;https://www.alpedhuez.com/fr/hiver/types-apidae/equipement/piscine-de-plein-air/;;;;;;;;;;
Piscine Denis Diderot;114 Bd de l'Europe 76100 Rouen France;https://www.rouen.fr/adresse/piscine-denis-diderot;;;;;;;;;;
Piscine d'Epernon;33 Rle du Prieuré 28230 Épernon France;http://www.porteseureliennesidf.fr/;;;;;;;;;;
Piscine d'Époisses;Pl. de la Piscine 21460 Époisses France;http://horaires-piscine.info/horaires-piscine-de-epoisses/;;;;;;;;;;
Piscine des 3 Châteaux;1 Rue Pierre de Coubertin 68150 Ribeauvillé France;https://www.piscine-3-chateaux.fr/;;;;;;;;;;
Piscine des 4 vallées à Castillon en Couserans;Rte Audressein 09800 Castillon-en-Couserans France;http://horaires-piscine.info/piscine-des-4-vallees-castillon-en-couserans/;;;;;;;;;;
Piscine des 7 Fontaines;Schoenenbourg 67160 Drachenbronn-Birlenbach France;https://www.drachenbronn-birlenbach.fr/Vie-pratique/Piscine-7-Fontaines.html;;;;;;;;;;
Piscine des Ardriers;Rue du Vieux Loup 72000 Le Mans France;http://www.lemans.fr/;;;;;;;;;;
Piscine des Auzerals;Rte de Grazac 81800 Rabastens France;https://www.rabastens.fr/mes-loisirs/sport/la-piscine;;;;;;;;;;
Piscine des Blagis;5 Rue de l'Yser 92330 Sceaux France;https://www.valleesud.fr/fr/piscine-des-blagis-sceaux;;;;;;;;;;
Piscine des Bordes à Chennevières-sur-Marne;99 Rue des Bordes 94430 Chennevières-sur-Marne France;https://sudestavenir.fr/piscine/piscine-des-bordes/;;;;;;;;;;
Piscine des Buclos;14 Av. du Vercors 38240 Meylan France;https://www.meylan.fr/49-piscine.htm;;;;;;;;;;
Piscine des Canebiers de Cagnes-sur-Mer;Av. Marcel Pagnol 06800 Cagnes-sur-Mer France;http://www.cagnes-sur-mer.fr/sport/piscine-municipale/;;;;;;;;;;
Piscine des Caneton;Chem. de la Ferme 13170 Les Pennes-Mirabeau France;http://www.agglo-paysdaix.fr/sports/piscines/etablissements/detail/p/piscine/detail/piscine_caneton_des_pennes.html#&panel1-1;;;;;;;;;;
Piscine des Capucins;16B Av. du Maréchal Leclerc 70100 Gray France;https://www.cc-valdegray.fr/piscine-des-capucins--1618905095.html;;;;;;;;;;
Piscine des Chartreux;Piscine chartreux Rue Raymond Burgard 10000 Troyes France;https://www.sports-troyes.fr/piscines/;;;;;;;;;;
Piscine des Closeaux;15 Bd Marcel Pourtout 92500 Rueil-Malmaison France;https://www.vert-marine.com/closeaux/;;;;;;;;;;
Piscine des Coëvrons à Bais;Rue du Château 53160 Bais France;https://www.coevrons.fr/article/piscine-de-bais;;;;;;;;;;
Piscine des Collines;20 Rue du Stade 26330 Châteauneuf-de-Galaure France;https://piscines.portededromardeche.fr/piscine-des-collines;;;;;;;;;;
Piscine des Cortals à Saint Paul de Fenouillet;1 Rue du Dr Louis Brun 66220 Saint-Paul-de-Fenouillet France;http://www.cc-aglyfenouilledes.fr/ma-vie-pratique/loisirs-et-associations/346441-piscine-municipale;;;;;;;;;;
Piscine des Eguérets;48 All. des Eguérets 95280 Jouy-le-Moutier France;https://www.cergypontoise.fr/piscine-des-eguerets;;;;;;;;;;
Piscine des Gayeulles;15 Av. des Gayeulles 35700 Rennes France;https://www.tourisme-rennes.com/infos-pratiques/piscines-horaires/;;;;;;;;;;
Piscine des Glacis;96 Rue d'Arleux 59500 Douai France;https://www.douai.fr/piscine-des-glacis;;;;;;;;;;
Piscine des Hauts-d'Anjou;Rue du 11 Novembre 49330 Les Hauts-d'Anjou France;https://leshautsdanjou.fr/loisirs-sport-culture-et-vie-associative/piscine-dete/;;;;;;;;;;
Piscine des Jacobins (piscine Baptiste-Lhommelet);38 Rue du 11 Novembre 45400 Fleury-les-Aubrais France;https://www.fleurylesaubrais.fr/mes-loisirs/sports/piscine-des-jacobins/;;;;;;;;;;
Piscine des Jonquilles;2 Rue des Jonquilles 68110 Illzach France;https://www.mulhouse-alsace.fr/sports-loisirs/piscines-et-plan-deau/piscines-jonquilles-illzach/;;;;;;;;;;
Piscine des Korach;625 Chem. des Clos 83690 Tourtour France;;;;;;;;;;;
Piscine des Lacs;1 Rte des Lacs 88140 Contrexéville France;;;;;;;;;;;
Piscine des Lacs;23 Rue Octave Longuet 91170 Viry-Châtillon France;https://www.grandorlyseinebievre.fr/piscine-des-lacs-viry-chatillon;;;;;;;;;;
Piscine des Lices;Rue de la Piscine 72300 Précigné France;http://www.precigne.fr/;;;;;;;;;;
Piscine des Murs à Pêches;9 Rue Maurice Bouchor 93100 Montreuil France;https://www.est-ensemble.fr/la-piscine-des-murs-peches;;;;;;;;;;
Piscine des Pieux;4 Rte de Flamanville 50340 Les Pieux France;;;;;;;;;;;
Piscine des Portes du Haut-Doubs;24 Rue de la Piscine 25800 Valdahon France;https://www.portes-haut-doubs.com/content/piscine-des-portes-du-haut-doubs;;;;;;;;;;
Piscine des Raguidelles;27 Rue des Tourneroches 92150 Suresnes France;https://www.suresnes.fr/mes-loisirs/sport/piscine-des-raguidelles/;;;;;;;;;;
Piscine des Remparts;2 Av. Adrien Zeller 67600 Sélestat France;http://www.piscine-remparts.fr/;;;;;;;;;;
Piscine des Ribières;87230 Les Cars France;https://www.lescars87.fr/tourisme.html;;;;;;;;;;
Piscine des Roches de Condrieu;Stade Intercommunal Henri Fouchard 5 Rue de Champagnole 38370 Les Roches-de-Condrieu France;http://www.lesigis.fr/;;;;;;;;;;
Piscine des Rougeaux;6 Chem. de la Font des Rougeaux 77130 Montereau-Fault-Yonne France;https://www.ville-montereau77.fr/envie-de-bouger/sport-et-asso/sports/les-infrastructures-sportives/;;;;;;;;;;
Piscine des Salines - Piscina d'I Salini;6 Av. Maréchal Juin 20090 Ajaccio France;http://www.ajaccio.fr/;;;;;;;;;;
Piscine des sapins;JHV8+7X 63760 Bourg-Lastic France;;;;;;;;;;;
Piscine des Sénarts;1 Rue de Rochopt 91800 Boussy-Saint-Antoine France;https://piscinedessenarts.fr/;;;;;;;;;;
Piscine des Thiolettes;77 Av. de l'Europe 51100 Reims France;https://reims-sports-boutique.reims.fr/piscines.html;;;;;;;;;;
Piscine des Trois Vallees;3 Rue des Prairies 91650 Breuillet France;https://www.coeuressonne.fr/;;;;;;;;;;
Piscine des trois villes;350 Rue du Dr Schweitzer 59510 Hem France;http://www.piscinedestroisvilles.fr/;;;;;;;;;;
Piscine des Ulis;Av. de l'Aubrac 91940 Les Ulis France;https://www.lesulis.fr/104/sortir/piscine-municipale.htm;;;;;;;;;;
Piscine des Vallons du Lyonnais à Vaugneray;20 Chem. du Stade 69670 Vaugneray France;http://www.ccvl.fr/;;;;;;;;;;
Piscine des Weppes;40 Rue de la Croix 59134 Herlies France;http://www.piscinedesweppes.fr/;;;;;;;;;;
Piscine d'été;1 Rue du 19 Mars 1962 17470 Aulnay France;https://www.piscineatlantys.fr/piscines-dete/piscine-dete-aulnay-de-saintonge/;;;;;;;;;;
Piscine d'été;Ile de la Grenouillette 17350 Le Mung France;https://www.piscineatlantys.fr/piscines-dete/piscine-dete-ile-de-la-grenouillette/;;;;;;;;;;
Piscine d'été;5 Rue de la Piscine 26130 Saint-Paul-Trois-Châteaux France;http://www.centreaquatiqueodysseeo.fr/;;;;;;;;;;
Piscine d'été;15 Chem. de l'Abatis 17380 Tonnay-Boutonne France;https://www.piscineatlantys.fr/piscines-dete/piscine-dete-tonnay-boutonne/;;;;;;;;;;
Piscine d'été;25 Av. de Saint-Jean d'Angély 17770 Saint-Hilaire-de-Villefranche France;https://www.piscineatlantys.fr/piscines-dete/piscine-dete-saint-hilaire-de-villefranche/;;;;;;;;;;
Piscine d'été;Bd de Saint-Hérie 17160 Matha France;https://www.piscineatlantys.fr/piscines-dete/piscine-dete-matha/;;;;;;;;;;
Piscine d'été à Revel;Chem. de la Pergue 31250 Revel France;https://www.mairie-revel.fr/bouger-sortir/sports-et-loisirs/la-piscine-d-ete/;;;;;;;;;;
Piscine d'été de Brioux-sur-Boutonne;Rue Hélène Boucher 79170 Brioux-sur-Boutonne France;https://www.melloisenpoitou.fr/les-actions/animation-sportive/un-reseau-de-6-piscines;;;;;;;;;;
Piscine d'été de Chef-Boutonne;20 Rue Pierre Blanchard 79110 Chef-Boutonne France;https://www.melloisenpoitou.fr/les-actions/animation-sportive/un-reseau-de-6-piscines;;;;;;;;;;
Piscine d'été de Lezay;Rue du Marais 79120 Lezay France;https://www.melloisenpoitou.fr/les-actions/animation-sportive/un-reseau-de-6-piscines;;;;;;;;;;
Piscine d'été de Saint Laurent du Pont;Pl. de la Piscine 38380 Saint-Laurent-du-Pont France;http://www.saintlaurentdupont.fr/piscine-municipale/;;;;;;;;;;
Piscine d'été de Sauzé-Entre-Bois;Rte de Chef Boutonne 79190 Sauzé-entre-Bois France;https://www.melloisenpoitou.fr/les-actions/animation-sportive/un-reseau-de-6-piscines;;;;;;;;;;
Piscine d'été Le Grand Charolais à Charolles;Rte de Viry 71120 Charolles France;https://www.legrandcharolais.fr/piscines.html;;;;;;;;;;
Piscine d'été Le Grand Charolais Paray-le-Monial;15 Bd Henri Régnier 71600 Paray-le-Monial France;https://www.legrandcharolais.fr/piscines.html;;;;;;;;;;
Piscine d'Étrépagny;12 Rue Eugène Lavoisier 27150 Étrépagny France;https://www.cdc-vexin-normand.fr/culture-et-loisirs/presentation-centre-nautique/piscine-d-etrepagny.html;;;;;;;;;;
Piscine d'Excideuil;Pl. Murillo de Rio Leza 24160 Excideuil France;http://horaires-piscine.info/horaires-piscine-dexcideuil/;;;;;;;;;;
Piscine d'extérieur de Sully-sur-Loire;Q99P+GF 45600 Sully-sur-Loire France;;;;;;;;;;;
Piscine d'Eybens;5 Rue du Château 38320 Eybens France;https://www.eybens.fr/92-piscine.htm;;;;;;;;;;
Piscine d'Herbault (Agglopolys);2 Chem. des Meuniers 41190 Herbault France;http://www.agglopolys.fr/1336-la-piscine-d-herbault.htm;;;;;;;;;;
Piscine d'Hiver;27 Rue Yves Carlier 60300 Senlis France;http://www.ville-senlis.fr/;;;;;;;;;;
Piscine Didot;22 Av. Georges Lafenestre 75014 Paris France;https://www.paris.fr/equipements/piscine-didot-2932;;;;;;;;;;
Piscine Dinard;35800 France;;;;;;;;;;;
Piscine Directe;2 All. Marco Polo 26700 Pierrelatte France;;;;;;;;;;;
Piscine d'Irigny;33 Chem. de Champvillard 69540 Irigny France;https://www.irigny.fr/Piscine+Municipale/266/;;;;;;;;;;
piscine discount bloopisicne;33000 Serbonnes France;;;;;;;;;;;
Piscine Districale de Faulquemont;Rue de la Piscine 57380 Faulquemont France;https://www.dufcc.com/fr/piscine.html;;;;;;;;;;
Piscine Dolibulle;All. de la Ville Nicault 35120 Dol-de-Bretagne France;https://www.piscine-dolibulle.com/;;;;;;;;;;
Piscine Donaiki;Av. Frédéric de St Jayme 64120 Saint-Palais France;https://www.communaute-paysbasque.fr/culture-et-loisirs/les-piscines-communautaires/piscine/piscine-de-saint-palais;;;;;;;;;;
Piscine d'Orpierre;1 D30 05700 Orpierre France;;;;;;;;;;;
Piscine d'Ostwald;8 Quai Heydt 67540 Ostwald France;https://www.strasbourg.eu/lieu/-/entity/sig/407_SPO_8;;;;;;;;;;
Piscine d'Ouzouer-le-Marché;20 Rue du Lieutenant Bau 41240 Beauce la Romaine France;http://horaires-piscine.info/horaires-piscine-de-ouzouer-le-marche/;;;;;;;;;;
Piscine du Baschgraben;1 Rue du Bannholz 67660 Betschdorf France;http://www.betschdorf.com/;;;;;;;;;;
Piscine du Bocage;Chem. du Feil 35500 Vitré France;https://www.vitrecommunaute.org/listes/les-piscines/;;;;;;;;;;
Piscine du Bourget;5 Rue des Jardins 93350 Le Bourget France;http://horaires-piscine.info/piscine-du-bourget/;;;;;;;;;;
Piscine du Cap Esterel;6 Rue des Thermes 83700 Saint-Raphaël France;;;;;;;;;;;
Piscine du Cébron;D47 79600 Saint-Loup-Lamairé France;http://www.lacducebron.fr/bassin-de-baignade.html;;;;;;;;;;
Piscine du Centre Sportif des Longes;12 All. Génépi 73130 St François Longchamp France;https://www.saintfrancoislongchamp.com/equipement/piscine-du-centre-sportif-des-longes-saint-francois-longchamp/;;;;;;;;;;
Piscine du Centre Sportif Roger Vergne;31 Rue du Commandant René Mouchotte 94160 Saint-Mandé France;https://www.saintmande.fr/pratique/sport-culture-et-loisirs/structures-sportives/centre-sportif-roger-vergne-piscine;;;;;;;;;;
Piscine du Châtelet;Rue des Gravées 79270 Sansais France;http://www.niortagglo.fr/fr/sortir-visiter/piscines/chatelet-a-sansais-la-garette/index.html;;;;;;;;;;
Piscine du Chesnay;Rocquencourt FR 7 Rue Pottier 78150 France;https://www.lechesnay-rocquencourt.fr/395/sports/la-piscine.htm;;;;;;;;;;
Piscine du Colombier;15 Rue de Paris 94000 Créteil France;https://sudestavenir.fr/piscine/piscines-creteil/;;;;;;;;;;
Piscine du Complexe Léon Truyns;Rue du Noyer Grenot 94310 Orly France;http://horaires-piscine.info/piscine-du-complexe-leon-truyns-a-orly/;;;;;;;;;;
Piscine du Corbier;Chef Lieu 73300 Corbier (Le France;http://www.le-corbier.com/;;;;;;;;;;
Piscine du Domaine De Pierrageais;Domaine de Pierrageais 1360 1530 Brintenas 07410 Saint-Félicien France;http://www.domaine-de-pierrageais.fr/;;;;;;;;;;
Piscine du Grand Guéret;Av. Fayolle 23000 Guéret France;http://www.piscine-grandgueret.fr/;;;;;;;;;;
Piscine du Grand-Bornand;189 Rte du Borne 74450 Le Grand-Bornand France;http://www.legrandbornand.com/piscine.html;;;;;;;;;;
Piscine Du Gua;Av. Pierre de Coubertin 12110 Aubin France;http://www.aubin-aveyron.fr/;;;;;;;;;;
Piscine du Jas de Rhôdes;Av. du Capitaine de Corvette Paul Brutus 13170 Les Pennes-Mirabeau France;http://www.agglo-paysdaix.fr/sports/piscines;;;;;;;;;;
Piscine du Lac;1 Chem. des Closiers 45200 Montargis France;https://piscine-du-lac.fr/;;;;;;;;;;
Piscine du lac;La Vall. Mabile 44260 Savenay France;https://www.piscinedulac.fr/;;;;;;;;;;
Piscine du Lac de Loire;Le Lac de Loire 41350 Vineuil France;http://www.agglopolys.fr/;;;;;;;;;;
Piscine du Lac de Saint-Pardoux;Site de Santrop - Lac de Saint-Pardoux 87640 Razès France;https://www.lacsaintpardoux.com/piscine/;;;;;;;;;;
Piscine du Layon;12 Bis Av. des Trois Ponts 49380 Bellevigne-en-Layon France;http://www.piscine-du-layon.com/;;;;;;;;;;
Piscine du Lido;Rue Virginie Mauvais 54510 Tomblaine France;https://www.grandnancy.eu/sortir-decouvrir/piscines/piscine-du-lido-tomblaine/;;;;;;;;;;
Piscine du Long Rayage;6 Chem. du Parisis 91090 Lisses France;https://www.grandparissud.fr/equipement/piscine-du-long-rayage/;;;;;;;;;;
Piscine du Louet;Piscine du Louet 49190 Rochefort-sur-Loire France;https://www.rochefortsurloire.fr/page/piscine;;;;;;;;;;
Piscine du Martinet;Les Plots O 30960 Le Martinet France;https://www.ales.fr/sortir-bouger/sport/piscines-decouvertes/;;;;;;;;;;
Piscine du Martinet;5 Rte du Martinet 39200 Villard-Saint-Sauveur France;;;;;;;;;;;
Piscine du Mas-d'Agenais;Rte de Calonges 47430 Le Mas-d'Agenais France;https://valdegaronne.fr/170-piscines-d-ete.htm;;;;;;;;;;
Piscine du Mont Glonne;Les Coteaux 49410 Mauges-sur-Loire France;https://www.mauges-sur-loire.fr/contacts/piscine-du-mont-glonne/;;;;;;;;;;
Piscine du Mortier - Tours Nord;2 Rue de la Bassée 37100 Tours France;https://www.tours.fr/equipement/piscine-municipale-mortier/;;;;;;;;;;
Piscine Du Mung;17350 Le Mung France;;;;;;;;;;;
Piscine du O Trégor;Rue Jarl Priel 22220 Tréguier France;https://www.lannion-tregor.com/vos-services/piscines/;;;;;;;;;;
Piscine du Palais des sports Maurice-Thorez;136 Av. Frederic et Irene Joliot Curie 92000 Nanterre France;https://www.nanterre.fr/annuaires/equipements/detail/piscine-du-palais-des-sports;;;;;;;;;;
Piscine du Parc;1 Parc des Loisirs 90800 Bavilliers France;;;;;;;;;;;
Piscine du Parc d’Olhain au Maisnil lès Ruitz;Rue de Rebreuve 62620 Maisnil-lès-Ruitz France;http://www.parcdolhain.fr/;;;;;;;;;;
Piscine du parc des loisirs à Ambrières les Vallées;Parc de Vaux 53300 Ambrières-les-Vallées France;https://www.bocage-mayennais.fr/bocage-mayennais_sortir-se-divertir_piscines.phtml;;;;;;;;;;
Piscine du Pays de La Châtre (Public);Rue Frédéric Chopin 36400 La Châtre France;;;;;;;;;;;
Piscine du Pays de l'Ourcq;1 Av. Louis Delahaye 77440 Ocquerre France;https://www.paysdelourcq.fr/mes-activites/les-equipements-sportifs/la-piscine-du-pays-de-lourcq/;;;;;;;;;;
Piscine du Pays des Écrins;Complexe sportif le quartz 26 Avenue Quartz 05120 L'Argentière-la-Bessée France;https://www.cc-paysdesecrins.fr/piscine;;;;;;;;;;
Piscine du Pays d'Uzès;4 Rue Jeanne Palanque 30700 Uzès France;https://piscine-ccpaysduzes.fr/;;;;;;;;;;
Piscine du Pays Rhénan;Rue de Dalhunden 67410 Drusenheim France;http://www.cc-paysrhenan.fr/Decouvrir/Loisirs/Piscine.html;;;;;;;;;;
Piscine du Pays Solesmois;Rue du Général de Gaulle 59730 Solesmes France;https://www.ccpays-solesmois.fr/piscineintercommunale/;;;;;;;;;;
Piscine du Pic Saint-Loup;800 Chem. de la ville 34270 Saint-Mathieu-de-Tréviers France;https://www.vert-marine.com/piscinepicsaintloup/;;;;;;;;;;
Piscine du Plan d’Eau de la Vallée de l’Othain;Plan d'eau de la vallée de l'Othain 55600 Marville France;http://otpaysdemontmedy.blogspot.fr/2011/09/piscine-horaires-activites-tarifs.html;;;;;;;;;;
piscine du Poët;22 Rte Napoléon 05300 Le Poët France;http://horaires-piscine.info/piscine-le-poet/;;;;;;;;;;
Piscine du Poiré-sur-Vie;Rue du Petit Bois 85170 Le Poiré-sur-Vie France;https://www.vie-et-boulogne.fr/vivre-ici/piscines-et-plage/piscine-du-poire-sur-vie/;;;;;;;;;;
Piscine du Poutyl;Rue du Général de Gaulle 45160 Olivet France;https://www.piscinepoutyl-olivet.fr/;;;;;;;;;;
Piscine du Prieuré;23 Av. du Général Giraud 35800 Dinard France;;;;;;;;;;;
Piscine du Quartier Lyautey;Rue Raymond et Lucie Aubrac 35136 Saint-Jacques-de-la-Lande France;;;;;;;;;;;
Piscine du Remblai;Prom. de l'Amiral Lafargue 85100 Les Sables-d'Olonne France;https://piscines-des-sablesdolonne.fr/piscine-du-remblai/;;;;;;;;;;
Piscine du S R H;76310 Sainte-Adresse France;;;;;;;;;;;
Piscine du Sivom des Trois Vallées de Mondeville;Chem. de la Cavée 14120 Mondeville France;http://www.sivomdes3vallees.fr/index.php/piscine-de-mondeville/;;;;;;;;;;
Piscine du Square du Luxembourg;1 Rue de la Piscine 57000 Metz France;https://piscines-metz.fr/;;;;;;;;;;
Piscine du Triolo;Rue de la Tradition 59650 Villeneuve-d'Ascq France;https://piscines.villeneuvedascq.fr/horaires-des-piscines;;;;;;;;;;
Piscine du Val de Besbre;Rte de l'Île 03290 Dompierre-sur-Besbre France;http://www.piscine.valdebesbre.com/;;;;;;;;;;
Piscine du Val de Thouet;Bd de la Marne 49400 Saumur France;https://www.saumurvaldeloire.fr/infos-demarches/politiques-sportives/piscines;;;;;;;;;;
Piscine du Wacken;8 Rue Pierre de Coubertin 67000 Strasbourg France;https://www.strasbourg.eu/lieu/-/entity/sig/408_SPO_9;;;;;;;;;;
Piscine d'Ungersheim (M2A);10 Rue des Lilas 68190 Ungersheim France;http://www.mulhouse-alsace.fr/fr/piscine-ungersheim;;;;;;;;;;
Piscine Ecole;5 Rte du Stade 43400 Le Chambon-sur-Lignon France;http://horaires-piscine.info/horaires-piscine-a-le-chambon-sur-lignon/;;;;;;;;;;
Piscine Ecole St Gaudérique;1 Bis Rue Ernest Renan 66000 Perpignan France;http://piscine-gauderique.com/;;;;;;;;;;
Piscine Ecuires CA2BM;Rue du Bras d'Or 62170 Écuires France;https://www.ca2bm.fr/;;;;;;;;;;
Piscine Edouard Herriot;59 Av. Gallieni 93130 Noisy-le-Sec France;https://www.est-ensemble.fr/piscine-edouard-herriot-noisy-le-sec;;;;;;;;;;
Piscine Elie Desbin;60 Rue Bocquet Flochel 62000 Arras France;;;;;;;;;;;
Piscine Emile Anthoine;9 Rue Jean Rey 75015 Paris France;https://www.paris.fr/equipements/piscine-emile-anthoine-19201;;;;;;;;;;
Piscine ENTPE;69120 Lyon France;;;;;;;;;;;
Piscine Entretien Equipements;37 Rue Principale 31360 Auzas France;;;;;;;;;;;
Piscine EPAE;Chem. de la Laurelle 38330 Montbonnot-Saint-Martin France;https://www.montbonnot.fr/3793-piscine-de-l-epae.htm;;;;;;;;;;
Piscine Espace Dauphins;33 Rue de la Libération 44110 Châteaubriant France;https://www.cc-chateaubriant-derval.fr/;;;;;;;;;;
Piscine espace des Sources Chaudes;Rue de la Balmette 81230 Lacaune France;http://piscine-lacaune.jimdo.com/;;;;;;;;;;
Piscine estivale Maurice Ravel;Rue de la Pérouse 63140 Châtel-Guyon France;https://centreaquatique.rlv.eu/;;;;;;;;;;
Piscine et COSEC du Fango - Piscina è COSEC di u Fangu;20200 Bastia France;http://www.bastia.corsica/fr/citoyenne/annuaire-355/piscine-du-fango.html?cHash=395174bf602c7353f5411b6d5e1088ed;;;;;;;;;;
Piscine et Jacuzzi à Auris;Les Orgières 38142 Auris France;https://www.auris-en-oisans.fr/equipement/piscine-decouverte-chauffee/;;;;;;;;;;
PISCINE et PATINOIRE du Parc de loisirs des Glières VAL CENIS;Parc de Loisirs des Glières Les Glières 73480 France;http://valcenispiscinepatinoire.wordpress.com/;;;;;;;;;;
Piscine et paysage ( garnero Yoan );11 Av. de la Victoire 06320 La Turbie France;https://piscineetpaysage.fr/;;;;;;;;;;
Piscine et Stade Municipal;Rue Maximilien Evrard 42350 La Talaudière France;;;;;;;;;;;
Piscine Etaples CA2BM;Imp. des Sports 62630 Étaples France;https://www.ca2bm.fr/loisirs/les-equipements-sportifs/les-piscines/piscine-intercommunale-detaples-sur-mer;;;;;;;;;;
Piscine Euronat;436 Euronat 33590 Grayan-et-l'Hôpital France;http://euronat.com/;;;;;;;;;;
Piscine exterieure;Chem. de Ronde du Moulinet 35800 Dinard France;;;;;;;;;;;
Piscine Extérieure Mâcon;139-227 Rue Pierre de Coubertin 71000 Mâcon France;;;;;;;;;;;
Piscine extérieure Nakache;12T Rue Montaigne 34410 Sérignan France;https://www.calameo.com/read/0049005160f3ceb53ee17;;;;;;;;;;
Piscine Fernand Blanluet;31 Rue Jean Baptiste Semanaz 93310 Le Pré-Saint-Gervais France;https://www.est-ensemble.fr/piscine-fernand-blanluet-au-pre-saint-gervais;;;;;;;;;;
Piscine Fernand Bonnin;5 Le Portail 21250 Pouilly-sur-Saône France;https://www.rivesdesaone.fr/;;;;;;;;;;
Piscine Ferrières-en-Gâtinais - CC4V;21 Av. de Verdun 45210 Ferrières-en-Gâtinais France;https://www.cc4v.fr/piscine-de-ferrieres-en-gatinais;;;;;;;;;;
Piscine Fit-Océa;Rue Général de Gaulle 56520 Guidel France;http://www.fitocea.fr/;;;;;;;;;;
Piscine fourmies;31 Rue des Pierres 59610 Fourmies France;;;;;;;;;;;
Piscine France Polyester;Anc. Rte de Sainte-Maxime 83490 Le Muy France;https://www.piscinefrancepolyester.com/;;;;;;;;;;
Piscine G. et R. Hagondokoff / Bassin et espaces extérieurs fermés;Place Sodbury 1 Av. de la Zibeline 77240 Cesson France;https://sortir.grandparissud.fr/equipements/piscine-intercommunale-georges-et-rolande-hagondokoff;;;;;;;;;;
Piscine Gabriel Bodenreider;2 Place Raymond Pitet 88300 Neufchâteau France;https://ccov.fr/contenu/piscine/;;;;;;;;;;
Piscine Gabriel Mercier;636 Chem. d'Arras 01600 Trévoux France;https://www.mairie-trevoux.fr/loisirs-et-sorties/sport-2/;;;;;;;;;;
Piscine Gardoise;825 Av. Jean Moulin 30380 Saint-Christol-lez-Alès France;http://www.piscinegardoise.com/;;;;;;;;;;
Piscine Georges Bonichot;1 Av. Jean Moulin 60150 Thourotte France;https://www.thourotte.fr/fr/culture-et-loisirs/vie-sportive/piscine/;;;;;;;;;;
Piscine Georges Cuinet;Pl. Zarautz 25300 Pontarlier France;http://www.ville-pontarlier.fr/sport_et_loisirs/activites_nauthiques/piscine.php;;;;;;;;;;
Piscine Georges Daullé;4 Rue Rouault 62000 Arras France;https://www.cu-arras.fr/piscines-communautaire/;;;;;;;;;;
Piscine Georges Guynemer;2 Rue du Tornegat 59430 Dunkerque France;https://www.ville-dunkerque.fr/decouvrir-sortir-bouger/sports/les-piscines;;;;;;;;;;
Piscine Georges Hermant;8-10 Rue David d'Angers 75019 Paris France;https://piscine-georgeshermant.fr/;;;;;;;;;;
Piscine Gilbert Mathieu;21350 Vitteaux France;;;;;;;;;;;
Piscine Grouchy;179 Rue Bergson 42000 Saint-Étienne France;https://www.saint-etienne.fr/les-piscines-stephanoises;;;;;;;;;;
Piscine Guy Bey;23 Rue Charles Infroit 92190 Meudon France;https://piscineguybey.fr/;;;;;;;;;;
Piscine Guy Boissière;1 Rue Sainte-Amélie 76000 Rouen France;http://www.rouen.fr/adresse/piscine-guy-boissiere;;;;;;;;;;
Piscine Guy Drut;2 Rue Jacques-Yves Cousteau 13320 Bouc-Bel-Air France;http://www.agglo-paysdaix.fr/sports/piscines;;;;;;;;;;
Piscine H2 Eau;6 Rue de Keransignour 29900 Concarneau France;http://www.piscine-h2eau.fr/;;;;;;;;;;
Piscine H2O;3 All. de la Roseraie 49110 Montrevault-sur-Èvre France;https://www.piscineh2o.fr/;;;;;;;;;;
Piscine Henry de Montherlant;32 Bd Lannes 75016 Paris France;https://www.paris.fr/equipements/piscine-henry-de-montherlant-2939;;;;;;;;;;
Piscine Héraclès;1 Av. Georges Frêche 34670 Saint-Brès France;http://www.montpellier3m.fr/equipement/piscine-heracles-st-bres;;;;;;;;;;
Piscine Houara Kids;9QMG+X3H Oulad Teima Maroc;;;;;;;;;;;
Piscine hydrosud ile de ré;Rte de la Pointe À Chabot 17880 Les Portes-en-Ré France;;;;;;;;;;;
Piscine ibiza 64;le bourg 6 Rue Louis Barthou 64150 Mourenx France;http://www.piscines-ibiza.com/;;;;;;;;;;
Piscine Insulaire;Palmola 20232 Oletta France;;;;;;;;;;;
Piscine Intercantonale;4 Rue Saint-Martin 14310 Villers-Bocage France;http://www.piscine-intercantonale-villers-bocage.fr/;;;;;;;;;;
Piscine Intercommunale;Rue Raoul Ivanès 24600 Ribérac France;https://ccpr24.fr/vivre-et-habiter/sport/les-piscines/;;;;;;;;;;
Piscine intercommunale;Rue de la Paix 57230 Bitche France;http://www.cc-paysdebitche.fr/;;;;;;;;;;
Piscine intercommunale;Rue du Moulin 57260 Val-de-Bride France;;;;;;;;;;;
Piscine Intercommunale;Rue Paul Carpentier 45110 Châteauneuf-sur-Loire France;https://www.cc-loges.fr/contacts/piscines-de-chateauneuf-sur-loire/;;;;;;;;;;
Piscine Intercommunale;Prom. de Vérimande 04240 Annot France;https://www.annot.com/vie-locale-annot-commerces-services/;;;;;;;;;;
Piscine Intercommunale;Rue Lavoisier 89300 Joigny France;https://www.ccjovinien.fr/piscine_70;;;;;;;;;;
Piscine intercommunale;1 Rue du Faubourg Bas 12230 Nant France;https://www.tourisme-larzac.com/fr/diffusio/organisez-votre-sejour/bouger/detente/nant/piscine-de-nant_TFO088959436891.php;;;;;;;;;;
Piscine intercommunale;Lot. le Dom. de la Prairie 26400 Crest France;https://www.cccps.fr/services/tourisme-loisirs-sport/equipements-sportifs-culturels/piscine/;;;;;;;;;;
Piscine Intercommunale;Imp. du Tripot 36150 Vatan France;http://www.cc-champagne-boischauts.fr/;;;;;;;;;;
Piscine intercommunale;Rue Alfred Juneaux 02600 Villers-Cotterêts France;https://www.cc-retz-en-valois.fr/sortir-et-decouvrir/piscine/;;;;;;;;;;
Piscine Intercommunale;Zone de Loisirs Rte de Louhans 71330 Saint-Germain-du-Bois France;https://www.ccbresserevermont71.fr/;;;;;;;;;;
Piscine Intercommunale;Av. de Narbonne 34220 Saint-Pons-de-Thomières France;https://www.cc-minervois-caroux.fr/nos-services/tourisme/piscine-intercommunale/;;;;;;;;;;
Piscine intercommunale;6186 Rue du Maquis 46200 Souillac France;https://www.cauvaldor.fr/mes-sorties-mes-loisirs/activites-et-equipements-sportifs/piscines/piscine-de-souillac/;;;;;;;;;;
Piscine intercommunale;3 Rue des Sapins 67310 Wasselonne France;https://www.mossigvignoble.fr/piscine-intercommunale/;;;;;;;;;;
Piscine Intercommunale - Aubie-et-Espessas;Au Moulin de l'Eau 33240 Val de Virvée France;http://www.grand-cubzaguais.fr/;;;;;;;;;;
Piscine intercommunale - Cernay;7 rue Roger Hassenforder 68700 Cernay France;https://cc-thann-cernay.fr/envie-de/sports/piscine-cernay/;;;;;;;;;;
Piscine Intercommunale - Hazebrouck;33 Rue du Pont 59190 Hazebrouck France;https://www.ca-coeurdeflandre.fr/tarifs-et-horaires;;;;;;;;;;
"Piscine Intercommunale ""Plein Soleil"" de Maizières-Lès-Metz";Pl. Marcel Cerdan 57280 Maizières-lès-Metz France;https://www.rivesdemoselle.fr/;;;;;;;;;;
Piscine intercommunale (OUVERTURE LE 1er JUILLET 2026);14 Rue de la Piscine 12220 Montbazens France;;;;;;;;;;;
Piscine intercommunale | La Gacilly;4 ter All. des Villes Jeffs 56200 La Gacilly France;https://www.oust-broceliande.bzh/mes-activites-et-loisirs/piscines-communautaires/piscine-la-gacilly/;;;;;;;;;;
Piscine intercommunale à Beauchastel;Cottevieille 07800 Beauchastel France;https://www.privas-centre-ardeche.fr/vos-services/sport-en-centre-ardeche/piscine-a-beauchastel/;;;;;;;;;;
Piscine intercommunale à Beaurepaire;365 Av. Charles de Gaulle 38270 Beaurepaire France;https://www.entre-bievreetrhone.fr/services-et-demarches/culture-sports-et-loisirs/sport/piscines/piscine-intercommunale-de;;;;;;;;;;
Piscine intercommunale à Claye-Souilly;1 All. de la Piscine 77410 Claye-Souilly France;https://www.roissypaysdefrance.fr/annuaire-des-equipements/equipement/piscine-intercommunale-de-claye-souilly;;;;;;;;;;
Piscine intercommunale à Mirebeau-sur-Bèze;Chem. de la Tour 21310 Mirebeau-sur-Bèze France;https://www.mfcc.fr/piscine-intercommunale.htm;;;;;;;;;;
Piscine intercommunale André Couraud;Rue du Stade 17700 Surgères France;https://aunis-sud.fr/je-mepanouis-en-aunis-sud/jaime-le-sport/piscines/;;;;;;;;;;
Piscine Intercommunale Ariel Mignard de Bellot / Piscine de Rebais;Rue de la Piscine 77510 Bellot France;https://www.cc2morin.fr/le-territoire-au-quotidien/sports/piscine-intercommunale-ariel-mignard/;;;;;;;;;;
Piscine Intercommunale Arrosès;Chem. de la Mairie 64350 Arrosès France;http://www.cc-nordestbearn.fr/;;;;;;;;;;
Piscine intercommunale Autour de Chenonceaux;Av. de l'Europe 37150 Bléré France;https://www.cc-autourdechenonceaux.fr/sortir-decouvrir/faire-du-sport/piscine-intercommunale/;;;;;;;;;;
Piscine Intercommunale Beaucaire - Tarascon;7 Quai de l'Écluse 30300 Beaucaire France;https://www.beaucaire.fr/wp-content/uploads/2019/06/Piscine_horaire_%C3%A9t%C3%A9.pdf;;;;;;;;;;
Piscine Intercommunale Bleu Idéal;Chem. du Tennis 26390 Hauterives France;https://piscines.portededromardeche.fr/piscine-bleu-ideal;;;;;;;;;;
Piscine intercommunale Camille Muffat;60 Av. du Champ Bacon 95400 Villiers-le-Bel France;https://www.roissypaysdefrance.fr/annuaire-des-equipements/equipement/piscine-intercommunale-camille-muffat-1;;;;;;;;;;
Piscine Intercommunale CC-BHV;1 Rue du Pont Jean 88560 Saint-Maurice-sur-Moselle France;;;;;;;;;;;
Piscine Intercommunale Charles Kaufmann;Rue des Talintés 54250 Champigneulles France;https://www.bassinpompey.fr/piscine-champigneulles;;;;;;;;;;
Piscine intercommunale d'Allevard-les-Bains;Chem. de la Touvière 38580 Allevard France;https://www.le-gresivaudan.fr/438-les-piscines-exterieures.htm;;;;;;;;;;
Piscine Intercommunale d'Angerville;3 Chem. d'Autruy 91670 Angerville France;https://www.caese.fr/se-divertir/piscines/piscine-angerville/;;;;;;;;;;
Piscine intercommunale d'ATTICHY;Rue de la Font Aubier 60350 Attichy France;https://ccloise.com/service/equipements-sportifs/;;;;;;;;;;
Piscine intercommunale d'Avallon;Av. du Parc des Chaumes 89200 Avallon France;https://cc-avm.com/piscine/;;;;;;;;;;
Piscine intercommunale de Belleville;23 Av. de Verdun 69220 Belleville-en-Beaujolais France;http://www.ccsb-saonebeaujolais.fr/fr/information/4586/piscine-intercommunale-belleville;;;;;;;;;;
PISCINE INTERCOMMUNALE DE BOURBONNE-LES-BAINS;5 Rue Maurice Constantin Weyer 52400 Bourbonne-les-Bains France;https://www.ccdessavoirfaire.fr/piscine-intercommunale;;;;;;;;;;
Piscine intercommunale de Briey;Av. Albert de Briey 54150 Val de Briey France;http://www.olc54.fr/;;;;;;;;;;
Piscine intercommunale de Chalais;Pré de Chez Gabard 16210 Chalais France;https://www.lavalette-tude-dronne.fr/loisirs/;;;;;;;;;;
Piscine intercommunale de Château-Chinon;19 Rue des Fossés 58120 Château-Chinon (Ville) France;https://www.ccmorvan.fr/se-divertir/la-piscine-de-ch%C3%A2teau-chinon/;;;;;;;;;;
Piscine Intercommunale de Fontenay-Trésigny;20 Av. Pierre de Coubertin 77610 Fontenay-Trésigny France;https://www.piscine-la-vague.fr/;;;;;;;;;;
Piscine intercommunale de Fosses;Rue Fernand Picquette 95470 Fosses France;https://www.roissypaysdefrance.fr/annuaires/equipements/detail/piscine-intercommunale-de-fosses-1-1;;;;;;;;;;
Piscine Intercommunale de Gençay;Chem. Brun 86160 Gençay France;https://gencay.fr/fr/rb/612614/piscine-6;;;;;;;;;;
Piscine intercommunale de la Doue;Rte de Montignac 16230 Mansle-les-Fontaines France;https://www.coeurdecharente.fr/fichespratiques/vivre/activites-et-animations/les-lieux-de-baignade/la-piscine-de-mansle/;;;;;;;;;;
Piscine Intercommunale de la Porte des Vosges Méridionales;25 Rue des Oeuvres 88340 Le Val-d'Ajol France;https://www.ccpvm.fr/;;;;;;;;;;
Piscine Intercommunale de La Suze;12 Av. de la Piscine 72210 La Suze-sur-Sarthe France;http://www.lasuze.fr/activites/la-piscine/;;;;;;;;;;
Piscine Intercommunale de Laissac-Sévérac l'Eglise;Rue des Landes 12310 Laissac-Sévérac l'Église France;https://www.caussesaubrac.fr/services-et-informations/sports/piscines-et-lac-de-la-cisba/;;;;;;;;;;
Piscine Intercommunale de Lamotte-Beuvron;Rue Joseph Petit 41600 Lamotte-Beuvron France;http://www.coeurdesologne.com/5-competences/131-services/132-piscines-intercommunales.html#64;;;;;;;;;;
Piscine Intercommunale de l'Hersain;12 Rue Pierre de Coubertin 31140 Saint-Alban France;https://www.hersain-bocage.fr/;;;;;;;;;;
Piscine Intercommunale de Louvres;1 Rue André Malraux 95380 Louvres France;https://www.roissypaysdefrance.fr/annuaires/equipements/detail/piscine-intercommunale-de-louvres;;;;;;;;;;
Piscine intercommunale de Méréville;5-7 Rue Pierre Barberot 91660 Méréville France;https://www.caese.fr/se-divertir/piscines/piscine-mereville/;;;;;;;;;;
Piscine Intercommunale de Mirecourt-Dompaire;159 Rue Bonn Beuel 88500 Mirecourt France;https://www.ccmirecourtdompaire.fr/sports-loisirs/piscine-intercommunale/;;;;;;;;;;
Piscine intercommunale de Modane;Rue des Lissières 73500 Modane France;https://www.cchautemaurienne.com/les-activites-aquatiques/;;;;;;;;;;
Piscine intercommunale de Montmoreau;5 All. du Stade 16190 Montmoreau France;https://www.lavalette-tude-dronne.fr/se-divertir/bouger/piscines-du-territoire/;;;;;;;;;;
Piscine intercommunale de Morbier;13 Rue Germain Paget 39400 Morbier France;http://haut-jura.com/fr/bouger-en-ete/activite-aquatique/F321000112_.html;;;;;;;;;;
Piscine intercommunale de Mortagne au Perche;9 Rue de la Poudrière 61400 Mortagne-au-Perche France;https://www.cdc-mortagne-au-perche.com/la-piscine/;;;;;;;;;;
Piscine Intercommunale de Nuits-Saint-Georges;7 Av. de Chamboland 21700 Nuits-Saint-Georges France;https://www.ccgevrey-chambertin-et-nuits-saint-georges.com/piscines-intercommunales/;;;;;;;;;;
Piscine Intercommunale de Pithiviers-le-Vieil;415 All. des Platanes 45300 Pithiviers-le-Vieil France;;;;;;;;;;;
Piscine intercommunale de Plaisance (Aveyron);Chemin du Moulin de l'Horte 12550 Plaisance France;https://www.plaisance12.com/tourisme-et-loisirs/la-piscine-municipale/;;;;;;;;;;
Piscine intercommunale de plein air de Molsheim;7 Rue des Sports 67120 Molsheim France;http://piscines.cc-molsheim-mutzig.fr/piscines/piscine-molsheim.htm;;;;;;;;;;
Piscine Intercommunale de Pontacq;8 Rue de l'Entercq 64530 Pontacq France;http://www.cc-nordestbearn.fr/;;;;;;;;;;
Piscine intercommunale de Redon;Place du Parc Anger 9 Rue du Capitaine Martin 35600 Redon France;https://www.redon-agglomeration.bzh/piscine-redon;;;;;;;;;;
Piscine intercommunale de Roissy-en-France;3 Av. de Montmorency 95700 Roissy-en-France France;https://www.roissypaysdefrance.fr/annuaires/equipements/detail/piscine-intercommunale-de-roissy-en-france;;;;;;;;;;
Piscine Intercommunale de Saint Geniez d'Olt;Av. d'Espalion 12130 St Geniez d'Olt et d'Aubrac France;https://www.tourisme-aveyron.com/fr/diffusio/loisirs/piscine-de-saint-geniez-d-olt-saint-geniez-d-olt-et-d-aubrac_TFO045925430424;;;;;;;;;;
Piscine intercommunale de Saint Jean en Royans;Av. de la Forêt de Lente 26190 Saint-Jean-en-Royans France;http://cc-royans-vercors.org/fr_FR/piscine-intercommunale-916.html;;;;;;;;;;
Piscine intercommunale de Saint-Florent-sur-Cher;Rue Paul Vaillant Couturier 18400 Saint-Florent-sur-Cher France;https://www.ccfercher.fr/sepanouir/le-sport/la-piscine/;;;;;;;;;;
Piscine intercommunale de Saint-Martin d'Uriage;10 Rte du Bouloud 38410 Saint-Martin-d'Uriage France;https://www.le-gresivaudan.fr/438-les-piscines-exterieures.htm#par3071;;;;;;;;;;
Piscine Intercommunale de Sévérac d'Aveyron;Avenue Jean Moulin Sévérac le Château 12150 Sévérac d'Aveyron France;https://caussesaubrac.fr/piscines-et-lac-de-la-cisba-ete-2020/;;;;;;;;;;
Piscine Intercommunale de Survilliers;Route Plailly 95470 Survilliers France;https://www.roissypaysdefrance.fr/annuaires/equipements/detail/piscine-intercommunale-de-survilliers-1;;;;;;;;;;
Piscine intercommunale de Thann;22 Rte d'Aspach 68800 Thann France;https://cc-thann-cernay.fr/envie-de/sports/piscine-de-thann/;;;;;;;;;;
Piscine intercommunale de Vernoux-en-Vivarais;384 All. de Prat 07240 Vernoux-en-Vivarais France;https://www.privas-centre-ardeche.fr/Piscine-a-Vernoux-en-Vivarais;;;;;;;;;;
Piscine intercommunale de Villandraut;165 Le Parquet-Sud 33730 Villandraut France;https://cdcsudgironde.fr/culture-sports-et-loisirs/les-piscines-et-la-base-nautique/;;;;;;;;;;
Piscine Intercommunale d'Egreville;8 Rue Georges Frébault 77620 Égreville France;;;;;;;;;;;
Piscine Intercommunale des Balcons du Dauphiné;325 Rue François Perrin 38510 Morestel France;https://www.balconsdudauphine.fr/les-actions/equipements-et-amenagements-sportifs/piscine;;;;;;;;;;
Piscine intercommunale des Bussys;39 Rue des Bussys 95600 Eaubonne France;http://www.piscinebussys.fr/;;;;;;;;;;
Piscine intercommunale des Portes de Vassivière;Prom. des Sports 87120 Eymoutiers France;https://www.cc-portesdevassiviere.fr/services-et-competences/services/piscine/;;;;;;;;;;
Piscine Intercommunale d'Etampes;Av. du Marché Franc 91150 Étampes France;https://www.caese.fr/se-divertir/piscines/piscine-etampes/;;;;;;;;;;
Piscine intercommunale d'Is-sur-Tille;Parc des Capucins 21120 Is-sur-Tille France;https://www.covati.fr/actualites/piscine-intercommunale-1;;;;;;;;;;
Piscine intercommunale du Gévaudan;Rue du Stade 48100 Marvejols France;http://www.cc-gevaudan.fr/;;;;;;;;;;
Piscine Intercommunale du Haut Phare;Rue Jean de la Fontaine BP82 27110 Le Neubourg France;http://www.piscineduhautphare.fr/;;;;;;;;;;
Piscine Intercommunale du Mesnil-Saint-Denis;6 Av. de Breteuil 78320 Le Mesnil-Saint-Denis France;https://www.lemesnilsaintdenis.fr/vie-associative/equipements-sportifs/piscine-intercommunale;;;;;;;;;;
Piscine intercommunale du Néron;31 Rte de Grenoble 38120 Saint-Égrève France;http://piscineduneron.fr/;;;;;;;;;;
Piscine intercommunale du pays de Tinchebray;Rue de la Salette 61800 Montsecret France;http://www.domfront-tinchebray-interco.fr/fr/information/4921/piscine-intercommunale;;;;;;;;;;
Piscine intercommunale du Pays d'Orthe et Arrigans;D817 40300 Peyrehorade France;http://www.pays-orthe-arrigans.fr/;;;;;;;;;;
Piscine Intercommunale du Quercy Blanc;route de moissac 46170 Castelnau-Montratier France;http://www.ccquercyblanc.fr/;;;;;;;;;;
Piscine Intercommunale du Sammiellois;Av. du Général de Gaulle 55300 Saint-Mihiel France;https://www.cc-sammiellois.fr/piscine-intercommunale;;;;;;;;;;
Piscine Intercommunale du Surgie;Domaine du Surgié 46100 Figeac France;https://www.grand-figeac.fr/les-piscines-intercommunales/;;;;;;;;;;
Piscine intercommunale du val d'onzon Sorbiers;23 Rue des Roseaux 42290 Sorbiers France;https://www.mairie-sorbiers.fr/decouvrir-bouger/sports/piscine-intercommunale/;;;;;;;;;;
Piscine intercommunale Garlin;bo 64330 Garlin France;https://www.cclb64.fr/piscine-de-garlin;;;;;;;;;;
Piscine intercommunale Guy Châtel;137 Rte des Îles 74130 Ayse France;https://www.ccfg.fr/9188-centre-nautique-guy-chatel.htm;;;;;;;;;;
Piscine Intercommunale H2O.Perche;Rue Edouard Fournier 61260 Ceton France;https://www.perchenormand.fr/vie-quotidienne/sports-et-loisirs/piscines/;;;;;;;;;;
Piscine intercommunale Haut Pays du Velay;Rue du Stade 43220 Dunières France;https://hautpaysduvelay-communaute.fr/culture-loisirs/piscine-haut-pays-du-velay/;;;;;;;;;;
Piscine Intercommunale Jean Taris de Villeparisis;88 Av. de Berny 77270 Villeparisis France;https://www.roissypaysdefrance.fr/Vivre/Sports/Les-piscines-intercommunales/Piscine-intercommunale-Jean-Taris-a-Villeparisis;;;;;;;;;;
Piscine Intercommunale Joeuf;1 Rue du Stade 54240 Jœuf France;http://www.olc54.fr/;;;;;;;;;;
Piscine Intercommunale La Salamandre;43 Av. de la Résistance 41300 Salbris France;https://piscine-lasalamandre.fr/;;;;;;;;;;
Piscine Intercommunale Le Triangle Dachstein;2 Rue Pierre Clostermann 67120 Dachstein France;http://piscines.cc-molsheim-mutzig.fr/piscines/piscine-intercommunale-le-triangle.htm;;;;;;;;;;
Piscine intercommunale Luce Hoguet;5 Rue du Marais 62270 Frévent France;https://www.ternoiscom.fr/index.php/piscine/;;;;;;;;;;
Piscine intercommunale Marc Granjon;100 Rte de Boussens 31420 Aurignac France;https://www.coeurcoteaux-comminges.fr/vivre-bouger/culture-tourisme-loisirs/piscine-marc-granjon-aurignac-591;;;;;;;;;;
Piscine intercommunale Muriel Hermine;4 All. Jules Ferry 95140 Garges-lès-Gonesse France;https://www.roissypaysdefrance.fr/annuaires/equipements/detail/piscine-muriel-hermine-de-garges-les-gonesse;;;;;;;;;;
Piscine Intercommunale Nauti'lure;Rue Henry Marsot 70200 Lure France;https://www.pays-de-lure.fr/loisirs/piscine-nauti-lure.htm;;;;;;;;;;
Piscine Intercommunale Plateau d'Hauteville;165 Chem. des Lesines 01110 Plateau d'Hauteville France;http://www.hautbugey-agglomeration.fr/piscine_plateau_d_hauteville.html;;;;;;;;;;
Piscine Intercommunale Raoul Vaux;Sq. des Sports 95500 Gonesse France;https://www.roissypaysdefrance.fr/annuaires/equipements/detail/piscine-intercommunale-raoul-vaux-de-gonesse;;;;;;;;;;
Piscine intercommunale RIEUPEYROUX;Piscine 12240 Rieupeyroux France;;;;;;;;;;;
Piscine Intercommunale Saint-Sulpice-la-Pointe;Parc Georges Spénale 81370 Saint-Sulpice-la-Pointe France;https://cc-tarnagout.fr/piscine-a-saint-sulpice-la-pointe/;;;;;;;;;;
Piscine intercommunale Saint-Vincent-de-Mercuze;729 Rue Aimé Paquet 38660 Saint-Vincent-de-Mercuze France;https://saint-vincent-de-mercuze.fr/infos-pratiques/piscine/;;;;;;;;;;
Piscine Intercommunale Serres-Castet;Chem. de Liben 64121 Serres-Castet France;https://www.cclb64.fr/stade-nautique-alain-sangosse;;;;;;;;;;
Piscine intercommunale Vagney;3 Rle du Réal Banal 88120 Vagney France;https://www.cchautesvosges.fr/vivre/sport-et-loisirs/piscines;;;;;;;;;;
Piscine intérieur et extérieur de Capfun Le Cénic;All. du Toquen 56760 Pénestin France;https://www.capfun.com/;;;;;;;;;;
Piscine intérieure;150 Bd de l'Océan 17650 Saint-Denis-d'Oléron France;;;;;;;;;;;
Piscine Islandia;Rue Gardenn Toul Ar Verzhid 22500 Paimpol France;https://www.guingamp-paimpol-agglo.bzh/sports-et-loisirs/piscine-islandia/;;;;;;;;;;
Piscine Jacques Trubert;Rue Condorcet 60510 Bresles France;https://www.beauvaisis.fr/loisir/sport/sports-installations-sportives-clubs-evenements-sportifs/;;;;;;;;;;
Piscine Jacques-Magnier;13 Rue Louise Michel 63100 Clermont-Ferrand France;https://www.clermontmetropole.eu/bouger-se-divertir/lexcellence-sportive/piscines/piscine-jacques-magnier/;;;;;;;;;;
Piscine Jacques-Mesnil;Rue des Rosiers 27160 Breteuil France;https://www.normandiesudeure.fr/piscine-de-breteuil/;;;;;;;;;;
Piscine Jean Boiteux;955 Bd Léon Blum 83300 Draguignan France;https://www.dracenie.com/piscines/boiteux;;;;;;;;;;
Piscine Jean Boiteux;Complexe Sportif Jean Zay 106 Rue des Charbonniers 77000 Dammarie-les-Lys France;https://www.mairie-dammarie-les-lys.fr/fr/annuaire-lieu/piscine-jean-boiteux;;;;;;;;;;
Piscine Jean Bouin;Bd Pierre de Coubertin 49000 Angers France;https://www.angers.fr/vivre-a-angers/sport/les-equipements-sportifs/les-piscines/piscine-jean-bouin/index.html;;;;;;;;;;
Piscine Jean Bouin;Rue Gaston Bachelard 02100 Saint-Quentin France;https://www.agglo-saintquentinois.fr/passionnante/les-piscines-et-espaces-aquatiques/la-piscine-jean-bouin-1148.html;;;;;;;;;;
Piscine Jean Bouin;Rue Jean Bouin 27000 Évreux France;https://www.evreuxportesdenormandie.fr/les-services-et-equipements/loisirs-et-culture/piscines/piscine-jean-bouin/;;;;;;;;;;
Piscine Jean Genieyz;1 Rue de la Carrierasse 30120 Le Vigan France;;;;;;;;;;;
Piscine Jean Guimier;10 Rue Marcel Ethis 93230 Romainville France;https://www.est-ensemble.fr/piscine-jean-guimier-romainville;;;;;;;;;;
Piscine Jean lacarrére;64270 Salies-de-Béarn France;;;;;;;;;;;
Piscine Jean Langet;Rue Charles Maher 17300 Rochefort France;http://www.ville-rochefort.fr/sport/equipement/piscine;;;;;;;;;;
Piscine Jean Mermoz;12 Pl. André Latarget 69008 Lyon France;https://www.lyon.fr/lieu/piscines-ete/piscine-jean-mermoz;;;;;;;;;;
Piscine Jean Moulin;51 ter Rue Francis de Pressensé 95870 Bezons France;http://www.ville-bezons.fr/temps-libre/sports/piscine-jean-moulin/;;;;;;;;;;
Piscine Jean Pierre Moré;Av. du Stade 13610 Le Puy-Sainte-Réparade France;https://ampmetropole.fr/missions/culture-sport-nautisme-et-grands-evenements/equipements-dinteret-metropolitain-sport/piscines-metropolitaines/piscine-jean-pierre-more/arade.html#&panel1-1;;;;;;;;;;
Piscine Jean Pommier;40 Av. Georges Clemenceau 26000 Valence France;https://www.valenceromansagglo.fr/loisirs/sports/piscines/piscine-jean-pommier-valence/;;;;;;;;;;
Piscine Jean Taris;Rue Alexandre Soljenitsyne 91000 Évry France;https://sortir.grandparissud.fr/equipements/piscine-jean-taris;;;;;;;;;;
Piscine Jean Taris à Sainte-Suzanne-et-Chammes;8 Chem. des Fossettes 53270 Sainte-Suzanne-et-Chammes France;https://www.coevrons.fr/article/piscine-de-sainte-suzanne-et-chammes;;;;;;;;;;
Piscine Jean Thébault;Av. du Marais Poitevin 79460 Magné France;https://piscine.niortagglo.fr/jean-thebault;;;;;;;;;;
Piscine Jean Vives;1933 Av. de Maurin 34000 Montpellier France;http://www.montpellier3m.fr/equipement/piscine-jean-vives;;;;;;;;;;
Piscine Joséphine Baker;Quai François Mauriac 75013 Paris France;http://www.piscine-baker.fr/;;;;;;;;;;
Piscine Keller;14 Rue de l'Ingénieur Robert Keller 75015 Paris France;https://www.vert-marine.com/piscinekeller/;;;;;;;;;;
Piscine l’Épinette de Maubeuge;Av. Alphonse de Lamartine 59600 Maubeuge France;http://www.agglo-maubeugevaldesambre.fr/au-quotidien/les-piscines/epinette-maubeuge/;;;;;;;;;;
Piscine l’Etrille;16 Rue des Moutiers 44760 La Bernerie-en-Retz France;http://piscine-bernerie.fr/;;;;;;;;;;
Piscine l’Océlian;35-39 Rue Joséphine Baker 10430 Rosières-près-Troyes France;https://l-ocelian.com/;;;;;;;;;;
Piscine la Baleine Bleue;1 Rue François Mauriac 49124 Saint-Barthélemy-d'Anjou France;https://www.labaleinebleue.fr/;;;;;;;;;;
Piscine la Chataigneraie;Rue Bonsejour 85120 La Châtaigneraie France;https://www.pays-chataigneraie.fr/piscine-intercommunale/;;;;;;;;;;
Piscine La Dune Fleurie;80120 Quend France;;;;;;;;;;;
Piscine La Maladière - Port sur Saône;L 70170 Port-sur-Saône France;http://www.cctds.fr/;;;;;;;;;;
Piscine la perle d'eau;530 route de la piscine 07230 Lablachère France;http://piscine-laperledeau.com/;;;;;;;;;;
Piscine La praille;4 D486 70270 Mélisey France;https://melisey.fr/tourisme-a-melisey/la-zone-de-loisirs-de-la-praille/;;;;;;;;;;
Piscine La Prairie;1 Rue du Plessis 37460 Nouans-les-Fontaines France;http://horaires-piscine.info/horaires-piscine-a-nouans-les-fontaines/;;;;;;;;;;
Piscine Lac;P7WF+3H 81360 Montredon-Labessonnié France;;;;;;;;;;;
Piscine Lacapelle-Marival;Rte d'Aynac 46120 Lacapelle-Marival France;;;;;;;;;;;
Piscine Lagon;Virée Vintage 941 Verfey 01240 Saint-Paul-de-Varax France;;;;;;;;;;;
Piscine Le Dôme Saint-Germain-en-Laye;Av. des Loges 78100 Saint-Germain-en-Laye France;https://www.dome-78.fr/;;;;;;;;;;
Piscine le Petit Nice;1 Chem. du Pré aux Dames 26120 Chabeuil France;https://www.valenceromansagglo.fr/fr/sports-culture-sorties-et-tourisme/sports/piscines/espace-aquatique-le-petit-nice-a-chabeuil.html;;;;;;;;;;
Piscine Léderlin;11 Av. Armand Lederlin 88150 Thaon-les-Vosges France;https://www.agglo-epinal.fr/attractivite/equipements-sportifs-2/les-equipements/piscine-lederlin-a-thaon-les-vosges-2/;;;;;;;;;;
Piscine Leforest;Rue Léo Lagrange 62790 Leforest France;https://www.villedeleforest.fr/;;;;;;;;;;
Piscine Léo Lagrange;Rue Rigaud 59760 Grande-Synthe France;http://www.ville-grande-synthe.fr/;;;;;;;;;;
Piscine Léo Lagrange;88 Av. de la République 39500 Tavaux France;http://www.granddoleaquatique.fr/;;;;;;;;;;
Piscine Leroy;587 Rue Pierre Delcourt 59970 Odomez France;http://www.piscine-leroy.fr/;;;;;;;;;;
Piscine Les 3 Vagues de Romilly-sur-Seine;Allée des 3 Vague Av. Jean Jaurès 10100 Romilly-sur-Seine France;https://www.ville-romilly-sur-seine.fr/centre-aquatique;;;;;;;;;;
Piscine Les Bains du Cotentin;Pl. Jules Letourneur 50700 Valognes France;https://www.les-bains-du-cotentin.com/;;;;;;;;;;
Piscine Les Bannettes;Chem. des Buis 38340 Voreppe France;https://www.voreppe.fr/article/piscine-municipale-les-bannettes;;;;;;;;;;
Piscine Les Bassins de la Chesnaie;14 All. du Sophora 44170 Nozay France;https://www.cc-nozay.fr/listes/piscine-les-bassins-de-la-chesnaie/;;;;;;;;;;
Piscine Les Colliberts;Rue de la Distillerie 79210 Mauzé-sur-le-Mignon France;https://piscine.niortagglo.fr/les-colliberts;;;;;;;;;;
Piscine Les Dômes;Av. de la Marne 66600 Rivesaltes France;https://www.vert-marine.com/lesdomes/;;;;;;;;;;
Piscine Les Fontaines;Rte d'Angers 49700 Doué-en-Anjou France;https://www.saumurvaldeloire.fr/infos-demarches/politiques-sportives/piscines;;;;;;;;;;
Piscine Les Hermès;Quartier des 13127 Vitrolles France;http://www.agglo-paysdaix.fr/sports/piscines/etablissements/detail/p/piscine/detail/piscine_les_hermes_de_vitrolles.html;;;;;;;;;;
Piscine les Moussières;14 Rte de la Laurende 39310 Les Moussières France;;;;;;;;;;;
Piscine Les Mureaux;Rue Hubert Mouchel 78130 Les Mureaux France;https://gpseo.fr/agenda-des-sorties/billetterie/sports/piscine-de-becheville-les-mureaux;;;;;;;;;;
Piscine Les Nymphéas du Parisis à Pierrelaye;14 Chau. Jules César 95480 Pierrelaye France;https://valparisis.fr/piscines/les-piscines/les-nympheas-du-parisis;;;;;;;;;;
Piscine Les Ondines;Rue de Londres 59400 Cambrai France;http://www.villedecambrai.com/;;;;;;;;;;
Piscine Les Rives de l'Ill;Rte de Mulhouse 68720 Tagolsheim France;https://cc-sundgau.fr/envie-de/sport/piscine-tagolsheim/;;;;;;;;;;
Piscine L'Haÿ-les-Roses;21 Rue du Hameau 94240 L'Haÿ-les-Roses France;https://www.grandorlyseinebievre.fr/;;;;;;;;;;
Piscine L'Ile Bleue;10 Av. Jean Clerc 74600 Annecy France;https://www.annecy.fr/mes-activites/sport/piscine-ile-bleue;;;;;;;;;;
Piscine l'inoX;220 Rue de l'Yvette 45160 Olivet France;http://www.linox-olivet.fr/;;;;;;;;;;
Piscine L'Õbraysie;90 Av. Pierre Mendès France 45800 Saint-Jean-de-Braye France;https://www.saintjeandebraye.fr/ma-ville-au-quotidien/sports/obraysie/;;;;;;;;;;
Piscine Louis Fourcade;Av. de Pau 65500 Vic-en-Bigorre France;http://adour-madiran.fr/piscine-louis-fourcade/;;;;;;;;;;
Piscine Louis Poncet;Av. du Château 59590 Raismes France;https://www.ville-raismes.fr/animations/piscine/;;;;;;;;;;
Piscine Louis Starzinsky;5 Cr Charles de Gaulle 17100 Saintes France;;;;;;;;;;;
Piscine Luc Berton;23 Av. de l'Europe 89400 Migennes France;;;;;;;;;;;
Piscine Lucien Lahaye;Rue de la Fossé 02800 Beautor France;http://lucien-lahaye-pool.lany.io/;;;;;;;;;;
Piscine Ludique De Marciac;32230 Marciac France;https://www.coeursudouest-tourisme.com/offres/piscine-ludique-de-marciac-marciac-fr-4979750/;;;;;;;;;;
Piscine Ludique Intercommunale;Route Pouillé 85570 L'Hermenault France;;;;;;;;;;;
Piscine Marcel Porzou;Av. du Bic Auber 76800 Saint-Étienne-du-Rouvray France;https://www.saintetiennedurouvray.fr/en-pratique/culture-loisirs-et-sport/equipements-sportifs/piscine-marcel-porzou/;;;;;;;;;;
Piscine Marcellin Berthelot-ERMONT;9 Rue Berthelot 27 Rue de l'Yser 95120 Ermont France;https://www.ermont.fr/251/equipements-sportifs.htm;;;;;;;;;;
Piscine Marie Marvingt;37 Bd de Verdun 76000 Rouen France;https://rouen.fr/adresse/piscine-marie-marvingt;;;;;;;;;;
Piscine maritime des Auffes;Accéder par Port du Vallon des Auffes 13007 Marseille France;;;;;;;;;;;
Piscine Masevaux;Rue du Stade 68290 Masevaux-Niederbruck France;https://sport.cc-vallee-doller.fr/piscine/;;;;;;;;;;
Piscine Mathis;15 Rue Mathis 75019 Paris France;https://www.paris.fr/lieux/piscine-mathis-2946;;;;;;;;;;
Piscine Maurice Gigoi;2 Rue Henri Dunant 95460 Ézanville France;https://www.agglo-plainevallee.fr/se-divertir/piscines/maurice-gigoi/;;;;;;;;;;
Piscine Maurice Thorez;83 Rue Ambroise Croizat 59124 Escaudain France;https://www.escaudain.fr/piscine-maurice-thorez;;;;;;;;;;
Piscine Mayet-de-Montagne;03250 Le Mayet-de-Montagne France;http://www.stade-aquatique.fr/piscines/le-mayet-de-montagne/;;;;;;;;;;
Piscine Mélinée Manouchian;2 Av. du Parc des Sports 94260 Fresnes France;https://www.grandorlyseinebievre.fr/piscine-melinee-manouchian-fresnes;;;;;;;;;;
Piscine metropolitaine de Trets;Av. Jules Ferry 13530 Trets France;http://www.agglo-paysdaix.fr/sports/piscines/etablissements/detail/p/piscine/detail/piscine_de_trets_ete.html#&panel1-1;;;;;;;;;;
Piscine Michel Beaufort;207 Av. Gallieni 93140 Bondy France;https://www.est-ensemble.fr/piscine-michel-beaufort-bondy;;;;;;;;;;
Piscine Michel Bertrand;Rue de Norvège 54500 Vandœuvre-lès-Nancy France;https://www.grandnancy.eu/sortir-decouvrir/piscines/piscine-michel-bertrand-a-vandoeuvre-les-nancy/;;;;;;;;;;
PISCINE MINIMAX;1500 Rte de Castillon Bât 2 33330 Saint-Émilion France;;;;;;;;;;;
Piscine Molitor;Av. de la Prte Molitor 75016 Paris France;http://www.molitorparis.com/en/molitor;;;;;;;;;;
Piscine Montbauron;7 Rue Léon Gatin 78000 Versailles France;https://www.vert-marine.com/montbauron/;;;;;;;;;;
Piscine Montmorency;3 Rue Henri Dunant 95160 Montmorency France;https://www.piscinemontmorency.fr/;;;;;;;;;;
Piscine Municipal;84570 Villes-sur-Auzon France;;;;;;;;;;;
Piscine Municipal De Selles;5 Rue Georges Clemenceau 41130 Selles-sur-Cher France;;;;;;;;;;;
Piscine Municipale;VC les Fontaines 47330 Castillonnès France;https://mairie-castillonnes.fr/tourisme-et-loisirs/piscine-municipale/;;;;;;;;;;
Piscine municipale;Le Barrage 81360 Montredon-Labessonnié France;;;;;;;;;;;
Piscine Municipale;4 Chem. des Aloès 2 66240 Saint-Estève France;http://www.st-esteve.com/articles-5/60-114-piscine-municipale-louis-de-luca/;;;;;;;;;;
Piscine Municipale;130 Chem. de la Piscine 26450 Cléon-d'Andran France;https://www.montelimar-tourisme.com/loisir/piscine-de-cleon-dandran/;;;;;;;;;;
Piscine Municipale;Rue du 19 Mars 1962 30126 Tavel France;https://www.mairiedetavel.fr/sport-culture/les-equipements-sportifs.html;;;;;;;;;;
Piscine municipale;Av. Nostradamus 13310 Saint-Martin-de-Crau France;http://www.saintmartindecrau.fr/;;;;;;;;;;
Piscine Municipale;Av. Pierre de Coubertin 83340 Le Luc France;http://www.mairie-leluc.com/index.php?option=com_content&view=article&id=387&Itemid=186;;;;;;;;;;
Piscine Municipale;73350 Champagny-en-Vanoise France;http://www.champagny.com/equipement/1/186867-piscine-municipale.html;;;;;;;;;;
Piscine Municipale;33 Av. de la République 73140 Saint-Michel-de-Maurienne France;https://www.saint-michel-de-maurienne.com/articles/horaire-piscine-municipale;;;;;;;;;;
Piscine Municipale;Rue Émile Blanc 38420 Domène France;http://www.ville-domene.fr/;;;;;;;;;;
Piscine municipale;18 Chem. des Chambons 38650 Monestier-de-Clermont France;https://www.monestierdeclermont.fr/tourisme/la-piscine-municipale;;;;;;;;;;
Piscine Municipale;9 All. des Glycines 38170 Seyssinet-Pariset France;https://seyssinet-pariset.fr/sport/;;;;;;;;;;
Piscine municipale;9 Bis Rue du Stade 89220 Bléneau France;https://www.intramuros.org/bleneau/actualites/895569;;;;;;;;;;
Piscine Municipale;1 Pl. Pierre de Coubertin 21800 Chevigny-Saint-Sauveur France;https://www.chevigny-saint-sauveur.fr/vivre-a-chevigny/vie-sportive/equipements-sportifs/;;;;;;;;;;
Piscine Municipale;11 Rue des Mûriers 71240 Sennecey-le-Grand France;https://www.senneceylegrand.fr/piscine-municipale;;;;;;;;;;
Piscine municipale;20 Rue de Crussol 26600 La Roche-de-Glun France;https://www.larochedeglun.fr/Piscine-municipale;;;;;;;;;;
Piscine Municipale;Rue Pasteur 36120 Ardentes France;http://horaires-piscine.info/horaires-piscine-a-ardentes/;;;;;;;;;;
Piscine Municipale;7 Rue Roland Pilain 37170 Chambray-lès-Tours France;http://www.ville-chambray-les-tours.fr/Pole-Jeunesse-et-Sports/La-piscine-municipale;;;;;;;;;;
Piscine Municipale;13 Av. Pasteur 37120 Richelieu France;http://www.ville-richelieu.fr/index.php?id_site=1&id_page=25;;;;;;;;;;
Piscine Municipale;Av. de l'Étang 56850 Caudan France;https://www.caudan.fr/les-loisirs/la-piscine/?L=1;;;;;;;;;;
Piscine Municipale;80-82 Av. de l'Adour 32400 Riscle France;http://www.mairiederiscle.fr/;;;;;;;;;;
Piscine Municipale;227 Pl. du Foirail 40380 Montfort-en-Chalosse France;http://piscine-municipale-montfort-en-chalosse.gaqo.net/;;;;;;;;;;
Piscine Municipale;Rue Jean Moulin 05300 Laragne-Montéglin France;https://www.ville-de-laragne.fr/actualite/ouverture-et-nouveaux-horaires-de-la-piscine/;;;;;;;;;;
Piscine municipale;Av. Léon Blum 12300 Decazeville France;http://www.decazeville.fr/;;;;;;;;;;
Piscine Municipale;27 Rue du Dr Tillet 18800 Baugy France;http://horaires-piscine.info/horaires-piscine-a-baugy/;;;;;;;;;;
Piscine Municipale;Av. Charles Garcia 94120 Fontenay-sous-Bois France;https://www.fontenay.fr/sports/piscine-municipale-744.html;;;;;;;;;;
Piscine Municipale;4 Av. du Général de Gaulle 76390 Aumale France;http://www.tourisme-aumale-blangy.fr/;;;;;;;;;;
Piscine Municipale;Rue des Canaux 28190 Courville-sur-Eure France;http://www.piscinecourville.fr/;;;;;;;;;;
Piscine municipale;Rue Jean-Bouin 47190 Aiguillon France;http://www.ville-aiguillon.eu/fr/equipements-touristiques/piscine-municipale.html;;;;;;;;;;
Piscine Municipale;Av. Salvador Allende 11300 Limoux France;https://www.limoux.fr/;;;;;;;;;;
Piscine Municipale;Bd Charles V 14600 Honfleur France;https://www.ville-honfleur.com/vivre-a-honfleur/sports/piscine/;;;;;;;;;;
Piscine Municipale;20 Quai du Rhône 07500 Guilherand-Granges France;http://www.guilherand-granges.fr/;;;;;;;;;;
Piscine Municipale;Rue du Prof Abel Minard 89700 Tonnerre France;http://piscine.ville-tonnerre.com/;;;;;;;;;;
Piscine municipale;3 All. des Sports et Loisirs 64370 Arthez-de-Béarn France;https://www.arthez-de-bearn.fr/;;;;;;;;;;
Piscine Municipale;Base de loisirs 73450 Valloire France;https://epass.valloire.com/fr/piscine-patinoire-valform-ete;;;;;;;;;;
Piscine municipale;4 Av. de la Gare 51600 Suippes France;http://www.piscinedesuippes.fr/;;;;;;;;;;
Piscine municipale;57 Chem. de la Piscine 38380 Saint-Pierre-de-Chartreuse France;https://www.saintpierredechartreuse.fr/base-de-loisirs-la-diat;;;;;;;;;;
Piscine municipale;132 Rte de la Gare 73250 Saint-Pierre-d'Albigny France;https://www.saintpierredalbigny.fr/fr/rb/1606828/piscine-municipale-3;;;;;;;;;;
Piscine municipale;11 Rue du Teoulaire 15220 Saint-Mamet-la-Salvetat France;http://www.stmamet-lasalvetat.com/index.php/activites/piscine;;;;;;;;;;
Piscine Municipale;8 Av. Montaigne 31830 Plaisance-du-Touch France;https://www.plaisancedutouch.fr/annuaire/piscine-municipale/;;;;;;;;;;
Piscine municipale;10 Av. de Lombez 32130 Samatan France;http://www.samatan-gers.com/;;;;;;;;;;
Piscine Municipale;Bd du Dr Gigon 72120 Saint-Calais France;https://www.saint-calais.fr/;;;;;;;;;;
Piscine Municipale;Rue Henri Revoy 38400 Saint-Martin-d'Hères France;http://www.saintmartindheres.fr/activites/sport/piscine-municipale;;;;;;;;;;
Piscine Municipale;4 Rte du Buret 53170 Saint-Charles-la-Forêt France;http://www.saintcharleslaforet.fr/;;;;;;;;;;
Piscine Municipale;57520 Lixing-lès-Rouhling France;http://www.lixinglesrouhling.fr/piscine;;;;;;;;;;
Piscine Municipale;Rue des Remparts 84400 Rustrel France;https://www.rustrel.fr/tourisme-et-loisirs;;;;;;;;;;
Piscine Municipale;16 Chem. des Clos 83440 Seillans France;https://www.seillans.fr/points-d-interet/piscine-municipale/;;;;;;;;;;
Piscine Municipale;Lesparrots 15320 Ruynes-en-Margeride France;http://horaires-piscine.info/horaires-piscine-de-ruynes-en-margeride/;;;;;;;;;;
Piscine Municipale;6 Av. des Sports 39160 Saint-Amour France;http://www.saintamourjura.com/;;;;;;;;;;
Piscine Municipale;Rue du Vallon 82140 Saint-Antonin-Noble-Val France;https://piscinemunicipale-st-antoninnv.jimdosite.com/;;;;;;;;;;
Piscine municipale;21 Av. du Stade 15600 Maurs France;http://www.ville-maurs.fr/camping-piscine/piscine-municipale/;;;;;;;;;;
Piscine Municipale;161 Chem. de la Bruyère 84490 Saint-Saturnin-lès-Apt France;http://www.saintsaturninlesapt.fr/index.php/Equipements?idpage=20&afficheMenuContextuel=true;;;;;;;;;;
Piscine Municipale;Rue de la Piscine 59450 Sin-le-Noble France;http://www.sinlenoble.fr/sport/la-piscine/;;;;;;;;;;
Piscine Municipale;Le Grand Moulin 69510 Thurins France;http://m.guide-piscine.fr/rhone/piscine-d-ete-de-thurins-2061_P;;;;;;;;;;
Piscine Municipale;27 Bd Clemenceau 67160 Wissembourg France;http://piscine-municipale-wissembourg.gaqo.net/;;;;;;;;;;
Piscine Municipale;240 Partage 07210 Saint-Lager-Bressac France;https://saintlagerbressac.fr/;;;;;;;;;;
Piscine Municipale;3 Rue de la Piscine 65170 Saint-Lary-Soulan France;https://www.saintlary.com/ete/offres/piscine-municipale-saint-lary-soulan-fr-ete-3757062/;;;;;;;;;;
Piscine Municipale;Rue du Dr Louis Brun 66220 Saint-Paul-de-Fenouillet France;http://www.st-paul66.com/;;;;;;;;;;
Piscine Municipale;23 Rue Pablo Neruda 76140 Le Petit-Quevilly France;http://www.petit-quevilly.fr/sports/les-equipements-de-sports/piscine-municipale/;;;;;;;;;;
Piscine municipale;D8 Route d'Albas Piscine 46140 Luzech France;http://www.ville-luzech.fr/;;;;;;;;;;
Piscine Municipale;160 Rte de Périgueux 24140 Villamblard France;http://horaires-piscine.info/horaires-piscine-de-villamblard/;;;;;;;;;;
Piscine Municipale;4 Rue du 8 Mai 1945 38360 Sassenage France;https://www.sassenage.fr/14598-piscine-municipale.htm;;;;;;;;;;
Piscine Municipale;6 Rue de l'Abattoir 21210 Saulieu France;http://www.saulieu.fr/;;;;;;;;;;
Piscine Municipale;19 Rue du 22 Juin 1944 Bourg de Saint Just 15320 Val d'Arcomie France;http://valdarcomie.fr/;;;;;;;;;;
Piscine municipale;186 Av. Georges de Salve 04210 Valensole France;https://www.valensole.fr/piscine-municipale/;;;;;;;;;;
Piscine municipale;129 Rte de Nîmes 30800 Saint-Gilles France;https://www.saint-gilles.fr/point-d-interet/piscine-municipale/;;;;;;;;;;
Piscine municipale;Chem. de la Piscine 86190 Vouillé France;https://vouille86.fr/mairie/piscine-municipale/;;;;;;;;;;
Piscine Municipale;22 Rue Pierre de Coubertin 63700 Saint-Éloy-les-Mines France;https://www.sainteloylesmines.fr/tourisme/subservice/piscine/horaires-piscine/;;;;;;;;;;
Piscine Municipale;Rue Baptiste Marcet 07130 Saint-Péray France;http://www.st-peray.com/La-piscine.116.0.html;;;;;;;;;;
Piscine Municipale;Rue du Lay 85320 Mareuil-sur-Lay-Dissais France;https://www.mareuilsurlay.fr/fr/rb/1105587/piscine-municipale-1;;;;;;;;;;
Piscine municipale;65 Chem. de l'Arrïu 40410 Pissos France;http://www.sejour-pissos.fr/;;;;;;;;;;
Piscine municipale;Stade Jean-Jacques Delmas 55 Rte du Chapitre 48000 Mende France;http://www.coeurdelozere.fr/sports/piscine-marceau-crespin.html;;;;;;;;;;
Piscine Municipale;4 Rue Osmont 68160 Sainte-Marie-aux-Mines France;https://www.saintemarieauxmines.fr/bouger-sortir/piscine/;;;;;;;;;;
Piscine Municipale;Avenue de Toulouse 31290 Villefranche-de-Lauragais France;https://www.mairie-villefranchedelauragais.fr/culture-sports-loisirs/piscine-municipale/;;;;;;;;;;
Piscine Municipale;2 Av. Maxime Pascal 30700 Uzès France;https://www.uzes.fr/demarches/culture-sports-et-loisirs/sport/piscine-municipale;;;;;;;;;;
Piscine municipale;23 Rue de Michelstadt 74150 Rumilly France;https://www.mairie-rumilly74.fr/vos-services-publics/sports-et-loisirs/piscine-municipale-2-2/;;;;;;;;;;
Piscine municipale;7162 Av. Pierre Semard 04220 Sainte-Tulle France;http://www.ville-sainte-tulle.fr/;;;;;;;;;;
Piscine Municipale;Quartier Notre Dame 83840 La Roque-Esclapon France;https://camping.la-roque-esclapon.fr/fr/loisirs;;;;;;;;;;
Piscine Municipale;3 Av. du 11 Novembre 18230 Saint-Doulchard France;https://www.mairie-saintdoulchard.fr/vivre-a-saint-doulchard/equipements-sportifs/;;;;;;;;;;
Piscine Municipale;Av. Pierre de Coubertin 84270 Vedène France;https://mairie-vedene.fr/votre-ville/sports-loisirs-et-vie-associative/piscine-municipale/joomlannuaire/fiche/639:piscine-municipale;;;;;;;;;;
Piscine Municipale;Pl. du Maquis Bir Hakeim 30130 Pont-Saint-Esprit France;https://www.provenceoccitane.com/piscine-municipale-de-pont-saint-esprit.html;;;;;;;;;;
Piscine municipale;D66 15220 Marcolès France;https://marcoles.fr/;;;;;;;;;;
Piscine Municipale;26620 Lus-la-Croix-Haute France;https://www.lus-la-croix-haute.fr/activites-sportives/;;;;;;;;;;
Piscine Municipale - Base de loisirs du Laouzas;81320 Nages France;;;;;;;;;;;
Piscine municipale - Piscina municipal;Av. du Dr Cartade 66310 Estagel France;;;;;;;;;;;
Piscine municipale - Piscina municipal;Rue du Gymnase 66150 Arles-sur-Tech France;http://horaires-piscine.info/piscine-arles-sur-tech/;;;;;;;;;;
Piscine Municipale (Actuellement fermée);Plan de Lascours 30290 Laudun-l'Ardoise France;;;;;;;;;;;
Piscine municipale (bassin d'été);14 Av. des Résistants 33210 Langon France;https://www.langon33.fr/les-piscines;;;;;;;;;;
Piscine municipale à Guillestre;474 Rte des Campings 05600 Guillestre France;http://ville-guillestre.fr/;;;;;;;;;;
Piscine Municipale Al Mariniyine;C37R+CQF Unnamed Road Taourirt Maroc;;;;;;;;;;;
Piscine municipale Alex Jany;All. des Sports 31520 Ramonville-Saint-Agne France;http://www.ramonville.fr/culture-sport-associations/sport/piscine;;;;;;;;;;
Piscine Municipale Ars-sur-Moselle;Salle Maurice Fréchin 5 Rue de la Gare 57130 Ars-sur-Moselle France;https://www.ville-arssurmoselle.fr/loisirs-culture-et-sports/piscine;;;;;;;;;;
Piscine Municipale Avignon - Chevalier de Folard;14 Av. Chevalier de Folard 84000 Avignon France;https://www.avignon.fr/les-equipements/les-piscines/chevalier-de-folard/;;;;;;;;;;
Piscine Municipale Avignon - Jean Clément;305 Chem. de la Martelle 84140 Avignon France;https://www.avignon.fr/les-equipements/les-piscines/jean-clement;;;;;;;;;;
Piscine municipale Bonneveine;135 Av. de Hambourg 13008 Marseille France;https://www.marseille.fr/sports-loisirs/equipements-sportifs/piscines-municipales;;;;;;;;;;
Piscine Municipale Bourg d'Oisans;Rue des Colporteurs 38520 Le Bourg-d'Oisans France;https://www.mairie-bourgdoisans.fr/solidarite-culture-sports/sports-loisirs/la-piscine/;;;;;;;;;;
Piscine municipale Bray sur Seine;445 Chem. de la Plage 77480 Bray-sur-Seine France;https://www.bray-sur-seine.fr/la-piscine-municipale/;;;;;;;;;;
Piscine Municipale Bryan Reling;9 Av. Pierre de Coubertin 84150 Jonquières France;https://www.jonquieres.fr/accueil/loisirs-sports-culture/piscine-municipale/;;;;;;;;;;
Piscine municipale Busserine;46 Bd Jourdan 13014 Marseille France;https://www.marseille.fr/sports-loisirs/equipements-sportifs/piscines-municipales;;;;;;;;;;
Piscine municipale Caneton de Sorgues;125 Rue de la Coquille 84700 Sorgues France;http://www.sorgues.fr/sports-loisirs/piscine-municipale-sorgues-horaires.htm;;;;;;;;;;
Piscine Municipale Carola;Rte de Bergheim 68150 Ribeauvillé France;https://www.ribeauville.fr/fr/piscine-carola.html;;;;;;;;;;
Piscine Municipale Catherine Plewinksi;Pl. des Sports 77330 Ozoir-la-Ferrière France;https://www.mairie-ozoir-la-ferriere.fr/lieux_incontournables/piscine-municipale-catherine-plewinski/;;;;;;;;;;
Piscine municipale Champagne-en-Valromey;Rue du Stade 01260 Champagne-en-Valromey France;https://champagne-en-valromey.fr/cadre-de-vie/piscine-municipale/;;;;;;;;;;
Piscine Municipale Charles Moreira;1 Av. du Colonel Manhés 18100 Vierzon France;http://www.ville-vierzon.fr/piscine-charles-moreira.html;;;;;;;;;;
Piscine Municipale Chauffée;Rue du Pont de Lourseyre 15270 Champs-sur-Tarentaine-Marchal France;;;;;;;;;;;
Piscine municipale Christine Caron;34a Rue Jules Ferry 76250 Déville-lès-Rouen France;https://www.deville-les-rouen.fr/piscine-municipale-christine-caron/;;;;;;;;;;
Piscine Municipale Claire Supiot;11 Av. Maurice Utrillo 93380 Saint-Denis France;https://www.centre-aquatique-pierrefitte93.fr/;;;;;;;;;;
Piscine municipale Claude Badie;Av. de la Méditerranée 66300 Thuir France;https://thuir.fr/dynamique/infrastructures-sportives/piscine-municipale-claude-badie/;;;;;;;;;;
Piscine Municipale Claude Lassaigne;214 Rue de la Provence 40280 Saint-Pierre-du-Mont France;https://saintpierredumont.fr/piscine-municipale;;;;;;;;;;
Piscine municipale Claude-Lebourg d'Oissel-sur-Seine;Av. d'Anderten 76350 Oissel-sur-Seine France;https://www.ville-oissel.fr/;;;;;;;;;;
Piscine Municipale Courseulles-sur-Mer;63 Av. de la Combattante 14470 Courseulles-sur-Mer France;https://www.courseulles-sur-mer.com/culture-et-loisirs/equipements-sportifs/piscine/;;;;;;;;;;
Piscine municipale couverte;Bd Ours de Saint-Erige 06660 Saint-Étienne-de-Tinée France;;;;;;;;;;;
Piscine municipale d' Auzat;Laougouerse 09220 Auzat France;;;;;;;;;;;
Piscine municipale d’amblans et velotte;12 Rue de la Bienfaisance 70200 Amblans-et-Velotte France;;;;;;;;;;;
Piscine Municipale d'Aixe-sur-Vienne;Place René Gilet 87700 Aixe-sur-Vienne France;http://www.mairie-aixesurvienne.fr/piscine-municipale#0;;;;;;;;;;
Piscine municipale d'Ajat;24210 Ajat France;;;;;;;;;;;
Piscine Municipale d'Arudy;Rue Baulong 64260 Arudy France;https://www.arudy.fr/se-distraire/infrastructures-sportives/piscine;;;;;;;;;;
Piscine municipale de Balma;31130 Bd Als Cambiots 31130 Balma France;https://mairie-balma.fr/sortir-bouger-decouvrir/bouger/la-piscine-municipale-de-balma/;;;;;;;;;;
Piscine Municipale de Barcelonnette;5 Bd de l'Adroit 04400 Barcelonnette France;https://www.ville-barcelonnette.fr/la-piscine-municipale.html;;;;;;;;;;
Piscine Municipale de Beaune;1 Bd Jacques Copeau 21200 Beaune France;https://www.beaune.fr/culture-et-loisirs/la-vie-sportive/;;;;;;;;;;
Piscine municipale de Bellegarde;Av. d'Havixbeck 45270 Bellegarde France;;;;;;;;;;;
Piscine municipale de Bessé-sur-Braye;Rue du Val de Braye 72310 Bessé-sur-Braye France;http://www.besse-sur-braye.fr/vie-locale/culture-loisirs/centre-aqua-creatif;;;;;;;;;;
Piscine Municipale de Bourbourg;2 Rue Debussy 59630 Bourbourg France;http://www.bourbourg.fr/index.php/2013-10-02-15-17-50/2013-10-02-15-28-00/activites-sorties/141-culture/la-piscine;;;;;;;;;;
Piscine Municipale de Brommat;Le Bourg 12600 Brommat France;;;;;;;;;;;
Piscine municipale de Buzançais;15 Rue des Sports 36500 Buzançais France;http://www.buzancais.fr/;;;;;;;;;;
Piscine Municipale de Carbonne;Rue du Pila 31390 Carbonne France;http://www.ville-carbonne.fr/;;;;;;;;;;
Piscine municipale de Cauterets;Esp. des Œufs 65110 Cauterets France;http://www.cauterets.com/la-piscine-municipale/;;;;;;;;;;
Piscine municipale de Cercy-la-Tour;Rue du Port 58340 Cercy-la-Tour France;http://www.cercylatour.fr/tourisme/piscine;;;;;;;;;;
Piscine municipale de Cestas;Chem. de Canéjan 33610 Cestas France;https://www.mairie-cestas.fr/piscine-de-cestas/;;;;;;;;;;
Piscine Municipale de Charenton-le-Pont;Av. Jean Jaurès 16 94220 Charenton-le-Pont France;https://www.charenton.fr/sports/espace_piscine/;;;;;;;;;;
Piscine Municipale de Chilly-Mazarin;3 Rue de l'Europe 91380 Chilly-Mazarin France;https://www.ville-chilly-mazarin.fr/la-piscine-municipale/;;;;;;;;;;
Piscine municipale de Clamecy;Bd Misset 58500 Clamecy France;;;;;;;;;;;
Piscine municipale de Cluny;Rue des Griottons 71250 Cluny France;http://www.cluny.fr/piscine-municipale;;;;;;;;;;
Piscine municipale de Coupvray;73 Rue de Lesches 77700 Coupvray France;https://www.coupvray.fr/evenement/piscine-municipale-horaires-et-tarifs-2026/;;;;;;;;;;
Piscine Municipale de Courrières;Complexe Sportif Mendès France Rue Arthur Rimbaud 62710 Courrières France;;;;;;;;;;;
Piscine municipale de Cozes;D17 17120 Cozes France;https://www.royanatlantique.fr/activites/piscine-municipale-dete-cozes/;;;;;;;;;;
Piscine Municipale de Croix;Rue Victor Schoelcher 59170 Croix France;https://www.ville-croix.fr/sports/piscine-municipale/;;;;;;;;;;
Piscine Municipale de Die;400 Chem. de Chabestan 26150 Die France;https://www.mairie-die.fr/activites-loisirs/sports-et-loisirs/#piscine;;;;;;;;;;
Piscine Municipale de Donzère;25 Av. Pierre de Coubertin 26290 Donzère France;https://www.donzere.fr/vivre-a-donzere/festivites-culture-animations-sports/piscine-municipale/;;;;;;;;;;
Piscine municipale de Fayence;8 Le Pavillon 83440 Fayence France;https://www.ville-fayence.fr/decouvrir-bouger/culture-et-loisirs/piscine-municipale;;;;;;;;;;
Piscine Municipale de Feyzin;5 Rue Jean Bouin 69320 Feyzin France;https://www.ville-feyzin.fr/je-veux/faire-du-sport-et-sortir-a-feyzin/piscine-d-ete;;;;;;;;;;
Piscine Municipale de Fourmies;94 Av. Charles de Gaulle 59610 Fourmies France;https://www.fourmies.fr/piscine;;;;;;;;;;
Piscine municipale de Franconville;25 Av. des Marais 95130 Franconville France;https://www.ville-franconville.fr/mes-services-et-demarches/vie-sportive/csl-le-centre-de-sports-et-de-loisirs/;;;;;;;;;;
Piscine Municipale de Garches;14 Rue de Suresnes 92380 Garches France;https://garches.fr/sport/les-equipements/;;;;;;;;;;
Piscine Municipale de Gex;31 Rue Georges Charpak 01170 Gex France;https://www.gex.fr/la-piscine-municipale/;;;;;;;;;;
Piscine municipale de Gravelines;Rte de Bourbourg 59820 Gravelines France;;;;;;;;;;;
Piscine Municipale de Gresse en Vercors;187 Mnt des Dolomites 38650 Gresse-en-Vercors France;;;;;;;;;;;
Piscine Municipale de Houilles;40 Rue du Président Kennedy 78800 Houilles France;https://www.ville-houilles.fr/la-piscine-municipale;;;;;;;;;;
Piscine Municipale de Jaunay-Marigny;Av. Gérard Girault 86130 Jaunay-Marigny France;http://www.jaunay-marigny.fr/;;;;;;;;;;
Piscine Municipale de Juillac;Route Piscine 19350 Juillac France;http://www.juillac19.fr/tourisme-loisirs-culture/piscine/;;;;;;;;;;
Piscine municipale de Jumilhac;401 La Perdicie 24630 Jumilhac-le-Grand France;;;;;;;;;;;
Piscine Municipale de La Madeleine;165 Rue du Général de Gaulle 59110 La Madeleine France;https://www.ville-lamadeleine.fr/mes-loisirs/sport/piscine-municipale;;;;;;;;;;
Piscine municipale de La Roche-Chalais;24490 Av. du Stade 24490 La Roche-Chalais France;http://horaires-piscine.info/horaires-piscine-de-la-roche-chalais/;;;;;;;;;;
Piscine Municipale de la Salle les Alpes;Rte de Pré-Long 05240 La Salle-les-Alpes France;https://www.lasallelesalpes.net/ma-commune/sports-loisirs;;;;;;;;;;
Piscine municipale de Lagnieu;508 Rue Charles de Gaulle 01150 Lagnieu France;http://www.piscine-lagnieu.fr/;;;;;;;;;;
Piscine municipale de Lambersar;4 All. du Béguinage 59130 Lambersart France;;;;;;;;;;;
Piscine municipale de Lambersart;4 All. du Béguinage 59130 Lambersart France;https://lambersart.fr/piscine-1;;;;;;;;;;
Piscine Municipale de Lanrelas;8 D46 22250 Lanrelas France;;;;;;;;;;;
Piscine municipale de Léguevin;15 Rue Jules Ferry 31490 Léguevin France;https://www.ville-leguevin.fr/vivre-a-leguevin/culture-loisirs/piscine-municipale/;;;;;;;;;;
Piscine municipale de Levens;557 Rte de la Piscine 06670 Levens France;https://levens.fr/piscine-en-plein-air/;;;;;;;;;;
Piscine Municipale de l'Union;33 Rue du Puy de Sancy 31240 L'Union France;https://www.ville-lunion.fr/sortir-bouger/piscine/;;;;;;;;;;
Piscine Municipale de Luz-Saint-Sauveur;19 Av. de Saint-Sauveur 65120 Luz-Saint-Sauveur France;http://www.piscine-municipale.fr/luz-saint-sauveur/piscine-municipale/;;;;;;;;;;
Piscine Municipale de Marcq-en-Baroeul;102 Rue de la Briqueterie 59700 Marcq-en-Barœul France;https://www.marcq-en-baroeul.org/piscine;;;;;;;;;;
Piscine Municipale de Maubourguet;Rue des Moulins 65700 Maubourguet France;https://www.maubourguet.fr/ouverture-de-la-piscine-2/;;;;;;;;;;
Piscine municipale de Mayet (ouvre à partir 1er Juillet);Les Chevriers 72360 Mayet France;https://www.mairie-mayet.fr/vivre-decouvrir-mayet/loisirs/piscine-municipale/;;;;;;;;;;
Piscine Municipale de Méaudre;Le village 38112 Autrans-Méaudre en Vercors France;https://station.autrans-meaudre.fr/fr/nos-activites/piscine-de-montagne/;;;;;;;;;;
Piscine Municipale de Mer;3 Rue Fortineau 41500 Mer France;http://horaires-piscine.info/horaires-piscine-a-mer/;;;;;;;;;;
Piscine Municipale de Moncrabeau;Av. des Sports 47600 Moncrabeau France;http://www.mairie-moncrabeau.fr/;;;;;;;;;;
Piscine Municipale de Mons-en-Baroeul;20 Rue Lacordaire 59370 Mons-en-Barœul France;http://piscine-monsenbaroeul.fr/;;;;;;;;;;
Piscine Municipale de Montesquieu-Volvestre;21 Av. Simon de la Loubere 31310 Montesquieu-Volvestre France;https://www.montesquieu-volvestre.com/;;;;;;;;;;
Piscine municipale de Monticello;JX77+78 20220 Monticello France;https://www.facebook.com/piscinemunicipalemonticello;;;;;;;;;;
Piscine Municipale de Montlouis-sur-Loire;Route départemental n°751 37270 Montlouis-sur-Loire France;https://www.ville-montlouis-loire.fr/piscine-municipale-2/;;;;;;;;;;
Piscine municipale de Montréal;490 La Mataleno 11290 Montréal France;https://www.montrealdelaude.fr/piscine-communale/;;;;;;;;;;
Piscine Municipale de Naucelle;19 Rue de Pauletou 12800 Naucelle France;;;;;;;;;;;
Piscine Municipale de Nègrepelisse;2 Rue de la Piscine 82800 Nègrepelisse France;http://www.ville-negrepelisse.fr/;;;;;;;;;;
Piscine Municipale de Nérac;Bd Pierre de Coubertin 47600 Nérac France;http://www.nerac.fr/;;;;;;;;;;
Piscine Municipale de Niherne;Rue Louis Girard 36250 Niherne France;http://www.mairiedeniherne.fr/;;;;;;;;;;
Piscine Municipale De Plein Air - Parc D'Espagne;Mairie d Pl. Roussel 09110 Ax-les-Thermes France;https://www.mairie-ax.fr/loisirs/parc-d-espagne;;;;;;;;;;
Piscine municipale de plein air de Bellefosse;83 Vge Bellefosse 67130 Bellefosse France;http://www.lechampdufeu.com/bellefosse/Infrastructures/Piscine-municipale-de-plein-air.html;;;;;;;;;;
Piscine municipale de Plélan le Grand;Rue de la Fée Viviane 35380 Plélan-le-Grand France;http://www.plelan-le-grand.fr/index.php/culture-a-loisirs/piscine;;;;;;;;;;
Piscine municipale de Prats de Mollo;Rue Barthélemy Xatard 66230 Prats-de-Mollo-la-Preste France;https://www.mairie-pratsdemollolapreste.com/ouverture-de-la-piscine/;;;;;;;;;;
Piscine municipale de Quillan;9002B Bd Charles de Gaulle 11500 Quillan France;https://www.quillan.fr/equipements-sportifs-municipaux/piscine-municipale/;;;;;;;;;;
Piscine Municipale de Recoubeau Jansac;26310 Recoubeau-Jansac France;https://recoubeau-jansac.fr/piscine-municipale/;;;;;;;;;;
Piscine Municipale de Rieumes;Rue du Stade du Moulin 31370 Rieumes France;https://www.ville-rieumes.fr/piscine/;;;;;;;;;;
Piscine Municipale de Riom-ès-Montagnes;Les Mazets 15400 Riom-ès-Montagnes France;http://horaires-piscine.info/horaires-piscine-a-riom-es-montagne/;;;;;;;;;;
Piscine municipale de Ronchin;Rue de la Comtesse de Ségur 59790 Ronchin France;https://www.ville-ronchin.fr/piscine-municipale;;;;;;;;;;
Piscine municipale de Roquemaure;Rue Voltaire 30150 Roquemaure France;https://www.roquemaure.fr/piscine-municipale/;;;;;;;;;;
Piscine municipale de Saignes;Complexe sportif Bellevue 15240 Saignes France;https://saignes15.fr/les-services-a-saignes/plaine-des-sports/;;;;;;;;;;
Piscine Municipale de Saint Geneviève;Av. du Stade 12420 Argences en Aubrac France;;;;;;;;;;;
Piscine Municipale de saint geoire en valdaine;107 La Combe 38620 Saint-Geoire-en-Valdaine France;http://www.saint-geoire-en-valdaine.com/;;;;;;;;;;
Piscine Municipale de Saint Laurent du Var - Gratuit PMR's - (BONNET OBLIGATOIRE);1555 Espl. Edmond Jouhaud 06700 Saint-Laurent-du-Var France;https://saintlaurentduvar.fr/mon-quotidien/la-piscine-municipale-eric-guiraud/;;;;;;;;;;
Piscine municipale de Saint Privat de Vallongue;village vacances 48240 Saint-Privat-de-Vallongue France;https://www.vacances-en-cevennes.com/l-annee-en-lozere/loisirs-animations/piscine-baignade-naturelle.html;;;;;;;;;;
Piscine Municipale de Saint-André-lez-Lille;32 Rue Vauban 59350 Saint-André-lez-Lille France;;;;;;;;;;;
Piscine Municipale de Saint-Avertin;Rue de la Haute Arche 37550 Saint-Avertin France;https://www.ville-saint-avertin.fr/ACTIVITES-LOISIRS/Sport/Piscine;;;;;;;;;;
Piscine Municipale de Saint-Césaire;7 Rte de la Vallée 17770 Saint-Césaire France;;;;;;;;;;;
Piscine municipale de Saint-Hippolyte-du-Fort;Chem. de l'Argentesse 30170 Saint-Hippolyte-du-Fort France;https://saint-hippolyte-du-fort.fr/piscine-municipale/;;;;;;;;;;
Piscine Municipale de Saint-Julien-Chapteuil;L'Holme 43260 Saint-Julien-Chapteuil France;https://saintjulienchapteuil.fr/piscine-municipale-saint-julien-chapteuil-infos-horaires/;;;;;;;;;;
Piscine Municipale de Saint-Pierre-des-Corps;135 Rue Jeanne Labourbe 37700 Saint-Pierre-des-Corps France;https://saintpierredescorps.fr/culture-sport-nature/sport/la-piscine-municipale;;;;;;;;;;
Piscine Municipale de Saint-Saulve;2 Av. Robert Schuman 59880 Saint-Saulve France;https://www.ville-saint-saulve.fr/piscine/;;;;;;;;;;
Piscine Municipale de Saint-Symphorien-d'Ozon;5 Rue de la Piscine 69360 Saint-Symphorien-d'Ozon France;http://www.saintsymphoriendozon.fr/index.php/Piscine-municipale?idpage=120&idmetacontenu=;;;;;;;;;;
Piscine municipale de Samoëns;Les Communaux 496 Rte du Lac aux Dames 74340 Samoëns France;https://www.mairiedesamoens.fr/piscine-le-giffre;;;;;;;;;;
Piscine Municipale de Santenay;Av. des Sources 21590 Santenay France;http://www.ville-de-santenay.fr/;;;;;;;;;;
Piscine Municipale de Sanvignes-les-Mines;Rue Jean Prost 71410 Sanvignes-les-Mines France;https://mairie-sanvignes.fr/;;;;;;;;;;
Piscine Municipale de Sanxay;Rue du Pont des Bergers 86600 Sanxay France;;;;;;;;;;;
Piscine Municipale de Sare;140 Santa Maria Nin juPoghjuko Chem. Karrika 64310 Sare France;https://www.sare.fr/equipements-de-loisirs-et-sportifs-municipaux#ancre-piscine-municipale-1;;;;;;;;;;
Piscine Municipale de Seclin;2 Av. du Président Allende 59113 Seclin France;https://www.ville-seclin.fr/sport/piscine;;;;;;;;;;
Piscine Municipale de Sizun;Gollen 29450 Sizun France;http://www.mairie-sizun.fr/fr/information/83050/la-piscine;;;;;;;;;;
Piscine municipale de Sousceyrac;46190 Sousceyrac-en-Quercy France;https://www.cauvaldor.fr/mes-sorties-mes-loisirs/activites-et-equipements-sportifs/piscines/piscine-de-sousceyrac-en-quercy/?#usefulness_survey;;;;;;;;;;
Piscine Municipale De St. Branchs;La Boire 37320 Saint-Branchs France;;;;;;;;;;;
Piscine Municipale de Tallard;Av. de Provence 05130 Tallard France;http://www.ville-tallard.fr/;;;;;;;;;;
Piscine Municipale de Tennie;Rue du Camping 72240 Tennie France;http://horaires-piscine.info/piscine-tennie/;;;;;;;;;;
Piscine Municipale de Terrasson-Lavilledieu;Av. Victor Hugo 24120 Terrasson-Lavilledieu France;;;;;;;;;;;
Piscine Municipale de Thiais;23 Rue de la Saussaie 94320 Thiais France;;;;;;;;;;;
Piscine municipale de Thônes;6 Pl. Avet 74230 Thônes France;https://www.mairie-thones.fr/fr/gl/2586209/24845/piscine-municipale;;;;;;;;;;
Piscine Municipale de Tonnay-Charente;Rue Jean Taris 17430 Tonnay-Charente France;https://www.tonnay-charente.fr/index.php/au-quotidien/equipements-publics/piscine;;;;;;;;;;
Piscine municipale de Tournefeuille;All. des Sports 31170 Tournefeuille France;https://www.mairie-tournefeuille.fr/proximit%C3%A9/piscine-municipale/;;;;;;;;;;
Piscine municipale de Valmeinier;706 Rue du Gros Crey 73450 Valmeinier France;https://www.valmeinier.com/activites/activites-ete/piscine/;;;;;;;;;;
Piscine Municipale de Vals;Av. Claude Expilly 07600 Vals-les-Bains France;https://www.vals-les-bains.fr/piscine-municipale/;;;;;;;;;;
Piscine Municipale de Venaco - Piscina Municipali di Venacu;20231 Venaco France;http://horaires-piscine.info/piscine-a-venaco/;;;;;;;;;;
Piscine municipale de Vibraye;Rue de Wagenfeld 72320 Vibraye France;http://www.vibraye.fr/;;;;;;;;;;
Piscine municipale de Villepinte;8 Rue Pierre Audat 93420 Villepinte France;https://ville-villepinte.fr/loisirs/sports/la-piscine-municipale/;;;;;;;;;;
Piscine Municipale de Vivonne;2 Rue de la Prairie de Vounant 86370 Vivonne France;https://www.vivonne.fr/sorties-et-loisirs/sports-et-loisirs/loisirs/;;;;;;;;;;
Piscine Municipale de Vouvray;18 Rue du Petit Coteau 37210 Vouvray France;https://vouvray.fr/fr/rb/1060139/piscine-municipale-de-vouvray;;;;;;;;;;
Piscine Municipale de Waziers;All. Georges Larue 59119 Waziers France;;;;;;;;;;;
Piscine Municipale Decouverte;5 Rue de la Piscine 26130 Saint-Paul-Trois-Châteaux France;;;;;;;;;;;
Piscine Municipale d'Écully;5 Rue Jean Rigaud 69130 Écully France;https://www.ecully.fr/mes-loisirs/sports/piscine-337.html;;;;;;;;;;
Piscine Municipale des Bois;Av. du Bois 13350 Charleval France;http://www.charleval-en-provence.org/;;;;;;;;;;
Piscine Municipale des Molières;45 Rue des Molières 78690 Les Essarts-le-Roi France;https://www.rt78.fr/piscine-des-molieres;;;;;;;;;;
Piscine Municipale des Orres;05200 Les Orres France;http://www.mairie-lesorres.fr/;;;;;;;;;;
Piscine Municipale des Tourneroches;17 Rue du Mont Valérien 92210 Saint-Cloud France;http://www.saintcloud.fr/sports/la-piscine;;;;;;;;;;
Piscine municipale Desautel;18 Chem. Joseph Aiguier 13009 Marseille France;https://www.marseille.fr/sports-loisirs/equipements-sportifs/piscines-municipales;;;;;;;;;;
Piscine municipale d'été de Vaison-la-Romaine;Rue Bernard Noël 84110 Vaison-la-Romaine France;https://www.vaison-la-romaine.com/bouger/une-ville-sportive/piscine-municipale-equipements-sportifs/;;;;;;;;;;
Piscine Municipale d'?vry-Sur-Seine;8 Rue Robespierre 94200 Ivry-sur-Seine France;https://www.ivry94.fr/366/piscine-robespierre.htm;;;;;;;;;;
Piscine Municipale d'Orly;69 Rue du Noyer Grenot 94310 Orly France;https://www.mairie-orly.fr/contacts/piscine-municipale/;;;;;;;;;;
Piscine Municipale d'Oullins-Pierre-Bénite;46 Grande Rue 69600 Oullins-Pierre-Bénite France;;;;;;;;;;;
Piscine Municipale du Grand Lucé;Rue de la Torchetterie 72150 Le Grand-Lucé France;https://www.mairie-legrandluce.fr/vie-pratique/culture-et-loisirs/piscine/;;;;;;;;;;
Piscine municipale du Marin;Rue du Marin 49320 Brissac Loire Aubance France;http://www.brissacloireaubance.fr/la-piscine-du-marin/;;;;;;;;;;
Piscine Municipale du Raincy;26 Av. Thiers 93340 Le Raincy France;https://villeduraincy.fr/le-parc-aquatique/;;;;;;;;;;
Piscine Municipale Ernest Watel;41 Rue de la Mairie 37540 Saint-Cyr-sur-Loire France;https://www.saint-cyr-sur-loire.com/Mes-loisirs/Sport/Piscine-municipale;;;;;;;;;;
Piscine municipale extérieure;Chem. des Grèves 45130 Meung-sur-Loire France;http://www.meung-sur-loire.com/;;;;;;;;;;
Piscine municipale Extérieure André Granjeon;61 Rue Léo Lagrange 33270 Floirac France;http://www.floirac.fr/;;;;;;;;;;
Piscine municipale Gavet;4 Rte des Six Vallées 38220 Livet-et-Gavet France;https://www.facebook.com/piscinegavet/;;;;;;;;;;
Piscine municipale Guzet;Prat Mataou 09140 Ustou France;;;;;;;;;;;
Piscine Municipale Ille-sur-Tet;Rte de Prades 66130 Ille-sur-Têt France;https://www.ille-sur-tet.com/;;;;;;;;;;
Piscine Municipale Inezgane;9F66+3Q5 Avenue Moulay Abdellah Inezgane 80000 Maroc;;;;;;;;;;;
Piscine Municipale J. Blondeau;45 Rue des Lilas 60240 Chaumont-en-Vexin France;;;;;;;;;;;
Piscine municipale Jacques Monquaut;Rue Léo Lagrange 78190 Trappes France;https://www.trappes.fr/ca-bouge/vie-sportive/piscine-municipale;;;;;;;;;;
Piscine municipale Jean Andrieu;2 Av. de Villeneuve Saint-Georges 94600 Choisy-le-Roi France;https://www.choisyleroi.fr/a-votre-service/renseignements-et-modalites-piscine/;;;;;;;;;;
Piscine Municipale Jean Gelet;4 Av. Maurice Thorez 69120 Vaulx-en-Velin France;https://vaulx-en-velin.net/sortir/sports/piscine/;;;;;;;;;;
Piscine municipale Jean Régis;90 Chem. des Fins N 74000 Annecy France;https://www.annecy.fr/77-piscines.htm;;;;;;;;;;
Piscine municipale Jean-Marc de Chastenet;4 Rte de Bizou 61290 Longny les Villages France;https://www.leshautsduperche.fr/piscines/;;;;;;;;;;
Piscine Municipale Jules Verne;Rue Emile Zola 62640 Montigny-en-Gohelle France;http://www.mairie-montigny.fr/fr/information/68138/la-piscine-municipale;;;;;;;;;;
Piscine Municipale La Baleine;13 Av. Jean Moulin 93200 Saint-Denis France;http://centrenautique-saintdenis.fr/;;;;;;;;;;
Piscine municipale La Graniere;96 Rue de la Granière 13011 Marseille France;https://www.marseille.fr/sports-loisirs/equipements-sportifs/piscines-municipales;;;;;;;;;;
Piscine municipale La Martine;81 Chem. de la Martine 13015 Marseille France;https://www.marseille.fr/sports-loisirs/equipements-sportifs/piscines-municipales;;;;;;;;;;
Piscine municipale lac de Montendre;Lac Baron Desqueyroux 17130 Montendre France;;;;;;;;;;;
Piscine Municipale Lassay Les Châteaux;Place Victor Hugo 53110 Lassay-les-Châteaux France;;;;;;;;;;;
Piscine municipale Le Truel (du 15/06 au 15/09);276 route de Broquiès 12430 Le Truel France;https://www.letruel.fr/fiche/activites/piscine-base-nautique-et-de-loisirs-du-truel-le-truel_TFO079891699922/;;;;;;;;;;
Piscine Municipale Les Andelys;Rue Gilles Nicolle 27700 Les Andelys France;https://www.ville-andelys.fr/piscine/;;;;;;;;;;
Piscine Municipale Les Dauphins du parc;12 Rue Mainssieux 38500 Voiron France;https://www.voiron.fr/1423-piscine-municipale-les-dauphins-du-parc.htm;;;;;;;;;;
Piscine Municipale L'Hippocampe;3 Rue Entroncamento 94350 Villiers-sur-Marne France;https://www.villiers94.fr/sorties-et-activites/sports/piscine/;;;;;;;;;;
Piscine Municipale Longuyon;Av. du Général de Gaulle 54260 Longuyon France;http://t2l-54.fr/;;;;;;;;;;
Piscine municipale Louis Armand;29 Bd Louis Armand 13012 Marseille France;https://www.marseille.fr/sports-loisirs/equipements-sportifs/piscines-municipales;;;;;;;;;;
Piscine Municipale Louis DUCLOT;Treffort 38770 La Motte-Saint-Martin France;https://www.lamottesaintmartin.fr/decouvrir-la-motte-st-martin/piscine/;;;;;;;;;;
Piscine municipale Mailhac;Chem. de Carcassonne 11120 Mailhac France;https://www.mailhac.fr/se-ressourcer/un-air-de-campagne/se-rafraichir;;;;;;;;;;
Piscine Municipale Marius-Leclercq;99 Av. Barbusse 62440 Harnes France;https://www.ville-harnes.fr/site/piscine/;;;;;;;;;;
Piscine Municipale ouverte du 1er juillet au 31 août;Le Ris Le Bois Combet 19370 Chamberet France;;;;;;;;;;;
Piscine Municipale Pérochon-Souché de St Sauvant;17 Rue du Four 86600 Saint-Sauvant France;https://www.grandpoitiers.fr/sport-culture-et-loisirs/sports/les-piscines/piscine-de-saint-sauvant;;;;;;;;;;
Piscine municipale Phillipe Croizon;Rte de Neuville 59250 Halluin France;https://www.halluin.fr/piscine-philippe-croizon/;;;;;;;;;;
Piscine Municipale Pierre Reyne;1 Rue Velouterie 84000 Avignon France;https://www.avignon.fr/les-equipements/les-piscines/pierre-reyne/;;;;;;;;;;
Piscine municipale Pointe Rouge;20 Prom. du Grand Large 13008 Marseille France;https://www.marseille.fr/sports-loisirs/equipements-sportifs/piscines-municipales;;;;;;;;;;
Piscine municipale Pont-de-Vivaux;93 Bd Romain Rolland 13010 Marseille France;https://www.marseille.fr/sports-loisirs/equipements-sportifs/piscines-municipales;;;;;;;;;;
Piscine Municipale Princesse Charlène de Monaco;Rte de la Tête de Chien 06320 La Turbie France;https://www.ville-la-turbie.fr/piscine-municipale/;;;;;;;;;;
Piscine municipale Roquebrune - Bains du CAP;8 Av. Robert Schumann 06190 Roquebrune-Cap-Martin France;;;;;;;;;;;
Piscine Municipale Saint-Germain-du-Puy;Rue des Lauriers 18390 Saint-Germain-du-Puy France;;;;;;;;;;;
Piscine Municipale Sébastien Cauet;Rue René Toffin 02250 Marle France;http://horaires-piscine.info/piscine-marle/;;;;;;;;;;
Piscine Municipale Six-Fours;1042 Av. de la Mer 83140 Six-Fours-les-Plages France;https://www.ville-six-fours.fr/ville-pratique/sports-culture/equipements/piscine-municipale/;;;;;;;;;;
Piscine municipale St Barthelemy le Meil;Imp. de la Piscine 07160 Saint-Barthélemy-le-Meil France;;;;;;;;;;;
Piscine Municipale Suzanne JANETTI;8 Chem. de la Rigaude 83560 Rians France;https://www.ville-rians.fr/la-piscine-suzanne-janetti/;;;;;;;;;;
Piscine municipale Tullins;258 Rte de Saint-Quentin 38210 Tullins France;https://www.ville-tullins.fr/actualites/piscine-municipale;;;;;;;;;;
Piscine municipale Vallouise-Pelvoux;Les Eyssards 05340 Vallouise-Pelvoux France;https://www.paysdesecrins.com/de/mon-sejour-deutsch/wellness-aufenthalt/schwimmbaeder-ete/piscine-municipale-de-pelvoux-1462460;;;;;;;;;;
Piscine Municipale Venosc;La Condamine 38520 Les Deux Alpes France;;;;;;;;;;;
Piscine Municipale Vertou;4 Rue Sèvre et Maine 44120 Vertou France;https://vertou.horanet.com/;;;;;;;;;;
Piscine Municipale ?????? ??????;CQPF+4XC P24 Azrou Maroc;;;;;;;;;;;
Piscine Muriel Hermine;105 Grand Rue 34290 Servian France;https://agglobeziers.fr/;;;;;;;;;;
Piscine NAÏADOLIS;7 Bd Evariste Dejoie 44330 Vallet France;https://piscine.cc-sevreloire.fr/;;;;;;;;;;
Piscine naturelle;4 Chau. du Sillon 35400 Saint-Malo France;;;;;;;;;;;
Piscine naturelle de Max;Vallée de la Solenzara D268 20240 Solaro France;;;;;;;;;;;
Piscine naturelle du Mondony;Piscine du Mondony 66110 Amélie-les-Bains-Palalda France;https://www.amelie-les-bains.com/articles-4/26-81-balades-randonnees/;;;;;;;;;;
Piscine naturiste;D328 40560 Vielle-Saint-Girons France;;;;;;;;;;;
Piscine Nautilia de Lodève;279 Av. Joseph Vallot 34700 Lodève France;;;;;;;;;;;
Piscine Nautil'Ys;1 Rue Alain 29160 Crozon France;https://www.piscinenautilys.bzh/;;;;;;;;;;
Piscine Nautique de l'Arbre Sec;83 Av. Yver 89000 Auxerre France;https://www.agglo-auxerrois.fr/Equipements/Stade-nautique;;;;;;;;;;
Piscine Nelson Mandela;59 Av. du Dr Calmette 94290 Villeneuve-le-Roi France;https://www.villeneuve-le-roi.fr/services/loisirs/horaires-de-la-piscine/;;;;;;;;;;
Piscine Neptune;Les Chanteraines 51130 Blancs-Coteaux France;;;;;;;;;;;
Piscine Neptune Montpellier;300 Av. de Barcelone 34080 Montpellier France;https://www.montpellier3m.fr/equipement/centre-nautique-neptune-montpellier;;;;;;;;;;
Piscine Oasis;Rue de la Piscine 85140 Essarts-en-Bocage France;http://www.piscineoasis.fr/;;;;;;;;;;
Piscine obligatoire;148 Cr de Verdun 01100 Oyonnax France;;;;;;;;;;;
Piscine Océane;1 All. Maurice Gore 60210 Grandvilliers France;https://picardieverte.com/les-piscines/piscine-oceane/;;;;;;;;;;
Piscine Océane;11 Rue du Mont Soleil 62230 Outreau France;http://www.oceane-piscine.fr/;;;;;;;;;;
Piscine Odonates;Rue de Dalhunden 67410 Drusenheim France;https://www.cc-paysrhenan.fr/Decouvrir/Loisirs/Piscine.html;;;;;;;;;;
Piscine Offard;Rue Ile Offard 49400 Saumur France;https://www.saumurvaldeloire.fr/infos-demarches/politiques-sportives/piscines;;;;;;;;;;
Piscine Oloron Haut-Béarn;6 Bis Bd François Mitterrand 64400 Oloron-Sainte-Marie France;https://www.hautbearn.fr/decouvrir-sortir/sports-et-loisirs/piscine-oloron.html;;;;;;;;;;
Piscine olympique;145 Rte de Léognan 33140 Villenave-d'Ornon France;https://villenavedornon.horanet.com/;;;;;;;;;;
Piscine Olympique;93200 Saint-Denis France;https://cao-metropolegrandparis.fr/;;;;;;;;;;
Piscine Olympique Angelotti;195 Av. Jacques Cartier 34000 Montpellier France;http://www.montpellier3m.fr/equipement/piscine-olympique-dantigone;;;;;;;;;;
Piscine Olympique Communautaire Jean-Eric BOUSCH;68 Rue Félix Barth 57600 Forbach France;https://www.piscine-forbach.fr/;;;;;;;;;;
Piscine Olympique d’Amnéville;Centre des Loisirs 57360 Amnéville France;http://www.amneville-les-thermes.com/la-piscine-patinoire;;;;;;;;;;
Piscine Olympique de Deauville;Bd de la Mer 14800 Deauville France;https://www.indeauville.fr/la-piscine-olympique-deau-de-mer;;;;;;;;;;
Piscine Olympique Dijon Métropole;12 Rue Alain Bombard 21000 Dijon France;https://nager-grimper.metropole-dijon.fr/;;;;;;;;;;
Piscine Olympique Municipale;17 Pl. Charles de Gaulle 92400 Courbevoie France;https://www.ville-courbevoie.fr/2779/piscine-olympique-municipale-de-courbevoie.htm;;;;;;;;;;
Piscine olympique Raymond Sommet;35 Bd Jules Janin 42000 Saint-Étienne France;https://www.saint-etienne.fr/les-piscines-stephanoises?utm_source=gmb;;;;;;;;;;
Piscine Ophéa;Rue de la Fosse Malard 22800 Quintin France;https://www.saintbrieuc-armor-agglo.bzh/sortir-et-decouvrir/faire-du-sport/les-piscines/la-piscine-ophea;;;;;;;;;;
Piscine Origami;196 Av. de l'Hippodrome 69140 Rillieux-la-Pape France;http://piscine-origami.fr/;;;;;;;;;;
Piscine O'Solaire;34 Av. des Platanes 79330 Saint-Varent France;https://saintvarent.fr/services-de-la-commune/piscine/;;;;;;;;;;
Piscine Oxygène;65 Chem. de St Quentin 62450 Bapaume France;;;;;;;;;;;
Piscine Paese di Lava;1028 Strada Di U Paese Di Lava 20167 Alata France;;;;;;;;;;;
Piscine Palaiseau;19 Rue Maximilien Robespierre 91120 Palaiseau France;;;;;;;;;;;
Piscine Papus;64 All. de Guyenne 31100 Toulouse France;https://metropole.toulouse.fr/annuaire/piscine-papus;;;;;;;;;;
Piscine Parc Frot;13 Rue Louis Braille 9 77100 Meaux France;https://www.agglo-paysdemeaux.fr/fr/sport/piscines/espace-aquatique-frot.html;;;;;;;;;;
Piscine Paris;4 Rue Louis Armand 75015 Paris France;https://www.paris.fr/lieux/piscines/tous-les-horaires;;;;;;;;;;
Piscine Parvis Cergy;Parv. de la Préfecture 95000 Cergy France;https://www.cergypontoise.fr/piscine-du-parvis;;;;;;;;;;
Piscine Paul Asseman;1 Pl. Paul Asseman 59140 Dunkerque France;https://www.ville-dunkerque.fr/decouvrir-sortir-bouger/sports/les-piscines;;;;;;;;;;
Piscine Paul Vaillant Couturier;All. des Marronniers 92000 Nanterre France;;;;;;;;;;;
Piscine Petit Bois;23 Bd des Crêtes 42170 Saint-Just-Saint-Rambert France;https://www.loireforez.fr/services-au-quotidien/sport/piscine-petitbois/;;;;;;;;;;
Piscine Pfaffenhoffen - VAL DE MODER;8 Pl. de la Piscine 67350 Val-de-Moder France;http://www.commune-valdemoder.fr/;;;;;;;;;;
Piscine Pierre Corneille;20a Av. Pierre Corneille 78170 La Celle-Saint-Cloud France;https://lacellesaintcloud.fr/sport/;;;;;;;;;;
Piscine Pierre de Coubertin;3 Rue de Verdun 54190 Villerupt France;https://www.ccphva.com/piscine;;;;;;;;;;
Piscine Pierre de Coubertin;922 Av. Raymond Pinchard 54100 Nancy France;https://www.grandnancy.eu/sortir-decouvrir/piscines/piscine-pierre-de-coubertin/;;;;;;;;;;
Piscine Pierre de Coubertin;10 Av. du Noyer Lambert 91300 Massy France;https://www.ville-massy.fr/sortir/envie-de-sport/;;;;;;;;;;
Piscine Pierre de Coubertin;90-104 Rue du Lieutenant Petit le Roy 94550 Chevilly-Larue France;https://www.ville-chevilly-larue.fr/vie-quotidienne/sport/piscine-municipale/;;;;;;;;;;
Piscine Pierre de Coubertin;6 Rue Pierre de Coubertin 76200 Dieppe France;;;;;;;;;;;
Piscine Pierre Poty;36 Rue Dr Poty 42100 Saint-Étienne France;https://www.saint-etienne.fr/les-piscines-stephanoises?utm_source=gmb;;;;;;;;;;
Piscine Pierre Williot;5 rue du Bas des Conches 95110 Sannois France;;;;;;;;;;;
Piscine Pitot;34000 Montpellier France;http://www.montpellier3m.fr/equipement/piscine-pitot;;;;;;;;;;
Piscine plein air;Sarrume 20167 Valle-di-Mezzana France;;;;;;;;;;;
Piscine Plein Air;28 Rte de Boersch 67210 Obernai France;https://www.lo-obernai.fr/espace-64-plein-air.html;;;;;;;;;;
Piscine Plein Air Cuiseaux;Av. des Tilleuls 71480 Cuiseaux France;http://bresselouhannaiseintercom.fr/;;;;;;;;;;
Piscine Plein Soleil;Chem. de l'Eiblen 68190 Ensisheim France;http://piscine.ensisheim.net/;;;;;;;;;;
Piscine Plein Soleil;Rue de Russelsheim 27000 Évreux France;https://www.evreuxportesdenormandie.fr/465-piscine-plein-soleil.htm;;;;;;;;;;
Piscine Plein Sud Lille;1 Bd Eugène Duthoit 59000 Lille France;http://www.lille.fr/Nos-equipements/Piscine-Plein-Sud;;;;;;;;;;
Piscine Pont du Casse;Lieu-dit Régadous 47480 Bajamont France;https://www.ville-pontducasse.fr/les-infrastructures-municipales/;;;;;;;;;;
Piscine Port-Joint;2 Av. de Chardonnet 25000 Besançon France;https://www.grandbesancon.fr/infos-pratiques/sports-loisirs/piscines/;;;;;;;;;;
Piscine pour les Résidents du Clos de Vic;2 Chem. des Bordes 34110 Vic-la-Gardiole France;;;;;;;;;;;
Piscine privée avec vue;1859 Rte de l'Honor de Cos 82130 Lafrançaise France;https://www.swimmy.fr/l/petite-piscine-au-sel-en-pleine-verdure-avec-vue/6a32da6e-d068-49c0-a615-3d8aa0824c13;;;;;;;;;;
Piscine privée Domaine Barnave;32 Rue de Saint-Robert 38120 Saint-Égrève France;;;;;;;;;;;
Piscine privée du Club Belambra;56520 Guidel France;;;;;;;;;;;
Piscine Privée du Domaine des Baux;83520 Roquebrune-sur-Argens France;;;;;;;;;;;
Piscine privée exclusivement réservée aux résidents du Domaine de la Coudoulière;180 Av. du Lac 83140 Six-Fours-les-Plages France;;;;;;;;;;;
Piscine privée la fontaine;1 Rue Colette 78860 Saint-Nom-la-Bretèche France;;;;;;;;;;;
Piscine Propriano Corse Acqua Elec;Lieu dit Accillanaccia ( derriere cuisinella 20110 Propriano France;https://yvanremond.wixsite.com/corse-acqua-elec;;;;;;;;;;
Piscine publique de Sidi Bennour;Avenue Sidi Mohamed Ben Abdellah Sidi Bennour 24350 Maroc;;;;;;;;;;;
Piscine publique extérieure - L'Hospitalet-du-Larzac;39 Rue du Grand Chemin 12230 L'Hospitalet-du-Larzac France;;;;;;;;;;;
Piscine publique Illiers-Combray;D921 28120 Illiers-Combray France;;;;;;;;;;;
Piscine Rabat;X4P5+PVG de Rabat Piscine Municipale Urban Sand Volley a proximité de la Grande Av. Moustapha Assayeh Rabat Maroc;;;;;;;;;;;
Piscine Ranson;Esp. Jacques Vendroux 62100 Calais France;https://www.grandcalais.fr/complexe-iceo/la-piscine-ranson/;;;;;;;;;;
Piscine Regis Fermier;Av. le Corbusier 51470 Saint-Memmie France;;;;;;;;;;;
Piscine René Magnac;121 Av. de Mazargues 13008 Marseille France;https://www.marseille.fr/sports-loisirs/equipements-sportifs/piscines-municipales;;;;;;;;;;
Piscine René Rousseau;Av. Jules Guesde 93240 Stains France;https://stains.fr/divertir/sport/piscine-municipale-rene-rousseau/;;;;;;;;;;
Piscine René Touzin;1 All. Jean Ferrat 91130 Ris-Orangis France;https://sortir.grandparissud.fr/equipements/piscine-rene-touzin;;;;;;;;;;
Piscine René Vroonhove (Les Canetons);1 Rue de la Feutrerie 59245 Recquignies France;http://www.agglo-maubeugevaldesambre.fr/au-quotidien/les-piscines/boussois-recquignies/;;;;;;;;;;
Piscine R-Mulinghausen;202 Av. du Maréchal de Lattre de Tassigny 93260 Les Lilas France;https://www.est-ensemble.fr/piscine-mulinghausen-aux-lilas;;;;;;;;;;
Piscine Robert Belvaux;113 Bd d'Alsace Lorraine 94170 Le Perreux-sur-Marne France;http://piscine-du-perreux.elisath.fr/;;;;;;;;;;
Piscine Robert Esquirol Cap Coudalere;Bd Guadeloupe 66420 Le Barcarès France;https://capcoudalere.fr/activites-sport/;;;;;;;;;;
Piscine Robert Flavier;139 Route de l'Arboras 34130 34130 Lansargues France;http://www.paysdelor.fr/Pages/199_La-piscine-Robert-Flavier.html;;;;;;;;;;
Piscine Robert Préault;Av. Hénin 77500 Chelles France;https://www.agglo-pvm.fr/pratique/les-piscines;;;;;;;;;;
Piscine Robert Taron;Rue Albert Camus 27120 Pacy-sur-Eure France;http://www.vert-marine.com/piscine-robert-taron;;;;;;;;;;
Piscine Roger Aveneau;12 Rue Larmeroux 92170 Vanves France;https://www.piscine.vanves.fr/;;;;;;;;;;
Piscine Roger Gladieux;13 Rue de Jonville 77310 Saint-Fargeau-Ponthierry France;https://www.saint-fargeau-ponthierry.fr/culture-et-sports/vie-sportive/piscine-municipale;;;;;;;;;;
Piscine Roger Le Gall;34 Bd Carnot 75012 Paris France;https://www.ucpa.com/centres-sportifs/piscine-roger-le-gall;;;;;;;;;;
Piscine Rosa Parks;3 Bd Gagarine 93390 Clichy-sous-Bois France;https://www.piscinerosaparks.fr/;;;;;;;;;;
Piscine Rouvet;1 Rue Rouvet 75019 Paris France;https://www.paris.fr/equipements/piscine-rouvet-2947;;;;;;;;;;
Piscine Saint Exupéry;11 Rue Pétrus Sambardier 69004 Lyon France;https://www.lyon.fr/lieu/piscines-hiver/piscine-saint-exupery;;;;;;;;;;
Piscine Saint Germain-des-Fossés (Robert Saigne);All. des Sports 03260 Saint-Germain-des-Fossés France;https://www.vichy-communaute.fr/piscine-de-saint-germain-fosses/;;;;;;;;;;
Piscine Saint Roch de Nice;17 Bd Pierre Semard 06300 Nice France;https://www.nice.fr/fr/sports/piscine-saint-roch;;;;;;;;;;
Piscine Saint Vulbas;6 Chem. de Champoussier 01150 Saint-Vulbas France;;;;;;;;;;;
Piscine Saint-Aubin-le-Cloud;Rue de la Piscine 79450 Saint-Aubin-le-Cloud France;https://piscines.cc-parthenay-gatine.fr/;;;;;;;;;;
Piscine Saint-Augustin de Nice;2 Rue de la Santoline 06200 Nice France;https://www.nice.fr/fr/sports/piscine-saint-augustin;;;;;;;;;;
Piscine Saint-Exupéry;7 Rue Roland le Nestour 78300 Poissy France;https://gpseo.fr/actu-piscines;;;;;;;;;;
Piscine Saint-François;Pl. Saint-François 06300 Nice France;https://www.nice.fr/fr/sports/piscine-saint-francois;;;;;;;;;;
Piscine Saint-Georges;Piscine Saint-Georges 2 Rue Gambetta 35000 Rennes France;https://culture-sport.metropole.rennes.fr/organisations/piscine-saint-georges/;;;;;;;;;;
Piscine Saint-Germain;12 Rue Lobineau 75006 Paris France;https://www.paris.fr/lieux/piscine-saint-germain-2919;;;;;;;;;;
Piscine Saint-Jean-d'Hermine;Rte de la Rochelle 85210 Saint-Jean-d'Hermine France;https://saintjeandhermine.fr/la-ville/equipements-publics/espace-aquatique/;;;;;;;;;;
Piscine Saint-Marc;45 Rue Maurice Piquemal 29200 Brest France;https://brest.fr/decouvrir-sortir/faire-du-sport/les-piscines-de-brest-metropole;;;;;;;;;;
Piscine Saint-Pol sur Ternoise;180 Rue d'Hesdin 62130 Gauchin-Verloingt France;https://www.saintpolsurternoise.fr/actualites/reouverture-piscine-d37b1d25-f20a-4eba-9bd7-eaff6d10b261;;;;;;;;;;
Piscine Satory;38 Rue de la Martinière 78000 Versailles France;http://www.snversailles.fr/index.php?option=com_content&view=article&id=529&Itemid=185;;;;;;;;;;
Piscine sauna Dinan;25 Rue Capitaine Hesry 22100 Dinan France;;;;;;;;;;;
Piscine Scolaire Balzac;118 Bd Bessières 75017 Paris France;https://www.paris.fr/lieux/bassin-ecole-du-lycee-honore-de-balzac-2957;;;;;;;;;;
Piscine Sébastien Mongey;Pl. des Meuniers 85440 Grosbreuil France;https://www.everblue.com/concessionnaires/everblue-les-sables-dolonne/;;;;;;;;;;
Piscine Sébastien Rouault-Andrésy;57 Av. des Robaresses 78570 Andrésy France;https://gpseo.fr/sortir/billetterie/sports/piscine-sebastien-rouault-andresy;;;;;;;;;;
Piscine Serge Buttet;4 Rue Alfred de Musset 26100 Romans-sur-Isère France;https://www.valenceromansagglo.fr/loisirs/sports/piscines/piscine-serge-buttet-romans-sur-isere/;;;;;;;;;;
Piscine Services Provence - PSP;ZA DE LA MASSANE 35 Av. des Joncades Basses 13210 Saint-Rémy-de-Provence France;http://www.psp-piscine.com/;;;;;;;;;;
Piscine Sirénia;Ile du Rhin 68600 Vogelgrun France;https://cc-alsacerhinbrisach.fr/envie-de/sport/piscine/;;;;;;;;;;
Piscine Spa;1 Imp. des Cytises 85800 Givrand France;;;;;;;;;;;
Piscine St Auban;18 rue sainte claire deville st aubanAv. André Grabinski 04600 Château-Arnoux-Saint-Auban France;;;;;;;;;;;
Piscine St Laurent de Mure;9 Rue André Malraux 69720 Saint-Laurent-de-Mure France;http://www.simurois.fr/piscine;;;;;;;;;;
Piscine Sud;85310 Rives de l'Yon France;https://larochesuryon.fr/piscines/;;;;;;;;;;
Piscine Sully-forme;Imp. des Prés 45600 Sully-sur-Loire France;https://www.sullyforme.fr/;;;;;;;;;;
Piscine Suzanne Berlioux;10 Place de la Rotonde 75001 Paris France;https://www.piscine-berlioux.fr/;;;;;;;;;;
Piscine Suzanne Berlioux;17 Rue Jules Ferry 91260 Juvisy-sur-Orge France;https://www.grandorlyseinebievre.fr/piscine-suzanne-berlioux-juvisy-sur-orge;;;;;;;;;;
Piscine Swim forme;9 All. Joseph Touchais 49700 Doué-en-Anjou France;;;;;;;;;;;
Piscine Swim'tonyc;7 Rue Jean Rozé 35190 Tinténiac France;https://www.swim-tony-c.fr/;;;;;;;;;;
Piscine Technik;La Fevraie 37510 Villandry France;;;;;;;;;;;
Piscine tendance;3 Imp. Bellevue 51300 Soulanges France;;;;;;;;;;;
Piscine Thérèse et Jeanne Brulé;1 Pl. Édith Thomas 75014 Paris France;https://www.piscine-brule.com/;;;;;;;;;;
Piscine Tournesol;1 Rue Maryse Bastié 65000 Tarbes France;https://www.piscines.agglo-tlp.fr/piscine-tournesol;;;;;;;;;;
Piscine Tournesol;Bd des Amériques 50400 Granville France;;;;;;;;;;;
Piscine Tournesol;104 Rte de Villemomble 93140 Bondy France;https://www.est-ensemble.fr/piscine-tournesol-bondy;;;;;;;;;;
Piscine Tournesol;Rue Samuel de Champlain 41000 Blois France;https://www.agglopolys.fr/845-piscines.htm?utm_source=gmb;;;;;;;;;;
Piscine Tournesol Beausoleil;Rue Charles Bourseul 59500 Douai France;https://www.douai.fr/piscine-beausoleil;;;;;;;;;;
Piscine Tournesol de Nemours;3 Rue Jules Verne 77140 Nemours France;https://fr-fr.facebook.com/piscinetournesol/;;;;;;;;;;
Piscine Tournesol d'Hellemmes;19 Rue du Progrès 59260 Lille France;http://www.hellemmes.fr/;;;;;;;;;;
Piscine Tournesol François Ménard;Rue de Roubaix 62217 Achicourt France;http://www.ville-achicourt.fr/Services-en-ligne/Annuaire-des-equipements/Piscine-Municipale;;;;;;;;;;
Piscine Tradi Concept;467 Rue de la Grande Verchère 69730 Genay France;http://www.corp-pro-construction.fr/;;;;;;;;;;
Piscine Trelaze;100 Av. de la République 49800 Trélazé France;https://www.trelaze.fr/lieux/piscine-municipale;;;;;;;;;;
Piscine Universitaire de Talence;2 All. Pierre de Coubertin 33400 Talence France;https://operation-campus.u-bordeaux.fr/Renover-l-immobilier/Sur-le-campus-Pessac-Talence-Gradignan/Plaines-des-sports/Plaine-des-sports-Monadey/Piscine-universitaire;;;;;;;;;;
Piscine Université Paris Nanterre;200 Av. de la République 92000 Nanterre France;https://suaps.parisnanterre.fr/la-piscine;;;;;;;;;;
Piscine Ustou;09140 Ustou France;;;;;;;;;;;
Piscine Val d'Allier Comté;Rue du Vignolat-Longues 63270 Vic-le-Comte France;http://urlr.me/ZSxub2;;;;;;;;;;
Piscine Valdeblore;La Bretelle 06420 Valdeblore France;http://piscine-valdeblore.fr/;;;;;;;;;;
Piscine varennes;Parc Mauregard 03150 Varennes-sur-Allier France;;;;;;;;;;;
Piscine Varilhes;09120 Varilhes France;;;;;;;;;;;
Piscine Victor Fouillade;Rue Jean Bouin 45000 Orléans France;http://www.orleansmetropolis.com/etablissement/15-piscine-victor-fouillade;;;;;;;;;;
Piscine Victor Jara de Rezé;5 Av. Léon Blum 44400 Rezé France;https://piscinevictorjara.elisath.fr/ELISATH_RESERVATION_WEB/FR/PAGE_VA_VenteArticles.php?PHPSESSID=uljqqg50je83o7mtjpoe33e863;;;;;;;;;;
Piscine Virginie Dedieu;205 Rte de Gardanne 13710 Fuveau France;https://ampmetropole.fr/#virginiededieu;;;;;;;;;;
Piscine Yves Moreau;45 Rue de Soulins 91800 Brunoy France;https://www.vyvs.fr/equipements/piscine/piscine-de-brunoy.html;;;;;;;;;;
Piscine Yvonne Godard;5/7 Rue Serpollet 75020 Paris France;http://www.piscine-godard.fr/;;;;;;;;;;
Piscine Zaki;WMCF+4C5 Berkane Maroc;;;;;;;;;;;
Piscine Zen & O Wattignies;2 Rue Gagarine 59139 Wattignies France;https://www.mairie-wattignies.com/zeno-piscine-et-bien-etre/;;;;;;;;;;
Piscineandco;179 Av. Sainte-Marguerite 06200 Nice France;;;;;;;;;;;
Piscin'Eauccitane;134 Rte de Saint-Gervais 30200 Bagnols-sur-Cèze France;;;;;;;;;;;
Piscines;Rue Luc Lorion 97410 Saint-Pierre-d'Irube France;;;;;;;;;;;
Piscines & Jardins - Mobilier d'extérieur;48 Rue de la Prée aux Ducs 85330 Noirmoutier-en-l'Île France;https://www.instagram.com/piscinesetjardins_noirmoutier?igsh=MTJqZm5hN2VtMnlkNQ==;;;;;;;;;;
